city,date,rate,district
Machilipatnam,2016-05-01,67.79,Andhra Pradesh
Machilipatnam,2016-05-17,68.84,Andhra Pradesh
Machilipatnam,2016-06-01,71.3,Andhra Pradesh
Machilipatnam,2016-06-15,71.4,Andhra Pradesh
Machilipatnam,2016-07-01,70.45,Andhra Pradesh
Machilipatnam,2016-07-15,68.18,Andhra Pradesh
Machilipatnam,2016-08-01,66.75,Andhra Pradesh
Machilipatnam,2016-08-15,65.78,Andhra Pradesh
Machilipatnam,2016-09-01,69.26,Andhra Pradesh
Machilipatnam,2016-09-15,70.04,Andhra Pradesh
Machilipatnam,2016-10-01,70.42,Andhra Pradesh
Machilipatnam,2016-10-05,70.54,Andhra Pradesh
Machilipatnam,2016-10-15,72.32,Andhra Pradesh
Machilipatnam,2016-11-06,73.63,Andhra Pradesh
Machilipatnam,2016-11-16,71.85,Andhra Pradesh
Machilipatnam,2016-12-01,72.03,Andhra Pradesh
Machilipatnam,2016-12-17,74.96,Andhra Pradesh
Machilipatnam,2017-01-01,76.67,Andhra Pradesh
Machilipatnam,2017-01-16,77.22,Andhra Pradesh
Machilipatnam,2017-02-23,77.02,Andhra Pradesh
Machilipatnam,2017-04-01,72.61,Andhra Pradesh
Machilipatnam,2017-04-16,74.44,Andhra Pradesh
Machilipatnam,2017-05-01,74.45,Andhra Pradesh
Machilipatnam,2017-05-16,71.62,Andhra Pradesh
Machilipatnam,2017-06-01,73.26,Andhra Pradesh
Machilipatnam,2017-06-16,71.65,Andhra Pradesh
Machilipatnam,2017-06-19,70.8,Andhra Pradesh
Machilipatnam,2017-06-21,70.7,Andhra Pradesh
Machilipatnam,2017-06-26,69.67,Andhra Pradesh
Machilipatnam,2017-06-30,69.42,Andhra Pradesh
Machilipatnam,2017-07-03,69.2,Andhra Pradesh
Machilipatnam,2017-07-10,69.93,Andhra Pradesh
Machilipatnam,2017-07-13,77.36,Andhra Pradesh
Machilipatnam,2017-07-17,70.28,Andhra Pradesh
Machilipatnam,2017-07-24,70.67,Andhra Pradesh
Machilipatnam,2017-08-01,71.34,Andhra Pradesh
Machilipatnam,2017-08-07,72.64,Andhra Pradesh
Machilipatnam,2017-08-14,73.96,Andhra Pradesh
Machilipatnam,2017-08-21,74.57,Andhra Pradesh
Machilipatnam,2017-08-28,75.14,Andhra Pradesh
Machilipatnam,2017-09-04,75.65,Andhra Pradesh
Machilipatnam,2017-09-11,76.34,Andhra Pradesh
Machilipatnam,2017-09-19,76.56,Andhra Pradesh
Machilipatnam,2017-09-25,76.45,Andhra Pradesh
Machilipatnam,2017-10-03,76.92,Andhra Pradesh
Machilipatnam,2017-10-04,74.35,Andhra Pradesh
Machilipatnam,2017-10-09,74.42,Andhra Pradesh
Machilipatnam,2017-10-16,74.26,Andhra Pradesh
Machilipatnam,2017-10-24,74.58,Andhra Pradesh
Machilipatnam,2017-10-30,75.06,Andhra Pradesh
Machilipatnam,2017-11-06,75.78,Andhra Pradesh
Machilipatnam,2017-11-13,75.84,Andhra Pradesh
Machilipatnam,2017-11-20,75.57,Andhra Pradesh
Machilipatnam,2017-11-27,75.33,Andhra Pradesh
Machilipatnam,2017-12-05,75.3,Andhra Pradesh
Machilipatnam,2017-12-11,75.17,Andhra Pradesh
Machilipatnam,2017-12-18,75.24,Andhra Pradesh
Machilipatnam,2017-12-26,75.69,Andhra Pradesh
Machilipatnam,2018-01-01,76.04,Andhra Pradesh
Machilipatnam,2018-01-02,76.48,Andhra Pradesh
Machilipatnam,2018-01-05,76.06,Andhra Pradesh
Machilipatnam,2018-01-08,76.51,Andhra Pradesh
Machilipatnam,2018-01-09,76.56,Andhra Pradesh
Machilipatnam,2018-01-10,76.63,Andhra Pradesh
Machilipatnam,2018-01-11,76.67,Andhra Pradesh
Machilipatnam,2018-01-12,76.73,Andhra Pradesh
Machilipatnam,2018-01-15,77.19,Andhra Pradesh
Machilipatnam,2018-01-16,77.28,Andhra Pradesh
Machilipatnam,2018-01-17,77.4,Andhra Pradesh
Machilipatnam,2018-01-18,77.58,Andhra Pradesh
Machilipatnam,2018-01-19,77.72,Andhra Pradesh
Machilipatnam,2018-01-22,78.27,Andhra Pradesh
Machilipatnam,2018-01-23,78.42,Andhra Pradesh
Machilipatnam,2018-01-24,78.47,Andhra Pradesh
Machilipatnam,2018-01-25,78.53,Andhra Pradesh
Machilipatnam,2018-01-29,78.89,Andhra Pradesh
Machilipatnam,2018-01-30,78.98,Andhra Pradesh
Machilipatnam,2018-02-01,79.11,Andhra Pradesh
Machilipatnam,2018-02-02,79.16,Andhra Pradesh
Machilipatnam,2018-02-05,79.38,Andhra Pradesh
Machilipatnam,2018-02-06,79.45,Andhra Pradesh
Machilipatnam,2018-02-08,79.44,Andhra Pradesh
Machilipatnam,2018-02-09,79.42,Andhra Pradesh
Machilipatnam,2018-02-12,79.07,Andhra Pradesh
Machilipatnam,2018-02-13,79.0,Andhra Pradesh
Machilipatnam,2018-02-15,78.84,Andhra Pradesh
Machilipatnam,2018-02-16,78.56,Andhra Pradesh
Machilipatnam,2018-02-19,77.95,Andhra Pradesh
Machilipatnam,2018-02-20,77.75,Andhra Pradesh
Machilipatnam,2018-02-21,77.74,Andhra Pradesh
Machilipatnam,2018-02-22,77.72,Andhra Pradesh
Machilipatnam,2018-02-23,77.63,Andhra Pradesh
Machilipatnam,2018-02-26,77.55,Andhra Pradesh
Machilipatnam,2018-02-27,77.53,Andhra Pradesh
Machilipatnam,2018-03-01,77.66,Andhra Pradesh
Machilipatnam,2018-03-02,77.85,Andhra Pradesh
Machilipatnam,2018-03-05,78.43,Andhra Pradesh
Machilipatnam,2018-03-06,78.5,Andhra Pradesh
Machilipatnam,2018-03-09,78.55,Andhra Pradesh
Machilipatnam,2018-03-12,78.57,Andhra Pradesh
Machilipatnam,2018-03-13,78.59,Andhra Pradesh
Machilipatnam,2018-03-15,78.57,Andhra Pradesh
Machilipatnam,2018-03-16,78.48,Andhra Pradesh
Machilipatnam,2018-03-19,78.3,Andhra Pradesh
Machilipatnam,2018-03-20,78.31,Andhra Pradesh
Machilipatnam,2018-03-22,78.37,Andhra Pradesh
Machilipatnam,2018-03-23,78.41,Andhra Pradesh
Machilipatnam,2018-03-26,78.92,Andhra Pradesh
Machilipatnam,2018-03-27,79.03,Andhra Pradesh
Machilipatnam,2018-03-29,79.21,Andhra Pradesh
Machilipatnam,2018-03-30,79.45,Andhra Pradesh
Machilipatnam,2018-04-02,79.96,Andhra Pradesh
Machilipatnam,2018-04-03,80.1,Andhra Pradesh
Machilipatnam,2018-04-05,80.13,Andhra Pradesh
Machilipatnam,2018-04-09,80.14,Andhra Pradesh
Machilipatnam,2018-04-10,80.13,Andhra Pradesh
Machilipatnam,2018-04-12,80.09,Andhra Pradesh
Machilipatnam,2018-04-13,80.06,Andhra Pradesh
Machilipatnam,2018-04-16,80.17,Andhra Pradesh
Machilipatnam,2018-04-19,80.22,Andhra Pradesh
Machilipatnam,2018-04-20,80.23,Andhra Pradesh
Machilipatnam,2018-04-23,80.66,Andhra Pradesh
Machilipatnam,2018-04-24,80.8,Andhra Pradesh
Machilipatnam,2018-05-14,81.0,Andhra Pradesh
Machilipatnam,2018-05-15,81.15,Andhra Pradesh
Machilipatnam,2018-05-16,81.31,Andhra Pradesh
Machilipatnam,2018-05-17,81.54,Andhra Pradesh
Machilipatnam,2018-05-18,81.0,Andhra Pradesh
Machilipatnam,2018-05-21,82.82,Andhra Pradesh
Machilipatnam,2018-05-22,83.13,Andhra Pradesh
Machilipatnam,2018-05-23,83.44,Andhra Pradesh
Machilipatnam,2018-05-24,83.75,Andhra Pradesh
Machilipatnam,2018-05-25,84.12,Andhra Pradesh
Machilipatnam,2018-05-26,84.26,Andhra Pradesh
Machilipatnam,2018-05-27,84.42,Andhra Pradesh
Machilipatnam,2018-05-28,84.57,Andhra Pradesh
Machilipatnam,2018-05-29,84.74,Andhra Pradesh
Machilipatnam,2018-05-31,84.65,Andhra Pradesh
Machilipatnam,2018-06-01,84.59,Andhra Pradesh
Machilipatnam,2018-06-02,84.5,Andhra Pradesh
Machilipatnam,2018-06-03,84.41,Andhra Pradesh
Machilipatnam,2018-06-04,84.25,Andhra Pradesh
Machilipatnam,2018-06-05,84.12,Andhra Pradesh
Machilipatnam,2018-06-06,84.01,Andhra Pradesh
Machilipatnam,2018-06-07,83.91,Andhra Pradesh
Machilipatnam,2018-06-08,83.7,Andhra Pradesh
Machilipatnam,2018-06-09,83.29,Andhra Pradesh
Machilipatnam,2018-06-10,83.04,Andhra Pradesh
Machilipatnam,2018-06-11,82.83,Andhra Pradesh
Machilipatnam,2018-06-12,82.68,Andhra Pradesh
Machilipatnam,2018-06-15,82.6,Andhra Pradesh
Machilipatnam,2018-06-19,82.51,Andhra Pradesh
Machilipatnam,2018-06-21,82.4,Andhra Pradesh
Machilipatnam,2018-06-22,82.26,Andhra Pradesh
Machilipatnam,2018-06-23,82.16,Andhra Pradesh
Machilipatnam,2018-06-24,82.02,Andhra Pradesh
Machilipatnam,2018-06-25,81.92,Andhra Pradesh
Machilipatnam,2018-06-26,81.77,Andhra Pradesh
Machilipatnam,2018-07-05,81.94,Andhra Pradesh
Machilipatnam,2018-07-06,82.08,Andhra Pradesh
Machilipatnam,2018-07-09,82.61,Andhra Pradesh
Machilipatnam,2018-07-10,82.78,Andhra Pradesh
Machilipatnam,2018-07-12,82.84,Andhra Pradesh
Machilipatnam,2018-07-13,83.02,Andhra Pradesh
Machilipatnam,2018-07-16,83.1,Andhra Pradesh
Machilipatnam,2018-07-20,82.94,Andhra Pradesh
Machilipatnam,2018-07-23,82.61,Andhra Pradesh
Machilipatnam,2018-07-24,82.54,Andhra Pradesh
Machilipatnam,2018-07-30,82.56,Andhra Pradesh
Machilipatnam,2018-07-31,82.62,Andhra Pradesh
Machilipatnam,2018-08-02,82.77,Andhra Pradesh
Machilipatnam,2018-08-03,82.84,Andhra Pradesh
Machilipatnam,2018-08-06,83.33,Andhra Pradesh
Machilipatnam,2018-08-07,83.42,Andhra Pradesh
Machilipatnam,2018-08-13,83.5,Andhra Pradesh
Machilipatnam,2018-08-16,83.55,Andhra Pradesh
Machilipatnam,2018-08-20,83.86,Andhra Pradesh
Machilipatnam,2018-08-21,83.96,Andhra Pradesh
Machilipatnam,2018-08-24,84.05,Andhra Pradesh
Machilipatnam,2018-08-25,76.31,Andhra Pradesh
Machilipatnam,2018-08-26,76.4,Andhra Pradesh
Machilipatnam,2018-08-27,84.3,Andhra Pradesh
Machilipatnam,2018-08-28,84.44,Andhra Pradesh
Machilipatnam,2018-08-29,84.57,Andhra Pradesh
Machilipatnam,2018-08-30,84.7,Andhra Pradesh
Machilipatnam,2018-08-31,84.92,Andhra Pradesh
Machilipatnam,2018-09-03,85.61,Andhra Pradesh
Machilipatnam,2018-09-04,85.78,Andhra Pradesh
Machilipatnam,2018-09-06,85.98,Andhra Pradesh
Machilipatnam,2018-09-07,86.48,Andhra Pradesh
Machilipatnam,2018-09-10,87.24,Andhra Pradesh
Machilipatnam,2018-09-11,85.37,Andhra Pradesh
Machilipatnam,2018-09-13,85.5,Andhra Pradesh
Machilipatnam,2018-09-14,85.79,Andhra Pradesh
Machilipatnam,2018-09-15,86.15,Andhra Pradesh
Machilipatnam,2018-09-16,86.44,Andhra Pradesh
Machilipatnam,2018-09-17,86.59,Andhra Pradesh
Machilipatnam,2018-09-18,86.69,Andhra Pradesh
Machilipatnam,2018-09-20,86.76,Andhra Pradesh
Machilipatnam,2018-09-21,86.86,Andhra Pradesh
Machilipatnam,2018-09-23,87.14,Andhra Pradesh
Machilipatnam,2018-09-24,87.26,Andhra Pradesh
Machilipatnam,2018-09-25,87.4,Andhra Pradesh
Machilipatnam,2018-09-27,87.54,Andhra Pradesh
Machilipatnam,2018-09-28,87.77,Andhra Pradesh
Machilipatnam,2018-09-30,88.05,Andhra Pradesh
Machilipatnam,2018-10-01,88.28,Andhra Pradesh
Machilipatnam,2018-10-02,88.39,Andhra Pradesh
Machilipatnam,2018-10-04,88.53,Andhra Pradesh
Machilipatnam,2018-10-05,85.96,Andhra Pradesh
Machilipatnam,2018-10-06,86.15,Andhra Pradesh
Machilipatnam,2018-10-07,86.29,Andhra Pradesh
Machilipatnam,2018-10-08,86.51,Andhra Pradesh
Machilipatnam,2018-10-09,86.74,Andhra Pradesh
Machilipatnam,2018-10-11,86.85,Andhra Pradesh
Machilipatnam,2018-10-12,86.97,Andhra Pradesh
Machilipatnam,2018-10-13,87.15,Andhra Pradesh
Machilipatnam,2018-10-14,87.22,Andhra Pradesh
Machilipatnam,2018-10-16,87.33,Andhra Pradesh
Machilipatnam,2018-10-19,86.87,Andhra Pradesh
Machilipatnam,2018-10-20,86.47,Andhra Pradesh
Machilipatnam,2018-10-22,85.9,Andhra Pradesh
Machilipatnam,2018-10-23,85.8,Andhra Pradesh
Machilipatnam,2018-10-24,85.7,Andhra Pradesh
Machilipatnam,2018-10-25,85.55,Andhra Pradesh
Machilipatnam,2018-10-26,85.29,Andhra Pradesh
Machilipatnam,2018-10-29,84.16,Andhra Pradesh
Machilipatnam,2018-10-30,83.95,Andhra Pradesh
Machilipatnam,2018-11-01,83.77,Andhra Pradesh
Machilipatnam,2018-11-02,83.63,Andhra Pradesh
Machilipatnam,2018-11-05,83.02,Andhra Pradesh
Machilipatnam,2018-11-06,82.88,Andhra Pradesh
Machilipatnam,2018-11-12,81.99,Andhra Pradesh
Machilipatnam,2018-11-13,81.86,Andhra Pradesh
Machilipatnam,2018-11-15,81.7,Andhra Pradesh
Machilipatnam,2018-11-16,81.52,Andhra Pradesh
Machilipatnam,2018-11-19,80.92,Andhra Pradesh
Machilipatnam,2018-11-20,80.78,Andhra Pradesh
Machilipatnam,2018-11-22,80.36,Andhra Pradesh
Machilipatnam,2018-11-23,79.95,Andhra Pradesh
Machilipatnam,2018-11-26,78.83,Andhra Pradesh
Machilipatnam,2018-11-27,78.4,Andhra Pradesh
Machilipatnam,2018-11-28,77.89,Andhra Pradesh
Machilipatnam,2018-11-29,77.55,Andhra Pradesh
Machilipatnam,2018-11-30,77.17,Andhra Pradesh
Machilipatnam,2018-12-01,76.8,Andhra Pradesh
Machilipatnam,2018-12-02,76.48,Andhra Pradesh
Machilipatnam,2018-12-03,76.16,Andhra Pradesh
Machilipatnam,2018-12-04,75.94,Andhra Pradesh
Machilipatnam,2018-12-06,75.53,Andhra Pradesh
Machilipatnam,2018-12-07,75.12,Andhra Pradesh
Machilipatnam,2018-12-10,74.49,Andhra Pradesh
Machilipatnam,2018-12-11,74.33,Andhra Pradesh
Machilipatnam,2018-12-13,74.42,Andhra Pradesh
Machilipatnam,2018-12-17,74.67,Andhra Pradesh
Machilipatnam,2018-12-18,74.77,Andhra Pradesh
Machilipatnam,2018-12-21,74.59,Andhra Pradesh
Machilipatnam,2018-12-24,73.98,Andhra Pradesh
Machilipatnam,2018-12-25,73.9,Andhra Pradesh
Machilipatnam,2018-12-27,73.85,Andhra Pradesh
Machilipatnam,2018-12-28,73.66,Andhra Pradesh
Machilipatnam,2018-12-31,72.93,Andhra Pradesh
Machilipatnam,2019-01-02,72.82,Andhra Pradesh
Machilipatnam,2019-01-04,72.61,Andhra Pradesh
Machilipatnam,2019-01-07,72.67,Andhra Pradesh
Machilipatnam,2019-01-10,73.06,Andhra Pradesh
Machilipatnam,2019-01-11,73.26,Andhra Pradesh
Machilipatnam,2019-01-14,74.35,Andhra Pradesh
Machilipatnam,2019-01-16,74.55,Andhra Pradesh
Machilipatnam,2019-01-17,74.7,Andhra Pradesh
Machilipatnam,2019-01-18,74.78,Andhra Pradesh
Machilipatnam,2019-01-21,75.39,Andhra Pradesh
Machilipatnam,2019-01-22,75.52,Andhra Pradesh
Machilipatnam,2019-01-29,75.44,Andhra Pradesh
Machilipatnam,2019-01-31,75.33,Andhra Pradesh
Machilipatnam,2019-02-01,75.1,Andhra Pradesh
Machilipatnam,2019-02-05,74.59,Andhra Pradesh
Machilipatnam,2019-02-08,74.53,Andhra Pradesh
Machilipatnam,2019-02-11,74.47,Andhra Pradesh
Machilipatnam,2019-02-14,74.54,Andhra Pradesh
Machilipatnam,2019-02-15,74.61,Andhra Pradesh
Machilipatnam,2019-02-18,75.07,Andhra Pradesh
Machilipatnam,2019-02-19,75.17,Andhra Pradesh
Machilipatnam,2019-02-22,75.47,Andhra Pradesh
Machilipatnam,2019-02-25,75.76,Andhra Pradesh
Machilipatnam,2019-02-26,75.85,Andhra Pradesh
Machilipatnam,2019-02-28,75.93,Andhra Pradesh
Machilipatnam,2019-03-01,76.03,Andhra Pradesh
Machilipatnam,2019-03-04,76.4,Andhra Pradesh
Machilipatnam,2019-03-05,76.48,Andhra Pradesh
Machilipatnam,2019-03-11,76.7,Andhra Pradesh
Machilipatnam,2019-03-12,76.65,Andhra Pradesh
Machilipatnam,2019-03-14,76.72,Andhra Pradesh
Machilipatnam,2019-03-15,76.8,Andhra Pradesh
Machilipatnam,2019-03-18,77.03,Andhra Pradesh
Machilipatnam,2019-03-21,76.96,Andhra Pradesh
Machilipatnam,2019-03-22,77.01,Andhra Pradesh
Machilipatnam,2019-03-23,77.06,Andhra Pradesh
Machilipatnam,2019-03-24,77.12,Andhra Pradesh
Machilipatnam,2019-03-28,77.06,Andhra Pradesh
Machilipatnam,2019-04-01,77.14,Andhra Pradesh
Machilipatnam,2019-04-05,77.19,Andhra Pradesh
Machilipatnam,2019-04-08,77.13,Andhra Pradesh
Machilipatnam,2019-04-09,77.08,Andhra Pradesh
Machilipatnam,2019-04-12,77.14,Andhra Pradesh
Machilipatnam,2019-04-15,77.27,Andhra Pradesh
Machilipatnam,2019-04-16,77.21,Andhra Pradesh
Machilipatnam,2019-04-20,77.29,Andhra Pradesh
Machilipatnam,2019-04-22,77.23,Andhra Pradesh
Machilipatnam,2019-04-25,77.31,Andhra Pradesh
Machilipatnam,2019-04-27,77.37,Andhra Pradesh
Machilipatnam,2019-04-30,77.42,Andhra Pradesh
Machilipatnam,2019-05-02,77.33,Andhra Pradesh
Machilipatnam,2019-05-04,77.34,Andhra Pradesh
Machilipatnam,2019-05-05,77.28,Andhra Pradesh
Machilipatnam,2019-05-06,77.2,Andhra Pradesh
Machilipatnam,2019-05-09,77.04,Andhra Pradesh
Machilipatnam,2019-05-10,76.82,Andhra Pradesh
Machilipatnam,2019-05-11,76.33,Andhra Pradesh
Machilipatnam,2019-05-12,75.9,Andhra Pradesh
Machilipatnam,2019-05-13,75.59,Andhra Pradesh
Machilipatnam,2019-05-14,75.33,Andhra Pradesh
Machilipatnam,2019-05-17,75.25,Andhra Pradesh
Machilipatnam,2019-05-18,75.18,Andhra Pradesh
Machilipatnam,2019-05-20,75.27,Andhra Pradesh
Machilipatnam,2019-05-21,75.32,Andhra Pradesh
Machilipatnam,2019-05-23,75.4,Andhra Pradesh
Machilipatnam,2019-05-24,75.55,Andhra Pradesh
Machilipatnam,2019-05-25,75.69,Andhra Pradesh
Machilipatnam,2019-05-26,75.83,Andhra Pradesh
Machilipatnam,2019-05-27,75.94,Andhra Pradesh
Machilipatnam,2019-05-28,76.03,Andhra Pradesh
Machilipatnam,2019-05-30,75.97,Andhra Pradesh
Machilipatnam,2019-05-31,75.9,Andhra Pradesh
Machilipatnam,2019-06-01,75.93,Andhra Pradesh
Machilipatnam,2019-06-02,75.81,Andhra Pradesh
Machilipatnam,2019-06-03,75.6,Andhra Pradesh
Machilipatnam,2019-06-04,75.53,Andhra Pradesh
Machilipatnam,2019-06-06,75.36,Andhra Pradesh
Machilipatnam,2019-06-07,75.23,Andhra Pradesh
Machilipatnam,2019-06-10,74.7,Andhra Pradesh
Machilipatnam,2019-06-13,74.62,Andhra Pradesh
Machilipatnam,2019-06-14,74.45,Andhra Pradesh
Machilipatnam,2019-06-15,74.25,Andhra Pradesh
Machilipatnam,2019-06-16,74.19,Andhra Pradesh
Machilipatnam,2019-06-24,74.31,Andhra Pradesh
Machilipatnam,2019-06-27,74.38,Andhra Pradesh
Machilipatnam,2019-06-28,74.44,Andhra Pradesh
Machilipatnam,2019-06-29,74.55,Andhra Pradesh
Machilipatnam,2019-06-30,74.64,Andhra Pradesh
Machilipatnam,2019-07-01,74.74,Andhra Pradesh
Machilipatnam,2019-07-02,74.81,Andhra Pradesh
Machilipatnam,2019-07-06,77.33,Andhra Pradesh
Machilipatnam,2019-07-09,77.27,Andhra Pradesh
Machilipatnam,2019-07-13,77.36,Andhra Pradesh
Machilipatnam,2019-07-14,77.46,Andhra Pradesh
Machilipatnam,2019-07-15,77.59,Andhra Pradesh
Machilipatnam,2019-07-16,77.65,Andhra Pradesh
Machilipatnam,2019-07-18,77.74,Andhra Pradesh
Machilipatnam,2019-07-23,77.8,Andhra Pradesh
Machilipatnam,2019-07-25,77.74,Andhra Pradesh
Machilipatnam,2019-07-26,77.67,Andhra Pradesh
Machilipatnam,2019-07-27,77.62,Andhra Pradesh
Machilipatnam,2019-07-28,77.52,Andhra Pradesh
Machilipatnam,2019-07-29,77.36,Andhra Pradesh
Machilipatnam,2019-07-30,77.23,Andhra Pradesh
Machilipatnam,2019-08-01,77.17,Andhra Pradesh
Machilipatnam,2019-08-02,77.0,Andhra Pradesh
Machilipatnam,2019-08-03,76.93,Andhra Pradesh
Machilipatnam,2019-08-04,76.86,Andhra Pradesh
Machilipatnam,2019-08-05,76.71,Andhra Pradesh
Machilipatnam,2019-08-06,76.61,Andhra Pradesh
Machilipatnam,2019-08-08,76.56,Andhra Pradesh
Machilipatnam,2019-08-09,76.41,Andhra Pradesh
Machilipatnam,2019-08-11,76.31,Andhra Pradesh
Machilipatnam,2019-08-18,76.23,Andhra Pradesh
Machilipatnam,2019-08-19,76.16,Andhra Pradesh
Machilipatnam,2019-08-24,76.24,Andhra Pradesh
Machilipatnam,2019-08-25,76.31,Andhra Pradesh
Machilipatnam,2019-08-26,76.4,Andhra Pradesh
Machilipatnam,2019-08-27,76.4,Andhra Pradesh
Machilipatnam,2019-08-29,76.34,Andhra Pradesh
Machilipatnam,2019-09-05,76.31,Andhra Pradesh
Machilipatnam,2019-09-06,76.21,Andhra Pradesh
Machilipatnam,2019-09-07,76.12,Andhra Pradesh
Machilipatnam,2019-09-08,76.06,Andhra Pradesh
Machilipatnam,2019-09-10,76.11,Andhra Pradesh
Machilipatnam,2019-09-12,76.17,Andhra Pradesh
Machilipatnam,2019-09-13,76.24,Andhra Pradesh
Machilipatnam,2019-09-14,76.33,Andhra Pradesh
Machilipatnam,2019-09-15,76.39,Andhra Pradesh
Machilipatnam,2019-09-17,76.53,Andhra Pradesh
Machilipatnam,2019-09-18,76.79,Andhra Pradesh
Machilipatnam,2019-09-19,77.09,Andhra Pradesh
Machilipatnam,2019-09-20,77.45,Andhra Pradesh
Machilipatnam,2019-09-21,77.75,Andhra Pradesh
Machilipatnam,2019-09-22,78.03,Andhra Pradesh
Machilipatnam,2019-09-23,78.32,Andhra Pradesh
Machilipatnam,2019-09-24,78.55,Andhra Pradesh
Machilipatnam,2019-09-26,78.61,Andhra Pradesh
Machilipatnam,2019-09-27,78.77,Andhra Pradesh
Machilipatnam,2019-09-30,78.85,Andhra Pradesh
Machilipatnam,2019-10-01,79.15,Andhra Pradesh
Machilipatnam,2019-10-03,79.05,Andhra Pradesh
Machilipatnam,2019-10-04,78.86,Andhra Pradesh
Machilipatnam,2019-10-05,78.56,Andhra Pradesh
Machilipatnam,2019-10-07,78.27,Andhra Pradesh
Machilipatnam,2019-10-08,78.1,Andhra Pradesh
Machilipatnam,2019-10-10,78.05,Andhra Pradesh
Machilipatnam,2019-10-11,77.92,Andhra Pradesh
Machilipatnam,2019-10-12,77.82,Andhra Pradesh
Machilipatnam,2019-10-15,77.77,Andhra Pradesh
Machilipatnam,2019-10-22,77.72,Andhra Pradesh
Machilipatnam,2019-10-24,77.67,Andhra Pradesh
Machilipatnam,2019-10-25,77.55,Andhra Pradesh
Machilipatnam,2019-10-26,77.47,Andhra Pradesh
Machilipatnam,2019-10-29,77.41,Andhra Pradesh
Machilipatnam,2019-11-01,77.29,Andhra Pradesh
Machilipatnam,2019-11-02,77.21,Andhra Pradesh
Machilipatnam,2019-11-03,77.16,Andhra Pradesh
Machilipatnam,2019-11-04,77.07,Andhra Pradesh
Machilipatnam,2019-11-05,77.02,Andhra Pradesh
Machilipatnam,2019-11-08,77.12,Andhra Pradesh
Machilipatnam,2019-11-09,77.28,Andhra Pradesh
Machilipatnam,2019-11-10,77.48,Andhra Pradesh
Machilipatnam,2019-11-11,77.64,Andhra Pradesh
Machilipatnam,2019-11-13,77.74,Andhra Pradesh
Machilipatnam,2019-11-14,77.89,Andhra Pradesh
Machilipatnam,2019-11-15,78.08,Andhra Pradesh
Machilipatnam,2019-11-16,78.22,Andhra Pradesh
Machilipatnam,2019-11-17,78.35,Andhra Pradesh
Machilipatnam,2019-11-18,78.51,Andhra Pradesh
Machilipatnam,2019-11-19,78.67,Andhra Pradesh
Machilipatnam,2019-11-22,78.82,Andhra Pradesh
Machilipatnam,2019-11-23,78.91,Andhra Pradesh
Machilipatnam,2019-11-24,79.02,Andhra Pradesh
Machilipatnam,2019-11-25,79.14,Andhra Pradesh
Machilipatnam,2019-11-26,79.24,Andhra Pradesh
Machilipatnam,2019-11-29,79.29,Andhra Pradesh
Machilipatnam,2019-11-30,79.343,Andhra Pradesh
Machilipatnam,2019-12-01,79.47,Andhra Pradesh
Machilipatnam,2019-12-07,79.38,Andhra Pradesh
Machilipatnam,2019-12-08,79.47,Andhra Pradesh
Machilipatnam,2019-12-09,79.52,Andhra Pradesh
Machilipatnam,2019-12-10,79.53,Andhra Pradesh
Machilipatnam,2019-12-12,79.48,Andhra Pradesh
Machilipatnam,2019-12-13,79.42,Andhra Pradesh
Machilipatnam,2019-12-14,79.36,Andhra Pradesh
Machilipatnam,2019-12-15,79.26,Andhra Pradesh
Machilipatnam,2019-12-16,79.21,Andhra Pradesh
Machilipatnam,2019-12-17,79.16,Andhra Pradesh
Machilipatnam,2019-12-19,79.15,Andhra Pradesh
Machilipatnam,2019-12-26,79.2,Andhra Pradesh
Machilipatnam,2019-12-27,79.26,Andhra Pradesh
Machilipatnam,2019-12-29,79.41,Andhra Pradesh
Machilipatnam,2019-12-30,79.57,Andhra Pradesh
Machilipatnam,2019-12-31,79.67,Andhra Pradesh
Machilipatnam,2020-01-02,79.81,Andhra Pradesh
Machilipatnam,2020-01-03,79.91,Andhra Pradesh
Machilipatnam,2020-01-04,80.01,Andhra Pradesh
Machilipatnam,2020-01-05,80.1,Andhra Pradesh
Machilipatnam,2020-01-06,80.26,Andhra Pradesh
Machilipatnam,2020-01-07,80.41,Andhra Pradesh
Machilipatnam,2020-01-08,80.31,Andhra Pradesh
Machilipatnam,2020-01-09,80.38,Andhra Pradesh
Machilipatnam,2020-01-10,80.54,Andhra Pradesh
Machilipatnam,2020-01-11,80.59,Andhra Pradesh
Machilipatnam,2020-01-12,80.49,Andhra Pradesh
Machilipatnam,2020-01-13,80.37,Andhra Pradesh
Machilipatnam,2020-01-14,80.27,Andhra Pradesh
Machilipatnam,2020-01-16,80.11,Andhra Pradesh
Machilipatnam,2020-01-17,79.97,Andhra Pradesh
Machilipatnam,2020-01-18,79.82,Andhra Pradesh
Machilipatnam,2020-01-19,79.64,Andhra Pradesh
Machilipatnam,2020-01-20,79.53,Andhra Pradesh
Machilipatnam,2020-01-21,79.37,Andhra Pradesh
Machilipatnam,2020-01-22,79.37,Andhra Pradesh
Machilipatnam,2020-01-23,79.19,Andhra Pradesh
Machilipatnam,2020-01-24,78.97,Andhra Pradesh
Machilipatnam,2020-01-25,78.72,Andhra Pradesh
Machilipatnam,2020-01-26,78.42,Andhra Pradesh
Machilipatnam,2020-01-27,78.22,Andhra Pradesh
Machilipatnam,2020-01-28,78.11,Andhra Pradesh
Machilipatnam,2020-01-29,78.11,Andhra Pradesh
Machilipatnam,2020-01-30,77.87,Andhra Pradesh
Machilipatnam,2020-01-31,78.09,Andhra Pradesh
Machilipatnam,2020-02-01,77.95,Andhra Pradesh
Machilipatnam,2020-02-02,77.85,Andhra Pradesh
Machilipatnam,2020-02-03,77.79,Andhra Pradesh
Machilipatnam,2020-02-04,77.74,Andhra Pradesh
Machilipatnam,2020-02-05,77.74,Andhra Pradesh
Machilipatnam,2020-02-06,77.63,Andhra Pradesh
Machilipatnam,2020-02-07,77.41,Andhra Pradesh
Machilipatnam,2020-02-08,77.16,Andhra Pradesh
Machilipatnam,2020-02-09,76.93,Andhra Pradesh
Machilipatnam,2020-02-10,76.77,Andhra Pradesh
Machilipatnam,2020-02-11,76.6,Andhra Pradesh
Machilipatnam,2020-02-12,76.6,Andhra Pradesh
Machilipatnam,2020-02-13,76.6,Andhra Pradesh
Machilipatnam,2020-02-14,76.6,Andhra Pradesh
Machilipatnam,2020-02-15,76.6,Andhra Pradesh
Machilipatnam,2020-02-17,76.6,Andhra Pradesh
Machilipatnam,2020-02-18,76.54,Andhra Pradesh
Machilipatnam,2020-02-19,76.54,Andhra Pradesh
Machilipatnam,2020-02-20,76.54,Andhra Pradesh
Machilipatnam,2020-02-21,76.54,Andhra Pradesh
Machilipatnam,2020-02-24,76.67,Andhra Pradesh
Machilipatnam,2020-02-25,76.67,Andhra Pradesh
Machilipatnam,2020-02-26,76.67,Andhra Pradesh
Machilipatnam,2020-02-27,76.62,Andhra Pradesh
Machilipatnam,2020-02-28,76.62,Andhra Pradesh
Machilipatnam,2020-02-29,76.54,Andhra Pradesh
Machilipatnam,2020-03-01,76.89,Andhra Pradesh
Machilipatnam,2020-03-02,76.66,Andhra Pradesh
Machilipatnam,2020-03-03,76.61,Andhra Pradesh
Machilipatnam,2020-03-04,76.61,Andhra Pradesh
Machilipatnam,2020-03-05,76.45,Andhra Pradesh
Machilipatnam,2020-03-06,76.3,Andhra Pradesh
Machilipatnam,2020-03-07,76.18,Andhra Pradesh
Machilipatnam,2020-03-08,75.98,Andhra Pradesh
Machilipatnam,2020-03-09,75.73,Andhra Pradesh
Machilipatnam,2020-03-10,75.43,Andhra Pradesh
Machilipatnam,2020-03-11,75.43,Andhra Pradesh
Machilipatnam,2020-03-12,75.27,Andhra Pradesh
Machilipatnam,2020-03-13,75.13,Andhra Pradesh
Machilipatnam,2020-03-14,75.0,Andhra Pradesh
Machilipatnam,2020-03-15,74.87,Andhra Pradesh
Machilipatnam,2020-03-16,74.7,Andhra Pradesh
Machilipatnam,2020-03-17,74.7,Andhra Pradesh
Machilipatnam,2020-03-18,74.7,Andhra Pradesh
Machilipatnam,2020-03-19,74.7,Andhra Pradesh
Machilipatnam,2020-03-20,74.7,Andhra Pradesh
Machilipatnam,2020-03-21,74.7,Andhra Pradesh
Machilipatnam,2020-03-22,74.7,Andhra Pradesh
Machilipatnam,2020-03-23,74.7,Andhra Pradesh
Machilipatnam,2020-03-24,74.7,Andhra Pradesh
Machilipatnam,2020-03-25,74.7,Andhra Pradesh
Machilipatnam,2020-03-26,74.7,Andhra Pradesh
Machilipatnam,2020-03-27,74.7,Andhra Pradesh
Machilipatnam,2020-03-28,74.7,Andhra Pradesh
Machilipatnam,2020-03-29,74.7,Andhra Pradesh
Machilipatnam,2020-03-30,74.7,Andhra Pradesh
Machilipatnam,2020-03-31,74.7,Andhra Pradesh
Machilipatnam,2020-04-01,74.7,Andhra Pradesh
Machilipatnam,2020-04-02,74.7,Andhra Pradesh
Machilipatnam,2020-04-03,74.7,Andhra Pradesh
Machilipatnam,2020-04-04,74.7,Andhra Pradesh
Machilipatnam,2020-04-05,74.7,Andhra Pradesh
Machilipatnam,2020-04-06,74.7,Andhra Pradesh
Machilipatnam,2020-04-07,74.7,Andhra Pradesh
Machilipatnam,2020-04-08,74.7,Andhra Pradesh
Machilipatnam,2020-04-09,74.7,Andhra Pradesh
Machilipatnam,2020-04-10,74.7,Andhra Pradesh
Machilipatnam,2020-04-11,74.7,Andhra Pradesh
Machilipatnam,2020-04-12,74.7,Andhra Pradesh
Machilipatnam,2020-04-13,74.7,Andhra Pradesh
Machilipatnam,2020-04-14,74.7,Andhra Pradesh
Machilipatnam,2020-04-15,74.7,Andhra Pradesh
Machilipatnam,2020-04-16,74.7,Andhra Pradesh
Machilipatnam,2020-04-17,74.7,Andhra Pradesh
Machilipatnam,2020-04-18,74.7,Andhra Pradesh
Machilipatnam,2020-04-20,74.7,Andhra Pradesh
Machilipatnam,2020-04-21,74.7,Andhra Pradesh
Machilipatnam,2020-04-22,74.7,Andhra Pradesh
Machilipatnam,2020-04-23,74.7,Andhra Pradesh
Machilipatnam,2020-04-24,74.7,Andhra Pradesh
Machilipatnam,2020-04-25,74.7,Andhra Pradesh
Machilipatnam,2020-04-26,74.7,Andhra Pradesh
Machilipatnam,2020-04-27,74.7,Andhra Pradesh
Machilipatnam,2020-04-28,74.7,Andhra Pradesh
Machilipatnam,2020-04-29,74.7,Andhra Pradesh
Machilipatnam,2020-04-30,74.7,Andhra Pradesh
Machilipatnam,2020-05-01,74.7,Andhra Pradesh
Machilipatnam,2020-05-02,74.7,Andhra Pradesh
Machilipatnam,2020-05-03,74.7,Andhra Pradesh
Machilipatnam,2020-05-04,74.7,Andhra Pradesh
Machilipatnam,2020-05-05,74.7,Andhra Pradesh
Machilipatnam,2020-05-06,74.7,Andhra Pradesh
Machilipatnam,2020-05-07,74.7,Andhra Pradesh
Machilipatnam,2020-05-08,74.7,Andhra Pradesh
Machilipatnam,2020-05-09,74.7,Andhra Pradesh
Machilipatnam,2020-05-10,74.7,Andhra Pradesh
Machilipatnam,2020-05-11,74.7,Andhra Pradesh
Machilipatnam,2020-05-12,74.7,Andhra Pradesh
Machilipatnam,2020-05-13,74.7,Andhra Pradesh
Machilipatnam,2020-05-14,74.7,Andhra Pradesh
Machilipatnam,2020-05-15,74.7,Andhra Pradesh
Machilipatnam,2020-05-16,74.7,Andhra Pradesh
Machilipatnam,2020-05-17,74.7,Andhra Pradesh
Machilipatnam,2020-05-18,74.7,Andhra Pradesh
Machilipatnam,2020-05-19,74.7,Andhra Pradesh
Machilipatnam,2020-05-20,74.7,Andhra Pradesh
Machilipatnam,2020-05-21,74.7,Andhra Pradesh
Machilipatnam,2020-05-22,74.7,Andhra Pradesh
Machilipatnam,2020-05-23,74.7,Andhra Pradesh
Machilipatnam,2020-05-24,74.7,Andhra Pradesh
Machilipatnam,2020-05-25,74.7,Andhra Pradesh
Machilipatnam,2020-05-26,74.7,Andhra Pradesh
Machilipatnam,2020-05-27,74.7,Andhra Pradesh
Machilipatnam,2020-05-28,74.7,Andhra Pradesh
Machilipatnam,2020-05-29,74.7,Andhra Pradesh
Machilipatnam,2020-05-30,74.7,Andhra Pradesh
Machilipatnam,2020-05-31,74.7,Andhra Pradesh
Machilipatnam,2020-06-01,74.7,Andhra Pradesh
Machilipatnam,2020-06-02,74.7,Andhra Pradesh
Machilipatnam,2020-06-03,74.7,Andhra Pradesh
Machilipatnam,2020-06-04,74.7,Andhra Pradesh
Machilipatnam,2020-06-05,74.7,Andhra Pradesh
Machilipatnam,2020-06-06,74.7,Andhra Pradesh
Machilipatnam,2020-06-07,75.3,Andhra Pradesh
Machilipatnam,2020-06-08,75.9,Andhra Pradesh
Machilipatnam,2020-06-09,76.44,Andhra Pradesh
Machilipatnam,2020-06-10,76.84,Andhra Pradesh
Machilipatnam,2020-06-11,77.44,Andhra Pradesh
Machilipatnam,2020-06-12,78.04,Andhra Pradesh
Machilipatnam,2020-06-13,78.64,Andhra Pradesh
Machilipatnam,2020-06-14,79.24,Andhra Pradesh
Machilipatnam,2020-06-15,79.73,Andhra Pradesh
Machilipatnam,2020-06-16,80.2,Andhra Pradesh
Machilipatnam,2020-06-17,80.76,Andhra Pradesh
Machilipatnam,2020-06-18,81.29,Andhra Pradesh
Machilipatnam,2020-06-19,81.85,Andhra Pradesh
Machilipatnam,2020-06-20,82.36,Andhra Pradesh
Machilipatnam,2020-06-21,82.72,Andhra Pradesh
Machilipatnam,2020-06-22,83.05,Andhra Pradesh
Machilipatnam,2020-06-23,83.24,Andhra Pradesh
Machilipatnam,2020-06-24,83.24,Andhra Pradesh
Machilipatnam,2020-06-25,83.4,Andhra Pradesh
Machilipatnam,2020-06-26,83.62,Andhra Pradesh
Machilipatnam,2020-06-27,83.87,Andhra Pradesh
Machilipatnam,2020-06-28,83.87,Andhra Pradesh
Machilipatnam,2020-06-29,83.92,Andhra Pradesh
Machilipatnam,2020-06-30,83.92,Andhra Pradesh
Machilipatnam,2020-07-01,83.92,Andhra Pradesh
Machilipatnam,2020-07-02,83.92,Andhra Pradesh
Machilipatnam,2020-07-03,83.92,Andhra Pradesh
Machilipatnam,2020-07-04,83.92,Andhra Pradesh
Machilipatnam,2020-07-05,83.92,Andhra Pradesh
Machilipatnam,2020-07-06,83.92,Andhra Pradesh
Machilipatnam,2020-07-07,83.92,Andhra Pradesh
Machilipatnam,2020-07-08,83.92,Andhra Pradesh
Machilipatnam,2020-07-09,83.92,Andhra Pradesh
Machilipatnam,2020-07-10,83.92,Andhra Pradesh
Machilipatnam,2020-07-11,83.92,Andhra Pradesh
Machilipatnam,2020-07-12,83.92,Andhra Pradesh
Machilipatnam,2020-07-13,83.92,Andhra Pradesh
Machilipatnam,2020-07-15,83.92,Andhra Pradesh
Machilipatnam,2020-07-16,83.92,Andhra Pradesh
Machilipatnam,2020-07-17,84.06,Andhra Pradesh
Machilipatnam,2020-07-18,84.06,Andhra Pradesh
Machilipatnam,2020-07-19,84.06,Andhra Pradesh
Machilipatnam,2020-07-20,84.06,Andhra Pradesh
Machilipatnam,2020-07-21,84.06,Andhra Pradesh
Machilipatnam,2020-07-22,84.06,Andhra Pradesh
Machilipatnam,2020-07-23,84.06,Andhra Pradesh
Machilipatnam,2020-07-24,84.06,Andhra Pradesh
Machilipatnam,2020-07-25,85.31,Andhra Pradesh
Machilipatnam,2020-07-26,85.31,Andhra Pradesh
Machilipatnam,2020-07-27,85.31,Andhra Pradesh
Machilipatnam,2020-07-28,85.31,Andhra Pradesh
Machilipatnam,2020-07-29,85.31,Andhra Pradesh
Machilipatnam,2020-07-30,85.31,Andhra Pradesh
Machilipatnam,2020-07-31,85.31,Andhra Pradesh
Machilipatnam,2020-08-01,85.31,Andhra Pradesh
Machilipatnam,2020-08-02,85.31,Andhra Pradesh
Machilipatnam,2020-08-03,85.31,Andhra Pradesh
Machilipatnam,2020-08-04,85.31,Andhra Pradesh
Machilipatnam,2020-08-05,85.31,Andhra Pradesh
Machilipatnam,2020-08-06,85.31,Andhra Pradesh
Machilipatnam,2020-08-07,85.31,Andhra Pradesh
Machilipatnam,2020-08-08,85.31,Andhra Pradesh
Machilipatnam,2020-08-09,85.31,Andhra Pradesh
Machilipatnam,2020-08-10,85.31,Andhra Pradesh
Machilipatnam,2020-08-11,85.31,Andhra Pradesh
Machilipatnam,2020-08-12,85.31,Andhra Pradesh
Machilipatnam,2020-08-13,85.31,Andhra Pradesh
Machilipatnam,2020-08-14,85.31,Andhra Pradesh
Machilipatnam,2020-08-15,85.31,Andhra Pradesh
Machilipatnam,2020-08-16,85.54,Andhra Pradesh
Machilipatnam,2020-08-17,85.7,Andhra Pradesh
Machilipatnam,2020-08-18,85.86,Andhra Pradesh
Machilipatnam,2020-08-19,85.86,Andhra Pradesh
Machilipatnam,2020-08-20,85.97,Andhra Pradesh
Machilipatnam,2020-08-21,86.16,Andhra Pradesh
Machilipatnam,2020-08-22,86.32,Andhra Pradesh
Machilipatnam,2020-08-23,86.46,Andhra Pradesh
Machilipatnam,2020-08-24,86.59,Andhra Pradesh
Machilipatnam,2020-08-25,86.7,Andhra Pradesh
Machilipatnam,2020-08-26,86.7,Andhra Pradesh
Machilipatnam,2020-08-27,86.8,Andhra Pradesh
Machilipatnam,2020-08-28,86.91,Andhra Pradesh
Machilipatnam,2020-08-29,86.91,Andhra Pradesh
Machilipatnam,2020-08-30,87.0,Andhra Pradesh
Machilipatnam,2020-08-31,87.0,Andhra Pradesh
Machilipatnam,2020-09-01,87.05,Andhra Pradesh
Machilipatnam,2020-09-02,87.05,Andhra Pradesh
Machilipatnam,2020-09-03,87.05,Andhra Pradesh
Machilipatnam,2020-09-04,87.05,Andhra Pradesh
Machilipatnam,2020-09-05,87.05,Andhra Pradesh
Machilipatnam,2020-09-06,87.05,Andhra Pradesh
Machilipatnam,2020-09-07,87.05,Andhra Pradesh
Machilipatnam,2020-09-08,87.05,Andhra Pradesh
Machilipatnam,2020-09-09,87.05,Andhra Pradesh
Machilipatnam,2020-09-10,86.96,Andhra Pradesh
Machilipatnam,2020-09-11,86.96,Andhra Pradesh
Machilipatnam,2020-09-12,86.83,Andhra Pradesh
Machilipatnam,2020-09-13,86.83,Andhra Pradesh
Machilipatnam,2020-09-14,86.69,Andhra Pradesh
Machilipatnam,2020-09-15,86.52,Andhra Pradesh
Machilipatnam,2020-09-16,86.52,Andhra Pradesh
Machilipatnam,2020-09-17,86.37,Andhra Pradesh
Machilipatnam,2020-09-18,86.11,Andhra Pradesh
Machilipatnam,2020-09-19,87.43,Andhra Pradesh
Machilipatnam,2020-09-20,87.43,Andhra Pradesh
Machilipatnam,2020-09-21,87.43,Andhra Pradesh
Machilipatnam,2020-09-22,87.35,Andhra Pradesh
Machilipatnam,2020-09-23,87.35,Andhra Pradesh
Machilipatnam,2020-09-24,87.35,Andhra Pradesh
Machilipatnam,2020-09-25,87.35,Andhra Pradesh
Machilipatnam,2020-09-26,87.35,Andhra Pradesh
Machilipatnam,2020-09-27,87.35,Andhra Pradesh
Machilipatnam,2020-09-28,87.35,Andhra Pradesh
Machilipatnam,2020-09-29,87.35,Andhra Pradesh
Machilipatnam,2020-09-30,87.35,Andhra Pradesh
Machilipatnam,2020-10-01,87.35,Andhra Pradesh
Machilipatnam,2020-10-02,87.35,Andhra Pradesh
Machilipatnam,2020-10-03,87.35,Andhra Pradesh
Machilipatnam,2020-10-04,87.35,Andhra Pradesh
Machilipatnam,2020-10-05,87.35,Andhra Pradesh
Machilipatnam,2020-10-06,87.35,Andhra Pradesh
Machilipatnam,2020-10-07,87.35,Andhra Pradesh
Machilipatnam,2020-10-08,87.35,Andhra Pradesh
Machilipatnam,2020-10-09,87.35,Andhra Pradesh
Machilipatnam,2020-10-10,87.35,Andhra Pradesh
Machilipatnam,2020-10-11,87.35,Andhra Pradesh
Machilipatnam,2020-10-12,87.35,Andhra Pradesh
Machilipatnam,2020-10-13,87.35,Andhra Pradesh
Machilipatnam,2020-10-14,87.35,Andhra Pradesh
Machilipatnam,2020-10-15,87.35,Andhra Pradesh
Machilipatnam,2020-10-16,87.35,Andhra Pradesh
Machilipatnam,2020-10-17,87.35,Andhra Pradesh
Machilipatnam,2020-10-18,87.35,Andhra Pradesh
Machilipatnam,2020-10-19,87.35,Andhra Pradesh
Machilipatnam,2020-10-20,87.35,Andhra Pradesh
Machilipatnam,2020-10-21,87.35,Andhra Pradesh
Machilipatnam,2020-10-22,87.35,Andhra Pradesh
Machilipatnam,2020-10-23,87.35,Andhra Pradesh
Machilipatnam,2020-10-24,87.35,Andhra Pradesh
Machilipatnam,2020-10-25,87.35,Andhra Pradesh
Machilipatnam,2020-10-26,87.35,Andhra Pradesh
Machilipatnam,2020-10-27,87.35,Andhra Pradesh
Machilipatnam,2020-10-28,87.35,Andhra Pradesh
Machilipatnam,2020-10-29,87.35,Andhra Pradesh
Machilipatnam,2020-10-30,87.35,Andhra Pradesh
Machilipatnam,2020-10-31,87.35,Andhra Pradesh
Machilipatnam,2020-11-01,87.35,Andhra Pradesh
Machilipatnam,2020-11-02,87.35,Andhra Pradesh
Machilipatnam,2020-11-03,87.35,Andhra Pradesh
Machilipatnam,2020-11-04,87.35,Andhra Pradesh
Machilipatnam,2020-11-05,87.35,Andhra Pradesh
Machilipatnam,2020-11-06,87.35,Andhra Pradesh
Machilipatnam,2020-11-07,87.35,Andhra Pradesh
Machilipatnam,2020-11-08,87.35,Andhra Pradesh
Machilipatnam,2020-11-09,87.35,Andhra Pradesh
Machilipatnam,2020-11-10,87.35,Andhra Pradesh
Machilipatnam,2020-11-11,87.35,Andhra Pradesh
Machilipatnam,2020-11-12,87.35,Andhra Pradesh
Machilipatnam,2020-11-13,87.35,Andhra Pradesh
Machilipatnam,2020-11-14,87.35,Andhra Pradesh
Machilipatnam,2020-11-15,87.35,Andhra Pradesh
Machilipatnam,2020-11-16,87.35,Andhra Pradesh
Machilipatnam,2020-11-17,87.35,Andhra Pradesh
Machilipatnam,2020-11-18,87.35,Andhra Pradesh
Machilipatnam,2020-11-19,87.35,Andhra Pradesh
Machilipatnam,2020-11-20,87.57,Andhra Pradesh
Machilipatnam,2020-11-21,87.7,Andhra Pradesh
Machilipatnam,2020-11-22,87.75,Andhra Pradesh
Machilipatnam,2020-11-23,87.82,Andhra Pradesh
Machilipatnam,2020-11-24,87.88,Andhra Pradesh
Machilipatnam,2020-11-25,87.88,Andhra Pradesh
Machilipatnam,2020-11-26,87.99,Andhra Pradesh
Machilipatnam,2020-11-27,88.18,Andhra Pradesh
Machilipatnam,2020-11-28,88.43,Andhra Pradesh
Machilipatnam,2020-11-29,88.64,Andhra Pradesh
Machilipatnam,2020-11-30,88.64,Andhra Pradesh
Machilipatnam,2020-12-01,88.64,Andhra Pradesh
Machilipatnam,2020-12-02,88.79,Andhra Pradesh
Machilipatnam,2020-12-03,88.96,Andhra Pradesh
Machilipatnam,2020-12-04,89.16,Andhra Pradesh
Machilipatnam,2020-12-05,89.43,Andhra Pradesh
Machilipatnam,2020-12-06,89.71,Andhra Pradesh
Machilipatnam,2020-12-07,90.01,Andhra Pradesh
Machilipatnam,2020-12-08,90.01,Andhra Pradesh
Machilipatnam,2020-12-09,90.01,Andhra Pradesh
Machilipatnam,2020-12-10,90.01,Andhra Pradesh
Machilipatnam,2020-12-11,90.01,Andhra Pradesh
Machilipatnam,2020-12-12,90.01,Andhra Pradesh
Machilipatnam,2020-12-13,90.01,Andhra Pradesh
Machilipatnam,2020-12-14,90.01,Andhra Pradesh
Machilipatnam,2020-12-15,90.01,Andhra Pradesh
Machilipatnam,2020-12-16,90.01,Andhra Pradesh
Machilipatnam,2020-12-17,90.01,Andhra Pradesh
Machilipatnam,2020-12-18,90.01,Andhra Pradesh
Machilipatnam,2020-12-19,90.01,Andhra Pradesh
Machilipatnam,2020-12-20,90.01,Andhra Pradesh
Machilipatnam,2020-12-21,90.01,Andhra Pradesh
Machilipatnam,2020-12-22,90.01,Andhra Pradesh
Machilipatnam,2020-12-23,90.01,Andhra Pradesh
Machilipatnam,2020-12-24,90.01,Andhra Pradesh
Machilipatnam,2020-12-25,90.01,Andhra Pradesh
Machilipatnam,2020-12-26,90.01,Andhra Pradesh
Machilipatnam,2020-12-27,90.01,Andhra Pradesh
Machilipatnam,2020-12-28,90.01,Andhra Pradesh
Machilipatnam,2020-12-29,90.01,Andhra Pradesh
Machilipatnam,2020-12-30,90.01,Andhra Pradesh
Machilipatnam,2020-12-31,90.01,Andhra Pradesh
Machilipatnam,2021-01-01,90.01,Andhra Pradesh
Machilipatnam,2021-01-02,90.01,Andhra Pradesh
Machilipatnam,2021-01-03,90.01,Andhra Pradesh
Machilipatnam,2021-01-04,90.01,Andhra Pradesh
Machilipatnam,2021-01-05,90.01,Andhra Pradesh
Machilipatnam,2021-01-06,90.29,Andhra Pradesh
Machilipatnam,2021-01-07,90.55,Andhra Pradesh
Machilipatnam,2021-01-08,90.55,Andhra Pradesh
Machilipatnam,2021-01-09,90.55,Andhra Pradesh
Machilipatnam,2021-01-10,90.55,Andhra Pradesh
Machilipatnam,2021-01-11,90.55,Andhra Pradesh
Machilipatnam,2021-01-12,90.55,Andhra Pradesh
Machilipatnam,2021-01-13,90.8,Andhra Pradesh
Machilipatnam,2021-01-14,91.05,Andhra Pradesh
Machilipatnam,2021-01-15,91.05,Andhra Pradesh
Machilipatnam,2021-01-16,91.05,Andhra Pradesh
Machilipatnam,2021-01-17,91.05,Andhra Pradesh
Machilipatnam,2021-01-18,91.3,Andhra Pradesh
Machilipatnam,2021-01-19,91.55,Andhra Pradesh
Machilipatnam,2021-01-20,91.55,Andhra Pradesh
Machilipatnam,2021-01-21,91.55,Andhra Pradesh
Machilipatnam,2021-01-22,91.8,Andhra Pradesh
Machilipatnam,2021-01-23,92.05,Andhra Pradesh
Machilipatnam,2021-01-24,92.05,Andhra Pradesh
Machilipatnam,2021-01-25,92.05,Andhra Pradesh
Machilipatnam,2021-01-26,92.41,Andhra Pradesh
Machilipatnam,2021-01-27,92.66,Andhra Pradesh
Machilipatnam,2021-01-28,92.66,Andhra Pradesh
Machilipatnam,2021-01-29,92.66,Andhra Pradesh
Machilipatnam,2021-01-30,92.66,Andhra Pradesh
Machilipatnam,2021-01-31,92.66,Andhra Pradesh
Machilipatnam,2021-02-01,92.66,Andhra Pradesh
Machilipatnam,2021-02-02,92.66,Andhra Pradesh
Machilipatnam,2021-02-03,92.66,Andhra Pradesh
Machilipatnam,2021-02-04,92.95,Andhra Pradesh
Machilipatnam,2021-02-05,93.25,Andhra Pradesh
Machilipatnam,2021-02-06,93.25,Andhra Pradesh
Machilipatnam,2021-02-07,93.25,Andhra Pradesh
Machilipatnam,2021-02-08,93.25,Andhra Pradesh
Machilipatnam,2021-02-09,93.6,Andhra Pradesh
Machilipatnam,2021-02-10,93.9,Andhra Pradesh
Machilipatnam,2021-02-11,94.15,Andhra Pradesh
Machilipatnam,2021-02-12,94.44,Andhra Pradesh
Machilipatnam,2021-02-13,94.74,Andhra Pradesh
Machilipatnam,2021-02-14,95.04,Andhra Pradesh
Machilipatnam,2021-02-15,95.3,Andhra Pradesh
Machilipatnam,2021-02-16,95.6,Andhra Pradesh
Machilipatnam,2021-02-17,95.85,Andhra Pradesh
Machilipatnam,2021-02-18,96.19,Andhra Pradesh
Machilipatnam,2021-02-19,96.5,Andhra Pradesh
Machilipatnam,2021-02-20,96.9,Andhra Pradesh
Machilipatnam,2021-02-21,96.9,Andhra Pradesh
Machilipatnam,2021-02-22,96.9,Andhra Pradesh
Machilipatnam,2021-02-23,97.25,Andhra Pradesh
Machilipatnam,2021-02-24,97.25,Andhra Pradesh
Machilipatnam,2021-02-25,97.25,Andhra Pradesh
Machilipatnam,2021-02-26,97.25,Andhra Pradesh
Machilipatnam,2021-02-27,97.49,Andhra Pradesh
Machilipatnam,2021-02-28,97.49,Andhra Pradesh
Machilipatnam,2021-03-01,97.49,Andhra Pradesh
