city,date,rate,district
Kadapa,2016-04-16,66.01,Andhra Pradesh
Kadapa,2016-05-01,67.1,Andhra Pradesh
Kadapa,2016-05-17,67.96,Andhra Pradesh
Kadapa,2016-06-01,70.61,Andhra Pradesh
Kadapa,2016-06-15,70.72,Andhra Pradesh
Kadapa,2016-07-01,69.79,Andhra Pradesh
Kadapa,2016-07-15,67.48,Andhra Pradesh
Kadapa,2016-08-01,66.05,Andhra Pradesh
Kadapa,2016-08-15,65.02,Andhra Pradesh
Kadapa,2016-09-01,68.5,Andhra Pradesh
Kadapa,2016-09-15,69.29,Andhra Pradesh
Kadapa,2016-10-01,69.67,Andhra Pradesh
Kadapa,2016-10-05,69.78,Andhra Pradesh
Kadapa,2016-10-15,71.57,Andhra Pradesh
Kadapa,2016-11-06,72.85,Andhra Pradesh
Kadapa,2016-11-16,71.07,Andhra Pradesh
Kadapa,2016-12-01,71.24,Andhra Pradesh
Kadapa,2016-12-17,74.17,Andhra Pradesh
Kadapa,2017-01-01,75.88,Andhra Pradesh
Kadapa,2017-01-16,76.44,Andhra Pradesh
Kadapa,2017-04-01,71.99,Andhra Pradesh
Kadapa,2017-04-16,73.83,Andhra Pradesh
Kadapa,2017-05-01,73.85,Andhra Pradesh
Kadapa,2017-05-16,71.02,Andhra Pradesh
Kadapa,2017-06-01,72.65,Andhra Pradesh
Kadapa,2017-06-16,70.9,Andhra Pradesh
Kadapa,2017-06-19,70.05,Andhra Pradesh
Kadapa,2017-06-21,69.94,Andhra Pradesh
Kadapa,2017-06-26,68.91,Andhra Pradesh
Kadapa,2017-06-30,68.67,Andhra Pradesh
Kadapa,2017-07-03,68.45,Andhra Pradesh
Kadapa,2017-07-10,69.17,Andhra Pradesh
Kadapa,2017-07-13,76.52,Andhra Pradesh
Kadapa,2017-07-17,69.52,Andhra Pradesh
Kadapa,2017-07-24,69.91,Andhra Pradesh
Kadapa,2017-08-01,70.61,Andhra Pradesh
Kadapa,2017-08-07,71.91,Andhra Pradesh
Kadapa,2017-08-14,73.23,Andhra Pradesh
Kadapa,2017-08-21,73.84,Andhra Pradesh
Kadapa,2017-08-28,74.41,Andhra Pradesh
Kadapa,2017-09-04,74.92,Andhra Pradesh
Kadapa,2017-09-11,75.61,Andhra Pradesh
Kadapa,2017-09-19,75.83,Andhra Pradesh
Kadapa,2017-09-25,75.72,Andhra Pradesh
Kadapa,2017-10-03,76.19,Andhra Pradesh
Kadapa,2017-10-04,73.65,Andhra Pradesh
Kadapa,2017-10-09,74.36,Andhra Pradesh
Kadapa,2017-10-16,73.53,Andhra Pradesh
Kadapa,2017-10-24,73.85,Andhra Pradesh
Kadapa,2017-10-30,74.33,Andhra Pradesh
Kadapa,2017-11-06,75.06,Andhra Pradesh
Kadapa,2017-11-13,75.13,Andhra Pradesh
Kadapa,2017-11-20,74.85,Andhra Pradesh
Kadapa,2017-11-27,74.61,Andhra Pradesh
Kadapa,2017-12-05,74.58,Andhra Pradesh
Kadapa,2017-12-11,74.45,Andhra Pradesh
Kadapa,2017-12-18,74.52,Andhra Pradesh
Kadapa,2017-12-26,74.97,Andhra Pradesh
Kadapa,2018-01-01,75.32,Andhra Pradesh
Kadapa,2018-01-02,75.67,Andhra Pradesh
Kadapa,2018-01-05,75.34,Andhra Pradesh
Kadapa,2018-01-08,75.79,Andhra Pradesh
Kadapa,2018-01-09,75.84,Andhra Pradesh
Kadapa,2018-01-10,75.91,Andhra Pradesh
Kadapa,2018-01-11,75.95,Andhra Pradesh
Kadapa,2018-01-12,76.02,Andhra Pradesh
Kadapa,2018-01-15,76.47,Andhra Pradesh
Kadapa,2018-01-16,76.56,Andhra Pradesh
Kadapa,2018-01-17,76.69,Andhra Pradesh
Kadapa,2018-01-18,76.86,Andhra Pradesh
Kadapa,2018-01-19,77.0,Andhra Pradesh
Kadapa,2018-01-22,77.55,Andhra Pradesh
Kadapa,2018-01-23,77.7,Andhra Pradesh
Kadapa,2018-01-24,77.76,Andhra Pradesh
Kadapa,2018-01-25,77.82,Andhra Pradesh
Kadapa,2018-01-29,78.18,Andhra Pradesh
Kadapa,2018-01-30,78.26,Andhra Pradesh
Kadapa,2018-02-01,78.39,Andhra Pradesh
Kadapa,2018-02-02,78.45,Andhra Pradesh
Kadapa,2018-02-05,78.66,Andhra Pradesh
Kadapa,2018-02-06,78.73,Andhra Pradesh
Kadapa,2018-02-08,78.72,Andhra Pradesh
Kadapa,2018-02-09,78.7,Andhra Pradesh
Kadapa,2018-02-12,78.35,Andhra Pradesh
Kadapa,2018-02-13,78.28,Andhra Pradesh
Kadapa,2018-02-15,78.13,Andhra Pradesh
Kadapa,2018-02-16,77.85,Andhra Pradesh
Kadapa,2018-02-19,77.23,Andhra Pradesh
Kadapa,2018-02-20,77.04,Andhra Pradesh
Kadapa,2018-02-21,77.03,Andhra Pradesh
Kadapa,2018-02-22,77.0,Andhra Pradesh
Kadapa,2018-02-23,76.91,Andhra Pradesh
Kadapa,2018-02-26,76.83,Andhra Pradesh
Kadapa,2018-02-27,76.81,Andhra Pradesh
Kadapa,2018-03-01,76.94,Andhra Pradesh
Kadapa,2018-03-02,77.13,Andhra Pradesh
Kadapa,2018-03-05,77.72,Andhra Pradesh
Kadapa,2018-03-06,77.79,Andhra Pradesh
Kadapa,2018-03-09,77.83,Andhra Pradesh
Kadapa,2018-03-12,77.85,Andhra Pradesh
Kadapa,2018-03-13,77.87,Andhra Pradesh
Kadapa,2018-03-15,77.85,Andhra Pradesh
Kadapa,2018-03-16,77.77,Andhra Pradesh
Kadapa,2018-03-19,77.58,Andhra Pradesh
Kadapa,2018-03-20,77.59,Andhra Pradesh
Kadapa,2018-03-22,77.65,Andhra Pradesh
Kadapa,2018-03-23,77.7,Andhra Pradesh
Kadapa,2018-03-26,78.2,Andhra Pradesh
Kadapa,2018-03-27,78.31,Andhra Pradesh
Kadapa,2018-03-29,78.5,Andhra Pradesh
Kadapa,2018-03-30,78.73,Andhra Pradesh
Kadapa,2018-04-02,79.24,Andhra Pradesh
Kadapa,2018-04-03,79.38,Andhra Pradesh
Kadapa,2018-04-05,79.41,Andhra Pradesh
Kadapa,2018-04-09,79.42,Andhra Pradesh
Kadapa,2018-04-10,79.41,Andhra Pradesh
Kadapa,2018-04-12,79.37,Andhra Pradesh
Kadapa,2018-04-13,79.34,Andhra Pradesh
Kadapa,2018-04-16,79.45,Andhra Pradesh
Kadapa,2018-04-19,79.5,Andhra Pradesh
Kadapa,2018-04-20,79.51,Andhra Pradesh
Kadapa,2018-04-23,79.95,Andhra Pradesh
Kadapa,2018-04-24,80.08,Andhra Pradesh
Kadapa,2018-05-14,80.26,Andhra Pradesh
Kadapa,2018-05-15,80.41,Andhra Pradesh
Kadapa,2018-05-16,80.56,Andhra Pradesh
Kadapa,2018-05-17,80.79,Andhra Pradesh
Kadapa,2018-05-18,80.26,Andhra Pradesh
Kadapa,2018-05-21,82.08,Andhra Pradesh
Kadapa,2018-05-22,82.39,Andhra Pradesh
Kadapa,2018-05-23,82.69,Andhra Pradesh
Kadapa,2018-05-24,83.0,Andhra Pradesh
Kadapa,2018-05-25,83.37,Andhra Pradesh
Kadapa,2018-05-26,83.52,Andhra Pradesh
Kadapa,2018-05-27,83.67,Andhra Pradesh
Kadapa,2018-05-28,83.83,Andhra Pradesh
Kadapa,2018-05-29,83.99,Andhra Pradesh
Kadapa,2018-05-31,83.91,Andhra Pradesh
Kadapa,2018-06-01,83.85,Andhra Pradesh
Kadapa,2018-06-02,83.75,Andhra Pradesh
Kadapa,2018-06-03,83.66,Andhra Pradesh
Kadapa,2018-06-04,83.51,Andhra Pradesh
Kadapa,2018-06-05,83.37,Andhra Pradesh
Kadapa,2018-06-06,83.26,Andhra Pradesh
Kadapa,2018-06-07,83.17,Andhra Pradesh
Kadapa,2018-06-08,82.95,Andhra Pradesh
Kadapa,2018-06-09,82.54,Andhra Pradesh
Kadapa,2018-06-10,82.29,Andhra Pradesh
Kadapa,2018-06-11,82.09,Andhra Pradesh
Kadapa,2018-06-12,81.93,Andhra Pradesh
Kadapa,2018-06-15,81.85,Andhra Pradesh
Kadapa,2018-06-19,81.77,Andhra Pradesh
Kadapa,2018-06-21,81.65,Andhra Pradesh
Kadapa,2018-06-22,81.51,Andhra Pradesh
Kadapa,2018-06-23,81.42,Andhra Pradesh
Kadapa,2018-06-24,81.27,Andhra Pradesh
Kadapa,2018-06-25,81.17,Andhra Pradesh
Kadapa,2018-06-26,81.03,Andhra Pradesh
Kadapa,2018-07-05,81.19,Andhra Pradesh
Kadapa,2018-07-06,81.34,Andhra Pradesh
Kadapa,2018-07-09,81.86,Andhra Pradesh
Kadapa,2018-07-10,82.04,Andhra Pradesh
Kadapa,2018-07-12,82.1,Andhra Pradesh
Kadapa,2018-07-13,82.27,Andhra Pradesh
Kadapa,2018-07-16,82.37,Andhra Pradesh
Kadapa,2018-07-20,82.21,Andhra Pradesh
Kadapa,2018-07-23,81.88,Andhra Pradesh
Kadapa,2018-07-24,81.81,Andhra Pradesh
Kadapa,2018-07-30,81.83,Andhra Pradesh
Kadapa,2018-07-31,81.89,Andhra Pradesh
Kadapa,2018-08-02,82.01,Andhra Pradesh
Kadapa,2018-08-03,82.08,Andhra Pradesh
Kadapa,2018-08-06,82.57,Andhra Pradesh
Kadapa,2018-08-07,82.66,Andhra Pradesh
Kadapa,2018-08-13,82.74,Andhra Pradesh
Kadapa,2018-08-16,82.79,Andhra Pradesh
Kadapa,2018-08-20,83.1,Andhra Pradesh
Kadapa,2018-08-21,83.2,Andhra Pradesh
Kadapa,2018-08-24,83.29,Andhra Pradesh
Kadapa,2018-08-25,75.44,Andhra Pradesh
Kadapa,2018-08-26,75.52,Andhra Pradesh
Kadapa,2018-08-27,83.54,Andhra Pradesh
Kadapa,2018-08-28,83.68,Andhra Pradesh
Kadapa,2018-08-29,83.81,Andhra Pradesh
Kadapa,2018-08-30,83.94,Andhra Pradesh
Kadapa,2018-08-31,84.16,Andhra Pradesh
Kadapa,2018-09-03,84.85,Andhra Pradesh
Kadapa,2018-09-04,85.02,Andhra Pradesh
Kadapa,2018-09-06,85.22,Andhra Pradesh
Kadapa,2018-09-07,85.72,Andhra Pradesh
Kadapa,2018-09-10,86.48,Andhra Pradesh
Kadapa,2018-09-11,84.61,Andhra Pradesh
Kadapa,2018-09-13,84.74,Andhra Pradesh
Kadapa,2018-09-14,85.03,Andhra Pradesh
Kadapa,2018-09-15,85.39,Andhra Pradesh
Kadapa,2018-09-16,85.68,Andhra Pradesh
Kadapa,2018-09-17,85.83,Andhra Pradesh
Kadapa,2018-09-18,85.93,Andhra Pradesh
Kadapa,2018-09-20,86.0,Andhra Pradesh
Kadapa,2018-09-21,86.1,Andhra Pradesh
Kadapa,2018-09-23,86.38,Andhra Pradesh
Kadapa,2018-09-24,86.5,Andhra Pradesh
Kadapa,2018-09-25,86.64,Andhra Pradesh
Kadapa,2018-09-27,86.78,Andhra Pradesh
Kadapa,2018-09-28,87.01,Andhra Pradesh
Kadapa,2018-09-30,87.29,Andhra Pradesh
Kadapa,2018-10-01,87.52,Andhra Pradesh
Kadapa,2018-10-02,87.63,Andhra Pradesh
Kadapa,2018-10-04,87.77,Andhra Pradesh
Kadapa,2018-10-05,85.2,Andhra Pradesh
Kadapa,2018-10-06,85.39,Andhra Pradesh
Kadapa,2018-10-07,85.53,Andhra Pradesh
Kadapa,2018-10-08,85.75,Andhra Pradesh
Kadapa,2018-10-09,85.98,Andhra Pradesh
Kadapa,2018-10-11,86.09,Andhra Pradesh
Kadapa,2018-10-12,86.21,Andhra Pradesh
Kadapa,2018-10-13,86.39,Andhra Pradesh
Kadapa,2018-10-14,86.46,Andhra Pradesh
Kadapa,2018-10-16,86.57,Andhra Pradesh
Kadapa,2018-10-19,86.11,Andhra Pradesh
Kadapa,2018-10-20,85.71,Andhra Pradesh
Kadapa,2018-10-22,85.14,Andhra Pradesh
Kadapa,2018-10-23,85.04,Andhra Pradesh
Kadapa,2018-10-24,84.94,Andhra Pradesh
Kadapa,2018-10-25,84.79,Andhra Pradesh
Kadapa,2018-10-26,84.53,Andhra Pradesh
Kadapa,2018-10-29,83.4,Andhra Pradesh
Kadapa,2018-10-30,83.19,Andhra Pradesh
Kadapa,2018-11-01,83.01,Andhra Pradesh
Kadapa,2018-11-02,82.83,Andhra Pradesh
Kadapa,2018-11-05,82.22,Andhra Pradesh
Kadapa,2018-11-06,82.07,Andhra Pradesh
Kadapa,2018-11-12,81.19,Andhra Pradesh
Kadapa,2018-11-13,81.05,Andhra Pradesh
Kadapa,2018-11-15,80.9,Andhra Pradesh
Kadapa,2018-11-16,80.71,Andhra Pradesh
Kadapa,2018-11-19,80.12,Andhra Pradesh
Kadapa,2018-11-20,79.97,Andhra Pradesh
Kadapa,2018-11-22,79.55,Andhra Pradesh
Kadapa,2018-11-23,79.14,Andhra Pradesh
Kadapa,2018-11-26,78.03,Andhra Pradesh
Kadapa,2018-11-27,77.59,Andhra Pradesh
Kadapa,2018-11-28,77.08,Andhra Pradesh
Kadapa,2018-11-29,76.74,Andhra Pradesh
Kadapa,2018-11-30,76.36,Andhra Pradesh
Kadapa,2018-12-01,76.0,Andhra Pradesh
Kadapa,2018-12-02,75.67,Andhra Pradesh
Kadapa,2018-12-03,75.35,Andhra Pradesh
Kadapa,2018-12-04,75.14,Andhra Pradesh
Kadapa,2018-12-06,74.72,Andhra Pradesh
Kadapa,2018-12-07,74.31,Andhra Pradesh
Kadapa,2018-12-10,73.69,Andhra Pradesh
Kadapa,2018-12-11,73.52,Andhra Pradesh
Kadapa,2018-12-13,73.61,Andhra Pradesh
Kadapa,2018-12-17,73.86,Andhra Pradesh
Kadapa,2018-12-18,73.96,Andhra Pradesh
Kadapa,2018-12-21,73.79,Andhra Pradesh
Kadapa,2018-12-24,73.17,Andhra Pradesh
Kadapa,2018-12-25,73.1,Andhra Pradesh
Kadapa,2018-12-27,73.05,Andhra Pradesh
Kadapa,2018-12-28,72.85,Andhra Pradesh
Kadapa,2018-12-31,72.12,Andhra Pradesh
Kadapa,2019-01-02,72.02,Andhra Pradesh
Kadapa,2019-01-04,71.8,Andhra Pradesh
Kadapa,2019-01-07,71.86,Andhra Pradesh
Kadapa,2019-01-10,72.25,Andhra Pradesh
Kadapa,2019-01-11,72.45,Andhra Pradesh
Kadapa,2019-01-14,73.54,Andhra Pradesh
Kadapa,2019-01-16,73.75,Andhra Pradesh
Kadapa,2019-01-17,73.89,Andhra Pradesh
Kadapa,2019-01-18,73.97,Andhra Pradesh
Kadapa,2019-01-21,74.58,Andhra Pradesh
Kadapa,2019-01-22,74.71,Andhra Pradesh
Kadapa,2019-01-29,74.63,Andhra Pradesh
Kadapa,2019-01-31,74.53,Andhra Pradesh
Kadapa,2019-02-01,74.28,Andhra Pradesh
Kadapa,2019-02-05,73.77,Andhra Pradesh
Kadapa,2019-02-08,73.7,Andhra Pradesh
Kadapa,2019-02-11,73.65,Andhra Pradesh
Kadapa,2019-02-14,73.71,Andhra Pradesh
Kadapa,2019-02-15,73.79,Andhra Pradesh
Kadapa,2019-02-18,74.25,Andhra Pradesh
Kadapa,2019-02-19,74.35,Andhra Pradesh
Kadapa,2019-02-22,74.65,Andhra Pradesh
Kadapa,2019-02-25,74.94,Andhra Pradesh
Kadapa,2019-02-26,75.03,Andhra Pradesh
Kadapa,2019-02-28,75.11,Andhra Pradesh
Kadapa,2019-03-01,75.21,Andhra Pradesh
Kadapa,2019-03-04,75.58,Andhra Pradesh
Kadapa,2019-03-05,75.66,Andhra Pradesh
Kadapa,2019-03-11,75.88,Andhra Pradesh
Kadapa,2019-03-12,75.83,Andhra Pradesh
Kadapa,2019-03-14,75.9,Andhra Pradesh
Kadapa,2019-03-15,75.98,Andhra Pradesh
Kadapa,2019-03-18,76.21,Andhra Pradesh
Kadapa,2019-03-21,76.14,Andhra Pradesh
Kadapa,2019-03-22,76.19,Andhra Pradesh
Kadapa,2019-03-23,76.24,Andhra Pradesh
Kadapa,2019-03-24,76.29,Andhra Pradesh
Kadapa,2019-03-28,76.24,Andhra Pradesh
Kadapa,2019-04-01,76.32,Andhra Pradesh
Kadapa,2019-04-05,76.37,Andhra Pradesh
Kadapa,2019-04-08,76.31,Andhra Pradesh
Kadapa,2019-04-09,76.26,Andhra Pradesh
Kadapa,2019-04-12,76.32,Andhra Pradesh
Kadapa,2019-04-15,76.44,Andhra Pradesh
Kadapa,2019-04-16,76.39,Andhra Pradesh
Kadapa,2019-04-20,76.46,Andhra Pradesh
Kadapa,2019-04-22,76.41,Andhra Pradesh
Kadapa,2019-04-25,76.49,Andhra Pradesh
Kadapa,2019-04-27,76.55,Andhra Pradesh
Kadapa,2019-04-30,76.6,Andhra Pradesh
Kadapa,2019-05-02,76.54,Andhra Pradesh
Kadapa,2019-05-04,76.55,Andhra Pradesh
Kadapa,2019-05-05,76.48,Andhra Pradesh
Kadapa,2019-05-06,76.41,Andhra Pradesh
Kadapa,2019-05-09,76.25,Andhra Pradesh
Kadapa,2019-05-10,76.03,Andhra Pradesh
Kadapa,2019-05-11,75.54,Andhra Pradesh
Kadapa,2019-05-12,75.11,Andhra Pradesh
Kadapa,2019-05-13,74.8,Andhra Pradesh
Kadapa,2019-05-14,74.54,Andhra Pradesh
Kadapa,2019-05-17,74.46,Andhra Pradesh
Kadapa,2019-05-18,74.38,Andhra Pradesh
Kadapa,2019-05-20,74.48,Andhra Pradesh
Kadapa,2019-05-21,74.53,Andhra Pradesh
Kadapa,2019-05-23,74.61,Andhra Pradesh
Kadapa,2019-05-24,74.76,Andhra Pradesh
Kadapa,2019-05-25,74.9,Andhra Pradesh
Kadapa,2019-05-26,75.04,Andhra Pradesh
Kadapa,2019-05-27,75.15,Andhra Pradesh
Kadapa,2019-05-28,75.24,Andhra Pradesh
Kadapa,2019-05-30,75.18,Andhra Pradesh
Kadapa,2019-05-31,75.11,Andhra Pradesh
Kadapa,2019-06-01,75.08,Andhra Pradesh
Kadapa,2019-06-02,74.96,Andhra Pradesh
Kadapa,2019-06-03,74.75,Andhra Pradesh
Kadapa,2019-06-04,74.68,Andhra Pradesh
Kadapa,2019-06-06,74.52,Andhra Pradesh
Kadapa,2019-06-07,74.38,Andhra Pradesh
Kadapa,2019-06-10,73.86,Andhra Pradesh
Kadapa,2019-06-13,73.77,Andhra Pradesh
Kadapa,2019-06-14,73.6,Andhra Pradesh
Kadapa,2019-06-15,73.4,Andhra Pradesh
Kadapa,2019-06-16,73.34,Andhra Pradesh
Kadapa,2019-06-24,73.47,Andhra Pradesh
Kadapa,2019-06-27,73.54,Andhra Pradesh
Kadapa,2019-06-28,73.59,Andhra Pradesh
Kadapa,2019-06-29,73.7,Andhra Pradesh
Kadapa,2019-06-30,73.8,Andhra Pradesh
Kadapa,2019-07-01,73.89,Andhra Pradesh
Kadapa,2019-07-02,73.97,Andhra Pradesh
Kadapa,2019-07-06,76.48,Andhra Pradesh
Kadapa,2019-07-09,76.43,Andhra Pradesh
Kadapa,2019-07-13,76.52,Andhra Pradesh
Kadapa,2019-07-14,76.61,Andhra Pradesh
Kadapa,2019-07-15,76.74,Andhra Pradesh
Kadapa,2019-07-16,76.81,Andhra Pradesh
Kadapa,2019-07-18,76.89,Andhra Pradesh
Kadapa,2019-07-23,76.95,Andhra Pradesh
Kadapa,2019-07-25,76.89,Andhra Pradesh
Kadapa,2019-07-26,76.83,Andhra Pradesh
Kadapa,2019-07-27,76.78,Andhra Pradesh
Kadapa,2019-07-28,76.67,Andhra Pradesh
Kadapa,2019-07-29,76.52,Andhra Pradesh
Kadapa,2019-07-30,76.38,Andhra Pradesh
Kadapa,2019-08-01,76.32,Andhra Pradesh
Kadapa,2019-08-02,76.16,Andhra Pradesh
Kadapa,2019-08-03,76.08,Andhra Pradesh
Kadapa,2019-08-04,75.98,Andhra Pradesh
Kadapa,2019-08-05,75.83,Andhra Pradesh
Kadapa,2019-08-06,75.73,Andhra Pradesh
Kadapa,2019-08-08,75.68,Andhra Pradesh
Kadapa,2019-08-09,75.53,Andhra Pradesh
Kadapa,2019-08-11,75.44,Andhra Pradesh
Kadapa,2019-08-18,75.35,Andhra Pradesh
Kadapa,2019-08-19,75.28,Andhra Pradesh
Kadapa,2019-08-24,75.36,Andhra Pradesh
Kadapa,2019-08-25,75.44,Andhra Pradesh
Kadapa,2019-08-26,75.52,Andhra Pradesh
Kadapa,2019-08-27,75.52,Andhra Pradesh
Kadapa,2019-08-29,75.46,Andhra Pradesh
Kadapa,2019-09-05,75.43,Andhra Pradesh
Kadapa,2019-09-06,75.34,Andhra Pradesh
Kadapa,2019-09-07,75.24,Andhra Pradesh
Kadapa,2019-09-08,75.18,Andhra Pradesh
Kadapa,2019-09-10,75.23,Andhra Pradesh
Kadapa,2019-09-12,75.29,Andhra Pradesh
Kadapa,2019-09-13,75.37,Andhra Pradesh
Kadapa,2019-09-14,75.45,Andhra Pradesh
Kadapa,2019-09-15,75.51,Andhra Pradesh
Kadapa,2019-09-17,75.65,Andhra Pradesh
Kadapa,2019-09-18,75.91,Andhra Pradesh
Kadapa,2019-09-19,76.21,Andhra Pradesh
Kadapa,2019-09-20,76.57,Andhra Pradesh
Kadapa,2019-09-21,76.87,Andhra Pradesh
Kadapa,2019-09-22,77.15,Andhra Pradesh
Kadapa,2019-09-23,77.45,Andhra Pradesh
Kadapa,2019-09-24,77.67,Andhra Pradesh
Kadapa,2019-09-26,77.73,Andhra Pradesh
Kadapa,2019-09-27,77.89,Andhra Pradesh
Kadapa,2019-09-30,77.97,Andhra Pradesh
Kadapa,2019-10-01,78.19,Andhra Pradesh
Kadapa,2019-10-03,78.09,Andhra Pradesh
Kadapa,2019-10-04,77.9,Andhra Pradesh
Kadapa,2019-10-05,77.61,Andhra Pradesh
Kadapa,2019-10-07,77.32,Andhra Pradesh
Kadapa,2019-10-08,77.14,Andhra Pradesh
Kadapa,2019-10-10,77.09,Andhra Pradesh
Kadapa,2019-10-11,76.97,Andhra Pradesh
Kadapa,2019-10-12,76.86,Andhra Pradesh
Kadapa,2019-10-15,76.81,Andhra Pradesh
Kadapa,2019-10-22,76.76,Andhra Pradesh
Kadapa,2019-10-24,76.71,Andhra Pradesh
Kadapa,2019-10-25,76.6,Andhra Pradesh
Kadapa,2019-10-26,76.51,Andhra Pradesh
Kadapa,2019-10-29,76.45,Andhra Pradesh
Kadapa,2019-11-01,76.33,Andhra Pradesh
Kadapa,2019-11-02,76.25,Andhra Pradesh
Kadapa,2019-11-03,76.2,Andhra Pradesh
Kadapa,2019-11-04,76.12,Andhra Pradesh
Kadapa,2019-11-05,76.06,Andhra Pradesh
Kadapa,2019-11-08,76.17,Andhra Pradesh
Kadapa,2019-11-09,76.32,Andhra Pradesh
Kadapa,2019-11-10,76.53,Andhra Pradesh
Kadapa,2019-11-11,76.68,Andhra Pradesh
Kadapa,2019-11-13,76.78,Andhra Pradesh
Kadapa,2019-11-14,76.94,Andhra Pradesh
Kadapa,2019-11-15,77.12,Andhra Pradesh
Kadapa,2019-11-16,77.27,Andhra Pradesh
Kadapa,2019-11-17,77.39,Andhra Pradesh
Kadapa,2019-11-18,77.56,Andhra Pradesh
Kadapa,2019-11-19,77.71,Andhra Pradesh
Kadapa,2019-11-22,77.86,Andhra Pradesh
Kadapa,2019-11-23,77.96,Andhra Pradesh
Kadapa,2019-11-24,78.06,Andhra Pradesh
Kadapa,2019-11-25,78.18,Andhra Pradesh
Kadapa,2019-11-26,78.29,Andhra Pradesh
Kadapa,2019-11-29,78.34,Andhra Pradesh
Kadapa,2019-11-30,78.393,Andhra Pradesh
Kadapa,2019-12-01,78.51,Andhra Pradesh
Kadapa,2019-12-07,78.42,Andhra Pradesh
Kadapa,2019-12-08,78.51,Andhra Pradesh
Kadapa,2019-12-09,78.56,Andhra Pradesh
Kadapa,2019-12-10,78.57,Andhra Pradesh
Kadapa,2019-12-12,78.52,Andhra Pradesh
Kadapa,2019-12-13,78.46,Andhra Pradesh
Kadapa,2019-12-14,78.41,Andhra Pradesh
Kadapa,2019-12-15,78.31,Andhra Pradesh
Kadapa,2019-12-16,78.25,Andhra Pradesh
Kadapa,2019-12-17,78.2,Andhra Pradesh
Kadapa,2019-12-19,78.19,Andhra Pradesh
Kadapa,2019-12-26,78.24,Andhra Pradesh
Kadapa,2019-12-27,78.31,Andhra Pradesh
Kadapa,2019-12-29,78.45,Andhra Pradesh
Kadapa,2019-12-30,78.61,Andhra Pradesh
Kadapa,2019-12-31,78.72,Andhra Pradesh
Kadapa,2020-01-02,78.85,Andhra Pradesh
Kadapa,2020-01-03,78.95,Andhra Pradesh
Kadapa,2020-01-04,79.05,Andhra Pradesh
Kadapa,2020-01-05,79.15,Andhra Pradesh
Kadapa,2020-01-06,79.3,Andhra Pradesh
Kadapa,2020-01-07,79.45,Andhra Pradesh
Kadapa,2020-01-08,79.35,Andhra Pradesh
Kadapa,2020-01-09,79.43,Andhra Pradesh
Kadapa,2020-01-10,79.58,Andhra Pradesh
Kadapa,2020-01-11,79.63,Andhra Pradesh
Kadapa,2020-01-12,79.53,Andhra Pradesh
Kadapa,2020-01-13,79.42,Andhra Pradesh
Kadapa,2020-01-14,79.32,Andhra Pradesh
Kadapa,2020-01-16,79.16,Andhra Pradesh
Kadapa,2020-01-17,79.02,Andhra Pradesh
Kadapa,2020-01-18,78.86,Andhra Pradesh
Kadapa,2020-01-19,78.69,Andhra Pradesh
Kadapa,2020-01-20,78.57,Andhra Pradesh
Kadapa,2020-01-21,78.41,Andhra Pradesh
Kadapa,2020-01-22,78.41,Andhra Pradesh
Kadapa,2020-01-23,78.23,Andhra Pradesh
Kadapa,2020-01-24,78.01,Andhra Pradesh
Kadapa,2020-01-25,77.76,Andhra Pradesh
Kadapa,2020-01-26,77.46,Andhra Pradesh
Kadapa,2020-01-27,77.27,Andhra Pradesh
Kadapa,2020-01-28,77.15,Andhra Pradesh
Kadapa,2020-01-29,77.15,Andhra Pradesh
Kadapa,2020-01-30,76.91,Andhra Pradesh
Kadapa,2020-01-31,77.11,Andhra Pradesh
Kadapa,2020-02-01,76.96,Andhra Pradesh
Kadapa,2020-02-02,76.86,Andhra Pradesh
Kadapa,2020-02-03,76.8,Andhra Pradesh
Kadapa,2020-02-04,76.75,Andhra Pradesh
Kadapa,2020-02-05,76.75,Andhra Pradesh
Kadapa,2020-02-06,76.64,Andhra Pradesh
Kadapa,2020-02-07,76.42,Andhra Pradesh
Kadapa,2020-02-08,76.18,Andhra Pradesh
Kadapa,2020-02-09,75.94,Andhra Pradesh
Kadapa,2020-02-10,75.8,Andhra Pradesh
Kadapa,2020-02-11,75.63,Andhra Pradesh
Kadapa,2020-02-12,75.63,Andhra Pradesh
Kadapa,2020-02-13,75.63,Andhra Pradesh
Kadapa,2020-02-14,75.63,Andhra Pradesh
Kadapa,2020-02-15,75.63,Andhra Pradesh
Kadapa,2020-02-17,75.63,Andhra Pradesh
Kadapa,2020-02-18,75.58,Andhra Pradesh
Kadapa,2020-02-19,75.58,Andhra Pradesh
Kadapa,2020-02-20,75.58,Andhra Pradesh
Kadapa,2020-02-21,75.58,Andhra Pradesh
Kadapa,2020-02-24,75.71,Andhra Pradesh
Kadapa,2020-02-25,75.71,Andhra Pradesh
Kadapa,2020-02-26,75.71,Andhra Pradesh
Kadapa,2020-02-27,75.66,Andhra Pradesh
Kadapa,2020-02-28,75.66,Andhra Pradesh
Kadapa,2020-02-29,75.58,Andhra Pradesh
Kadapa,2020-03-01,75.95,Andhra Pradesh
Kadapa,2020-03-02,75.73,Andhra Pradesh
Kadapa,2020-03-03,75.68,Andhra Pradesh
Kadapa,2020-03-04,75.68,Andhra Pradesh
Kadapa,2020-03-05,75.52,Andhra Pradesh
Kadapa,2020-03-06,75.37,Andhra Pradesh
Kadapa,2020-03-07,75.24,Andhra Pradesh
Kadapa,2020-03-08,75.05,Andhra Pradesh
Kadapa,2020-03-09,74.8,Andhra Pradesh
Kadapa,2020-03-10,74.5,Andhra Pradesh
Kadapa,2020-03-11,74.5,Andhra Pradesh
Kadapa,2020-03-12,74.34,Andhra Pradesh
Kadapa,2020-03-13,74.19,Andhra Pradesh
Kadapa,2020-03-14,74.06,Andhra Pradesh
Kadapa,2020-03-15,73.94,Andhra Pradesh
Kadapa,2020-03-16,73.77,Andhra Pradesh
Kadapa,2020-03-17,73.77,Andhra Pradesh
Kadapa,2020-03-18,73.77,Andhra Pradesh
Kadapa,2020-03-19,73.77,Andhra Pradesh
Kadapa,2020-03-20,73.77,Andhra Pradesh
Kadapa,2020-03-21,73.77,Andhra Pradesh
Kadapa,2020-03-22,73.77,Andhra Pradesh
Kadapa,2020-03-23,73.77,Andhra Pradesh
Kadapa,2020-03-24,73.77,Andhra Pradesh
Kadapa,2020-03-25,73.77,Andhra Pradesh
Kadapa,2020-03-26,73.77,Andhra Pradesh
Kadapa,2020-03-27,73.77,Andhra Pradesh
Kadapa,2020-03-28,73.77,Andhra Pradesh
Kadapa,2020-03-29,73.77,Andhra Pradesh
Kadapa,2020-03-30,73.77,Andhra Pradesh
Kadapa,2020-03-31,73.77,Andhra Pradesh
Kadapa,2020-04-01,73.77,Andhra Pradesh
Kadapa,2020-04-02,73.77,Andhra Pradesh
Kadapa,2020-04-03,73.77,Andhra Pradesh
Kadapa,2020-04-04,73.77,Andhra Pradesh
Kadapa,2020-04-05,73.77,Andhra Pradesh
Kadapa,2020-04-06,73.77,Andhra Pradesh
Kadapa,2020-04-07,73.77,Andhra Pradesh
Kadapa,2020-04-08,73.77,Andhra Pradesh
Kadapa,2020-04-09,73.77,Andhra Pradesh
Kadapa,2020-04-10,73.77,Andhra Pradesh
Kadapa,2020-04-11,73.77,Andhra Pradesh
Kadapa,2020-04-12,73.77,Andhra Pradesh
Kadapa,2020-04-13,73.77,Andhra Pradesh
Kadapa,2020-04-14,73.77,Andhra Pradesh
Kadapa,2020-04-15,73.77,Andhra Pradesh
Kadapa,2020-04-16,73.77,Andhra Pradesh
Kadapa,2020-04-17,73.77,Andhra Pradesh
Kadapa,2020-04-18,73.77,Andhra Pradesh
Kadapa,2020-04-20,73.77,Andhra Pradesh
Kadapa,2020-04-21,73.77,Andhra Pradesh
Kadapa,2020-04-22,73.77,Andhra Pradesh
Kadapa,2020-04-23,73.77,Andhra Pradesh
Kadapa,2020-04-24,73.77,Andhra Pradesh
Kadapa,2020-04-25,73.77,Andhra Pradesh
Kadapa,2020-04-26,73.77,Andhra Pradesh
Kadapa,2020-04-27,73.77,Andhra Pradesh
Kadapa,2020-04-28,73.77,Andhra Pradesh
Kadapa,2020-04-29,73.77,Andhra Pradesh
Kadapa,2020-04-30,73.77,Andhra Pradesh
Kadapa,2020-05-01,73.77,Andhra Pradesh
Kadapa,2020-05-02,73.77,Andhra Pradesh
Kadapa,2020-05-03,73.77,Andhra Pradesh
Kadapa,2020-05-04,73.77,Andhra Pradesh
Kadapa,2020-05-05,73.77,Andhra Pradesh
Kadapa,2020-05-06,73.77,Andhra Pradesh
Kadapa,2020-05-07,73.77,Andhra Pradesh
Kadapa,2020-05-08,73.77,Andhra Pradesh
Kadapa,2020-05-09,73.77,Andhra Pradesh
Kadapa,2020-05-10,73.77,Andhra Pradesh
Kadapa,2020-05-11,73.77,Andhra Pradesh
Kadapa,2020-05-12,73.77,Andhra Pradesh
Kadapa,2020-05-13,73.77,Andhra Pradesh
Kadapa,2020-05-14,73.77,Andhra Pradesh
Kadapa,2020-05-15,73.77,Andhra Pradesh
Kadapa,2020-05-16,73.77,Andhra Pradesh
Kadapa,2020-05-17,73.77,Andhra Pradesh
Kadapa,2020-05-18,73.77,Andhra Pradesh
Kadapa,2020-05-19,73.77,Andhra Pradesh
Kadapa,2020-05-20,73.77,Andhra Pradesh
Kadapa,2020-05-21,73.77,Andhra Pradesh
Kadapa,2020-05-22,73.77,Andhra Pradesh
Kadapa,2020-05-23,73.77,Andhra Pradesh
Kadapa,2020-05-24,73.77,Andhra Pradesh
Kadapa,2020-05-25,73.77,Andhra Pradesh
Kadapa,2020-05-26,73.77,Andhra Pradesh
Kadapa,2020-05-27,73.77,Andhra Pradesh
Kadapa,2020-05-28,73.77,Andhra Pradesh
Kadapa,2020-05-29,73.77,Andhra Pradesh
Kadapa,2020-05-30,73.77,Andhra Pradesh
Kadapa,2020-05-31,73.77,Andhra Pradesh
Kadapa,2020-06-01,73.77,Andhra Pradesh
Kadapa,2020-06-02,73.77,Andhra Pradesh
Kadapa,2020-06-03,73.77,Andhra Pradesh
Kadapa,2020-06-04,73.77,Andhra Pradesh
Kadapa,2020-06-05,73.77,Andhra Pradesh
Kadapa,2020-06-06,73.77,Andhra Pradesh
Kadapa,2020-06-07,74.37,Andhra Pradesh
Kadapa,2020-06-08,74.97,Andhra Pradesh
Kadapa,2020-06-09,75.51,Andhra Pradesh
Kadapa,2020-06-10,75.91,Andhra Pradesh
Kadapa,2020-06-11,76.51,Andhra Pradesh
Kadapa,2020-06-12,77.11,Andhra Pradesh
Kadapa,2020-06-13,77.71,Andhra Pradesh
Kadapa,2020-06-14,78.31,Andhra Pradesh
Kadapa,2020-06-15,78.81,Andhra Pradesh
Kadapa,2020-06-16,79.28,Andhra Pradesh
Kadapa,2020-06-17,79.83,Andhra Pradesh
Kadapa,2020-06-18,80.36,Andhra Pradesh
Kadapa,2020-06-19,80.93,Andhra Pradesh
Kadapa,2020-06-20,81.44,Andhra Pradesh
Kadapa,2020-06-21,81.79,Andhra Pradesh
Kadapa,2020-06-22,82.12,Andhra Pradesh
Kadapa,2020-06-23,82.32,Andhra Pradesh
Kadapa,2020-06-24,82.32,Andhra Pradesh
Kadapa,2020-06-25,82.48,Andhra Pradesh
Kadapa,2020-06-26,82.7,Andhra Pradesh
Kadapa,2020-06-27,82.94,Andhra Pradesh
Kadapa,2020-06-28,82.94,Andhra Pradesh
Kadapa,2020-06-29,82.99,Andhra Pradesh
Kadapa,2020-06-30,82.99,Andhra Pradesh
Kadapa,2020-07-01,82.99,Andhra Pradesh
Kadapa,2020-07-02,82.99,Andhra Pradesh
Kadapa,2020-07-03,82.99,Andhra Pradesh
Kadapa,2020-07-04,82.99,Andhra Pradesh
Kadapa,2020-07-05,82.99,Andhra Pradesh
Kadapa,2020-07-06,82.99,Andhra Pradesh
Kadapa,2020-07-07,82.99,Andhra Pradesh
Kadapa,2020-07-08,82.99,Andhra Pradesh
Kadapa,2020-07-09,82.99,Andhra Pradesh
Kadapa,2020-07-10,82.99,Andhra Pradesh
Kadapa,2020-07-11,82.99,Andhra Pradesh
Kadapa,2020-07-12,82.99,Andhra Pradesh
Kadapa,2020-07-13,82.99,Andhra Pradesh
Kadapa,2020-07-15,82.99,Andhra Pradesh
Kadapa,2020-07-16,82.99,Andhra Pradesh
Kadapa,2020-07-17,83.0,Andhra Pradesh
Kadapa,2020-07-18,83.0,Andhra Pradesh
Kadapa,2020-07-19,83.0,Andhra Pradesh
Kadapa,2020-07-20,83.0,Andhra Pradesh
Kadapa,2020-07-21,83.0,Andhra Pradesh
Kadapa,2020-07-22,83.0,Andhra Pradesh
Kadapa,2020-07-23,83.0,Andhra Pradesh
Kadapa,2020-07-24,83.0,Andhra Pradesh
Kadapa,2020-07-25,84.25,Andhra Pradesh
Kadapa,2020-07-26,84.25,Andhra Pradesh
Kadapa,2020-07-27,84.25,Andhra Pradesh
Kadapa,2020-07-28,84.25,Andhra Pradesh
Kadapa,2020-07-29,84.25,Andhra Pradesh
Kadapa,2020-07-30,84.25,Andhra Pradesh
Kadapa,2020-07-31,84.25,Andhra Pradesh
Kadapa,2020-08-01,84.25,Andhra Pradesh
Kadapa,2020-08-02,84.25,Andhra Pradesh
Kadapa,2020-08-03,84.25,Andhra Pradesh
Kadapa,2020-08-04,84.25,Andhra Pradesh
Kadapa,2020-08-05,84.25,Andhra Pradesh
Kadapa,2020-08-06,84.25,Andhra Pradesh
Kadapa,2020-08-07,84.25,Andhra Pradesh
Kadapa,2020-08-08,84.25,Andhra Pradesh
Kadapa,2020-08-09,84.25,Andhra Pradesh
Kadapa,2020-08-10,84.25,Andhra Pradesh
Kadapa,2020-08-11,84.25,Andhra Pradesh
Kadapa,2020-08-12,84.25,Andhra Pradesh
Kadapa,2020-08-13,84.25,Andhra Pradesh
Kadapa,2020-08-14,84.25,Andhra Pradesh
Kadapa,2020-08-15,84.25,Andhra Pradesh
Kadapa,2020-08-16,84.41,Andhra Pradesh
Kadapa,2020-08-17,84.57,Andhra Pradesh
Kadapa,2020-08-18,84.73,Andhra Pradesh
Kadapa,2020-08-19,84.73,Andhra Pradesh
Kadapa,2020-08-20,84.83,Andhra Pradesh
Kadapa,2020-08-21,85.03,Andhra Pradesh
Kadapa,2020-08-22,85.19,Andhra Pradesh
Kadapa,2020-08-23,85.33,Andhra Pradesh
Kadapa,2020-08-24,85.46,Andhra Pradesh
Kadapa,2020-08-25,85.57,Andhra Pradesh
Kadapa,2020-08-26,85.57,Andhra Pradesh
Kadapa,2020-08-27,85.67,Andhra Pradesh
Kadapa,2020-08-28,85.77,Andhra Pradesh
Kadapa,2020-08-29,85.77,Andhra Pradesh
Kadapa,2020-08-30,85.87,Andhra Pradesh
Kadapa,2020-08-31,85.87,Andhra Pradesh
Kadapa,2020-09-01,85.92,Andhra Pradesh
Kadapa,2020-09-02,85.92,Andhra Pradesh
Kadapa,2020-09-03,85.92,Andhra Pradesh
Kadapa,2020-09-04,85.92,Andhra Pradesh
Kadapa,2020-09-05,85.92,Andhra Pradesh
Kadapa,2020-09-06,85.92,Andhra Pradesh
Kadapa,2020-09-07,85.92,Andhra Pradesh
Kadapa,2020-09-08,85.92,Andhra Pradesh
Kadapa,2020-09-09,85.92,Andhra Pradesh
Kadapa,2020-09-10,85.83,Andhra Pradesh
Kadapa,2020-09-11,85.83,Andhra Pradesh
Kadapa,2020-09-12,85.7,Andhra Pradesh
Kadapa,2020-09-13,85.7,Andhra Pradesh
Kadapa,2020-09-14,85.56,Andhra Pradesh
Kadapa,2020-09-15,85.39,Andhra Pradesh
Kadapa,2020-09-16,85.39,Andhra Pradesh
Kadapa,2020-09-17,85.24,Andhra Pradesh
Kadapa,2020-09-18,84.98,Andhra Pradesh
Kadapa,2020-09-19,86.3,Andhra Pradesh
Kadapa,2020-09-20,86.3,Andhra Pradesh
Kadapa,2020-09-21,86.3,Andhra Pradesh
Kadapa,2020-09-22,86.22,Andhra Pradesh
Kadapa,2020-09-23,86.22,Andhra Pradesh
Kadapa,2020-09-24,86.22,Andhra Pradesh
Kadapa,2020-09-25,86.22,Andhra Pradesh
Kadapa,2020-09-26,86.22,Andhra Pradesh
Kadapa,2020-09-27,86.22,Andhra Pradesh
Kadapa,2020-09-28,86.22,Andhra Pradesh
Kadapa,2020-09-29,86.22,Andhra Pradesh
Kadapa,2020-09-30,86.22,Andhra Pradesh
Kadapa,2020-10-01,86.22,Andhra Pradesh
Kadapa,2020-10-02,86.22,Andhra Pradesh
Kadapa,2020-10-03,86.22,Andhra Pradesh
Kadapa,2020-10-04,86.22,Andhra Pradesh
Kadapa,2020-10-05,86.22,Andhra Pradesh
Kadapa,2020-10-06,86.22,Andhra Pradesh
Kadapa,2020-10-07,86.22,Andhra Pradesh
Kadapa,2020-10-08,86.22,Andhra Pradesh
Kadapa,2020-10-09,86.22,Andhra Pradesh
Kadapa,2020-10-10,86.22,Andhra Pradesh
Kadapa,2020-10-11,86.22,Andhra Pradesh
Kadapa,2020-10-12,86.22,Andhra Pradesh
Kadapa,2020-10-13,86.22,Andhra Pradesh
Kadapa,2020-10-14,86.22,Andhra Pradesh
Kadapa,2020-10-15,86.22,Andhra Pradesh
Kadapa,2020-10-16,86.22,Andhra Pradesh
Kadapa,2020-10-17,86.22,Andhra Pradesh
Kadapa,2020-10-18,86.22,Andhra Pradesh
Kadapa,2020-10-19,86.22,Andhra Pradesh
Kadapa,2020-10-20,86.22,Andhra Pradesh
Kadapa,2020-10-21,86.22,Andhra Pradesh
Kadapa,2020-10-22,86.22,Andhra Pradesh
Kadapa,2020-10-23,86.22,Andhra Pradesh
Kadapa,2020-10-24,86.22,Andhra Pradesh
Kadapa,2020-10-25,86.22,Andhra Pradesh
Kadapa,2020-10-26,86.22,Andhra Pradesh
Kadapa,2020-10-27,86.22,Andhra Pradesh
Kadapa,2020-10-28,86.22,Andhra Pradesh
Kadapa,2020-10-29,86.22,Andhra Pradesh
Kadapa,2020-10-30,86.22,Andhra Pradesh
Kadapa,2020-10-31,86.22,Andhra Pradesh
Kadapa,2020-11-01,86.22,Andhra Pradesh
Kadapa,2020-11-02,86.22,Andhra Pradesh
Kadapa,2020-11-03,86.22,Andhra Pradesh
Kadapa,2020-11-04,86.22,Andhra Pradesh
Kadapa,2020-11-05,86.22,Andhra Pradesh
Kadapa,2020-11-06,86.22,Andhra Pradesh
Kadapa,2020-11-07,86.22,Andhra Pradesh
Kadapa,2020-11-08,86.22,Andhra Pradesh
Kadapa,2020-11-09,86.22,Andhra Pradesh
Kadapa,2020-11-10,86.22,Andhra Pradesh
Kadapa,2020-11-11,86.22,Andhra Pradesh
Kadapa,2020-11-12,86.22,Andhra Pradesh
Kadapa,2020-11-13,86.22,Andhra Pradesh
Kadapa,2020-11-14,86.22,Andhra Pradesh
Kadapa,2020-11-15,86.22,Andhra Pradesh
Kadapa,2020-11-16,86.22,Andhra Pradesh
Kadapa,2020-11-17,86.22,Andhra Pradesh
Kadapa,2020-11-18,86.22,Andhra Pradesh
Kadapa,2020-11-19,86.22,Andhra Pradesh
Kadapa,2020-11-20,86.38,Andhra Pradesh
Kadapa,2020-11-21,86.51,Andhra Pradesh
Kadapa,2020-11-22,86.56,Andhra Pradesh
Kadapa,2020-11-23,86.63,Andhra Pradesh
Kadapa,2020-11-24,86.69,Andhra Pradesh
Kadapa,2020-11-25,86.69,Andhra Pradesh
Kadapa,2020-11-26,86.8,Andhra Pradesh
Kadapa,2020-11-27,86.99,Andhra Pradesh
Kadapa,2020-11-28,87.23,Andhra Pradesh
Kadapa,2020-11-29,87.44,Andhra Pradesh
Kadapa,2020-11-30,87.44,Andhra Pradesh
Kadapa,2020-12-01,87.44,Andhra Pradesh
Kadapa,2020-12-02,87.6,Andhra Pradesh
Kadapa,2020-12-03,87.77,Andhra Pradesh
Kadapa,2020-12-04,87.97,Andhra Pradesh
Kadapa,2020-12-05,88.24,Andhra Pradesh
Kadapa,2020-12-06,88.52,Andhra Pradesh
Kadapa,2020-12-07,88.82,Andhra Pradesh
Kadapa,2020-12-08,88.82,Andhra Pradesh
Kadapa,2020-12-09,88.82,Andhra Pradesh
Kadapa,2020-12-10,88.82,Andhra Pradesh
Kadapa,2020-12-11,88.82,Andhra Pradesh
Kadapa,2020-12-12,88.82,Andhra Pradesh
Kadapa,2020-12-13,88.82,Andhra Pradesh
Kadapa,2020-12-14,88.82,Andhra Pradesh
Kadapa,2020-12-15,88.82,Andhra Pradesh
Kadapa,2020-12-16,88.82,Andhra Pradesh
Kadapa,2020-12-17,88.82,Andhra Pradesh
Kadapa,2020-12-18,88.82,Andhra Pradesh
Kadapa,2020-12-19,88.82,Andhra Pradesh
Kadapa,2020-12-20,88.82,Andhra Pradesh
Kadapa,2020-12-21,88.82,Andhra Pradesh
Kadapa,2020-12-22,88.82,Andhra Pradesh
Kadapa,2020-12-23,88.82,Andhra Pradesh
Kadapa,2020-12-24,88.82,Andhra Pradesh
Kadapa,2020-12-25,88.82,Andhra Pradesh
Kadapa,2020-12-26,88.82,Andhra Pradesh
Kadapa,2020-12-27,88.82,Andhra Pradesh
Kadapa,2020-12-28,88.82,Andhra Pradesh
Kadapa,2020-12-29,88.82,Andhra Pradesh
Kadapa,2020-12-30,88.82,Andhra Pradesh
Kadapa,2020-12-31,88.82,Andhra Pradesh
Kadapa,2021-01-01,88.82,Andhra Pradesh
Kadapa,2021-01-02,88.82,Andhra Pradesh
Kadapa,2021-01-03,88.82,Andhra Pradesh
Kadapa,2021-01-04,88.82,Andhra Pradesh
Kadapa,2021-01-05,88.82,Andhra Pradesh
Kadapa,2021-01-06,89.1,Andhra Pradesh
Kadapa,2021-01-07,89.35,Andhra Pradesh
Kadapa,2021-01-08,89.35,Andhra Pradesh
Kadapa,2021-01-09,89.35,Andhra Pradesh
Kadapa,2021-01-10,89.35,Andhra Pradesh
Kadapa,2021-01-11,89.35,Andhra Pradesh
Kadapa,2021-01-12,89.35,Andhra Pradesh
Kadapa,2021-01-13,89.61,Andhra Pradesh
Kadapa,2021-01-14,89.86,Andhra Pradesh
Kadapa,2021-01-15,89.86,Andhra Pradesh
Kadapa,2021-01-16,89.86,Andhra Pradesh
Kadapa,2021-01-17,89.86,Andhra Pradesh
Kadapa,2021-01-18,90.11,Andhra Pradesh
Kadapa,2021-01-19,90.36,Andhra Pradesh
Kadapa,2021-01-20,90.36,Andhra Pradesh
Kadapa,2021-01-21,90.36,Andhra Pradesh
Kadapa,2021-01-22,90.61,Andhra Pradesh
Kadapa,2021-01-23,90.86,Andhra Pradesh
Kadapa,2021-01-24,90.86,Andhra Pradesh
Kadapa,2021-01-25,90.86,Andhra Pradesh
Kadapa,2021-01-26,91.21,Andhra Pradesh
Kadapa,2021-01-27,91.46,Andhra Pradesh
Kadapa,2021-01-28,91.46,Andhra Pradesh
Kadapa,2021-01-29,91.46,Andhra Pradesh
Kadapa,2021-01-30,91.46,Andhra Pradesh
Kadapa,2021-01-31,91.46,Andhra Pradesh
Kadapa,2021-02-01,91.46,Andhra Pradesh
Kadapa,2021-02-02,91.46,Andhra Pradesh
Kadapa,2021-02-03,91.46,Andhra Pradesh
Kadapa,2021-02-04,91.82,Andhra Pradesh
Kadapa,2021-02-05,92.12,Andhra Pradesh
Kadapa,2021-02-06,92.12,Andhra Pradesh
Kadapa,2021-02-07,92.12,Andhra Pradesh
Kadapa,2021-02-08,92.12,Andhra Pradesh
Kadapa,2021-02-09,92.47,Andhra Pradesh
Kadapa,2021-02-10,92.77,Andhra Pradesh
Kadapa,2021-02-11,93.02,Andhra Pradesh
Kadapa,2021-02-12,93.31,Andhra Pradesh
Kadapa,2021-02-13,93.62,Andhra Pradesh
Kadapa,2021-02-14,93.91,Andhra Pradesh
Kadapa,2021-02-15,94.17,Andhra Pradesh
Kadapa,2021-02-16,94.47,Andhra Pradesh
Kadapa,2021-02-17,94.72,Andhra Pradesh
Kadapa,2021-02-18,95.06,Andhra Pradesh
Kadapa,2021-02-19,95.37,Andhra Pradesh
Kadapa,2021-02-20,95.77,Andhra Pradesh
Kadapa,2021-02-21,95.77,Andhra Pradesh
Kadapa,2021-02-22,95.77,Andhra Pradesh
Kadapa,2021-02-23,96.12,Andhra Pradesh
Kadapa,2021-02-24,96.12,Andhra Pradesh
Kadapa,2021-02-25,96.12,Andhra Pradesh
Kadapa,2021-02-26,96.12,Andhra Pradesh
Kadapa,2021-02-27,96.36,Andhra Pradesh
Kadapa,2021-02-28,96.36,Andhra Pradesh
Kadapa,2021-03-01,96.36,Andhra Pradesh
