city,date,rate,district
Ongole,2016-05-01,67.22,Andhra Pradesh
Ongole,2016-05-17,68.07,Andhra Pradesh
Ongole,2016-06-01,70.72,Andhra Pradesh
Ongole,2016-06-15,70.83,Andhra Pradesh
Ongole,2016-07-01,69.91,Andhra Pradesh
Ongole,2016-07-15,67.59,Andhra Pradesh
Ongole,2016-08-01,66.13,Andhra Pradesh
Ongole,2016-08-15,65.15,Andhra Pradesh
Ongole,2016-09-01,68.63,Andhra Pradesh
Ongole,2016-09-15,69.42,Andhra Pradesh
Ongole,2016-10-01,69.8,Andhra Pradesh
Ongole,2016-10-05,69.91,Andhra Pradesh
Ongole,2016-10-15,71.7,Andhra Pradesh
Ongole,2016-11-06,72.98,Andhra Pradesh
Ongole,2016-11-16,71.2,Andhra Pradesh
Ongole,2016-12-01,71.38,Andhra Pradesh
Ongole,2016-12-17,74.31,Andhra Pradesh
Ongole,2017-01-01,76.02,Andhra Pradesh
Ongole,2017-01-16,76.57,Andhra Pradesh
Ongole,2017-02-23,76.32,Andhra Pradesh
Ongole,2017-04-01,71.88,Andhra Pradesh
Ongole,2017-04-16,73.71,Andhra Pradesh
Ongole,2017-05-01,73.73,Andhra Pradesh
Ongole,2017-05-16,70.9,Andhra Pradesh
Ongole,2017-06-01,72.54,Andhra Pradesh
Ongole,2017-06-16,70.96,Andhra Pradesh
Ongole,2017-06-19,70.11,Andhra Pradesh
Ongole,2017-06-21,70.0,Andhra Pradesh
Ongole,2017-06-26,68.97,Andhra Pradesh
Ongole,2017-06-30,68.73,Andhra Pradesh
Ongole,2017-07-03,68.5,Andhra Pradesh
Ongole,2017-07-10,69.22,Andhra Pradesh
Ongole,2017-07-13,76.56,Andhra Pradesh
Ongole,2017-07-17,69.58,Andhra Pradesh
Ongole,2017-07-24,69.97,Andhra Pradesh
Ongole,2017-08-01,70.66,Andhra Pradesh
Ongole,2017-08-07,71.96,Andhra Pradesh
Ongole,2017-08-14,73.29,Andhra Pradesh
Ongole,2017-08-21,73.9,Andhra Pradesh
Ongole,2017-08-28,74.46,Andhra Pradesh
Ongole,2017-09-04,74.98,Andhra Pradesh
Ongole,2017-09-11,75.66,Andhra Pradesh
Ongole,2017-09-19,75.89,Andhra Pradesh
Ongole,2017-09-25,75.77,Andhra Pradesh
Ongole,2017-10-03,76.24,Andhra Pradesh
Ongole,2017-10-04,73.7,Andhra Pradesh
Ongole,2017-10-09,73.75,Andhra Pradesh
Ongole,2017-10-16,73.58,Andhra Pradesh
Ongole,2017-10-24,73.9,Andhra Pradesh
Ongole,2017-10-30,74.39,Andhra Pradesh
Ongole,2017-11-06,75.12,Andhra Pradesh
Ongole,2017-11-13,75.18,Andhra Pradesh
Ongole,2017-11-20,74.91,Andhra Pradesh
Ongole,2017-11-27,74.67,Andhra Pradesh
Ongole,2017-12-05,74.64,Andhra Pradesh
Ongole,2017-12-11,74.5,Andhra Pradesh
Ongole,2017-12-18,74.58,Andhra Pradesh
Ongole,2017-12-26,75.03,Andhra Pradesh
Ongole,2018-01-01,75.38,Andhra Pradesh
Ongole,2018-01-02,75.72,Andhra Pradesh
Ongole,2018-01-05,75.4,Andhra Pradesh
Ongole,2018-01-08,75.84,Andhra Pradesh
Ongole,2018-01-09,75.9,Andhra Pradesh
Ongole,2018-01-10,75.97,Andhra Pradesh
Ongole,2018-01-11,76.01,Andhra Pradesh
Ongole,2018-01-12,76.07,Andhra Pradesh
Ongole,2018-01-15,76.52,Andhra Pradesh
Ongole,2018-01-16,76.62,Andhra Pradesh
Ongole,2018-01-17,76.74,Andhra Pradesh
Ongole,2018-01-18,76.92,Andhra Pradesh
Ongole,2018-01-19,77.06,Andhra Pradesh
Ongole,2018-01-22,77.6,Andhra Pradesh
Ongole,2018-01-23,77.76,Andhra Pradesh
Ongole,2018-01-24,77.81,Andhra Pradesh
Ongole,2018-01-25,77.87,Andhra Pradesh
Ongole,2018-01-29,78.23,Andhra Pradesh
Ongole,2018-01-30,78.31,Andhra Pradesh
Ongole,2018-02-01,78.45,Andhra Pradesh
Ongole,2018-02-02,78.5,Andhra Pradesh
Ongole,2018-02-05,78.72,Andhra Pradesh
Ongole,2018-02-06,78.79,Andhra Pradesh
Ongole,2018-02-08,78.78,Andhra Pradesh
Ongole,2018-02-09,78.76,Andhra Pradesh
Ongole,2018-02-12,78.41,Andhra Pradesh
Ongole,2018-02-13,78.34,Andhra Pradesh
Ongole,2018-02-15,78.18,Andhra Pradesh
Ongole,2018-02-16,77.9,Andhra Pradesh
Ongole,2018-02-19,77.29,Andhra Pradesh
Ongole,2018-02-20,77.09,Andhra Pradesh
Ongole,2018-02-21,77.08,Andhra Pradesh
Ongole,2018-02-22,77.06,Andhra Pradesh
Ongole,2018-02-23,76.97,Andhra Pradesh
Ongole,2018-02-26,76.88,Andhra Pradesh
Ongole,2018-02-27,76.86,Andhra Pradesh
Ongole,2018-03-01,77.0,Andhra Pradesh
Ongole,2018-03-02,77.18,Andhra Pradesh
Ongole,2018-03-05,77.77,Andhra Pradesh
Ongole,2018-03-06,77.84,Andhra Pradesh
Ongole,2018-03-09,77.88,Andhra Pradesh
Ongole,2018-03-12,77.9,Andhra Pradesh
Ongole,2018-03-13,77.93,Andhra Pradesh
Ongole,2018-03-15,77.9,Andhra Pradesh
Ongole,2018-03-16,77.82,Andhra Pradesh
Ongole,2018-03-19,77.64,Andhra Pradesh
Ongole,2018-03-20,77.65,Andhra Pradesh
Ongole,2018-03-22,77.71,Andhra Pradesh
Ongole,2018-03-23,77.75,Andhra Pradesh
Ongole,2018-03-26,78.25,Andhra Pradesh
Ongole,2018-03-27,78.37,Andhra Pradesh
Ongole,2018-03-29,78.55,Andhra Pradesh
Ongole,2018-03-30,78.79,Andhra Pradesh
Ongole,2018-04-02,79.3,Andhra Pradesh
Ongole,2018-04-03,79.43,Andhra Pradesh
Ongole,2018-04-05,79.47,Andhra Pradesh
Ongole,2018-04-09,79.48,Andhra Pradesh
Ongole,2018-04-10,79.47,Andhra Pradesh
Ongole,2018-04-12,79.42,Andhra Pradesh
Ongole,2018-04-13,79.39,Andhra Pradesh
Ongole,2018-04-16,79.51,Andhra Pradesh
Ongole,2018-04-19,79.56,Andhra Pradesh
Ongole,2018-04-20,79.57,Andhra Pradesh
Ongole,2018-04-23,80.0,Andhra Pradesh
Ongole,2018-04-24,80.13,Andhra Pradesh
Ongole,2018-05-14,80.31,Andhra Pradesh
Ongole,2018-05-15,80.46,Andhra Pradesh
Ongole,2018-05-16,80.62,Andhra Pradesh
Ongole,2018-05-17,80.85,Andhra Pradesh
Ongole,2018-05-18,80.31,Andhra Pradesh
Ongole,2018-05-21,82.13,Andhra Pradesh
Ongole,2018-05-22,82.44,Andhra Pradesh
Ongole,2018-05-23,82.75,Andhra Pradesh
Ongole,2018-05-24,83.06,Andhra Pradesh
Ongole,2018-05-25,83.43,Andhra Pradesh
Ongole,2018-05-26,83.57,Andhra Pradesh
Ongole,2018-05-27,83.73,Andhra Pradesh
Ongole,2018-05-28,83.88,Andhra Pradesh
Ongole,2018-05-29,84.05,Andhra Pradesh
Ongole,2018-05-31,83.96,Andhra Pradesh
Ongole,2018-06-01,83.9,Andhra Pradesh
Ongole,2018-06-02,83.81,Andhra Pradesh
Ongole,2018-06-03,83.72,Andhra Pradesh
Ongole,2018-06-04,83.56,Andhra Pradesh
Ongole,2018-06-05,83.43,Andhra Pradesh
Ongole,2018-06-06,83.32,Andhra Pradesh
Ongole,2018-06-07,83.22,Andhra Pradesh
Ongole,2018-06-08,83.01,Andhra Pradesh
Ongole,2018-06-09,82.59,Andhra Pradesh
Ongole,2018-06-10,82.35,Andhra Pradesh
Ongole,2018-06-11,82.14,Andhra Pradesh
Ongole,2018-06-12,81.99,Andhra Pradesh
Ongole,2018-06-15,81.91,Andhra Pradesh
Ongole,2018-06-19,81.82,Andhra Pradesh
Ongole,2018-06-21,81.71,Andhra Pradesh
Ongole,2018-06-22,81.57,Andhra Pradesh
Ongole,2018-06-23,81.47,Andhra Pradesh
Ongole,2018-06-24,81.33,Andhra Pradesh
Ongole,2018-06-25,81.23,Andhra Pradesh
Ongole,2018-07-05,81.25,Andhra Pradesh
Ongole,2018-07-06,81.39,Andhra Pradesh
Ongole,2018-07-09,81.92,Andhra Pradesh
Ongole,2018-07-10,82.09,Andhra Pradesh
Ongole,2018-07-12,82.15,Andhra Pradesh
Ongole,2018-07-13,82.33,Andhra Pradesh
Ongole,2018-07-16,82.42,Andhra Pradesh
Ongole,2018-07-20,82.25,Andhra Pradesh
Ongole,2018-07-23,81.92,Andhra Pradesh
Ongole,2018-07-24,81.85,Andhra Pradesh
Ongole,2018-07-30,81.87,Andhra Pradesh
Ongole,2018-07-31,81.93,Andhra Pradesh
Ongole,2018-08-02,82.06,Andhra Pradesh
Ongole,2018-08-03,82.13,Andhra Pradesh
Ongole,2018-08-06,82.61,Andhra Pradesh
Ongole,2018-08-07,82.71,Andhra Pradesh
Ongole,2018-08-13,82.79,Andhra Pradesh
Ongole,2018-08-16,82.84,Andhra Pradesh
Ongole,2018-08-20,83.15,Andhra Pradesh
Ongole,2018-08-21,83.24,Andhra Pradesh
Ongole,2018-08-24,83.34,Andhra Pradesh
Ongole,2018-08-25,75.47,Andhra Pradesh
Ongole,2018-08-26,75.56,Andhra Pradesh
Ongole,2018-08-27,83.58,Andhra Pradesh
Ongole,2018-08-28,83.73,Andhra Pradesh
Ongole,2018-08-29,83.86,Andhra Pradesh
Ongole,2018-08-30,83.98,Andhra Pradesh
Ongole,2018-08-31,84.21,Andhra Pradesh
Ongole,2018-09-03,84.9,Andhra Pradesh
Ongole,2018-09-04,85.06,Andhra Pradesh
Ongole,2018-09-06,85.27,Andhra Pradesh
Ongole,2018-09-07,85.76,Andhra Pradesh
Ongole,2018-09-10,86.53,Andhra Pradesh
Ongole,2018-09-11,84.65,Andhra Pradesh
Ongole,2018-09-13,84.79,Andhra Pradesh
Ongole,2018-09-14,85.08,Andhra Pradesh
Ongole,2018-09-15,85.44,Andhra Pradesh
Ongole,2018-09-16,85.72,Andhra Pradesh
Ongole,2018-09-17,85.88,Andhra Pradesh
Ongole,2018-09-18,85.98,Andhra Pradesh
Ongole,2018-09-20,86.04,Andhra Pradesh
Ongole,2018-09-21,86.15,Andhra Pradesh
Ongole,2018-09-23,86.43,Andhra Pradesh
Ongole,2018-09-24,86.54,Andhra Pradesh
Ongole,2018-09-25,86.69,Andhra Pradesh
Ongole,2018-09-27,86.83,Andhra Pradesh
Ongole,2018-09-28,87.06,Andhra Pradesh
Ongole,2018-09-30,87.34,Andhra Pradesh
Ongole,2018-10-01,87.57,Andhra Pradesh
Ongole,2018-10-02,87.68,Andhra Pradesh
Ongole,2018-10-04,87.82,Andhra Pradesh
Ongole,2018-10-05,85.25,Andhra Pradesh
Ongole,2018-10-06,85.43,Andhra Pradesh
Ongole,2018-10-07,85.58,Andhra Pradesh
Ongole,2018-10-08,85.79,Andhra Pradesh
Ongole,2018-10-09,86.03,Andhra Pradesh
Ongole,2018-10-11,86.13,Andhra Pradesh
Ongole,2018-10-12,86.26,Andhra Pradesh
Ongole,2018-10-13,86.44,Andhra Pradesh
Ongole,2018-10-14,86.5,Andhra Pradesh
Ongole,2018-10-16,86.62,Andhra Pradesh
Ongole,2018-10-19,86.15,Andhra Pradesh
Ongole,2018-10-20,85.75,Andhra Pradesh
Ongole,2018-10-22,85.19,Andhra Pradesh
Ongole,2018-10-23,85.08,Andhra Pradesh
Ongole,2018-10-24,84.99,Andhra Pradesh
Ongole,2018-10-25,84.84,Andhra Pradesh
Ongole,2018-10-26,84.58,Andhra Pradesh
Ongole,2018-10-29,83.45,Andhra Pradesh
Ongole,2018-10-30,83.24,Andhra Pradesh
Ongole,2018-11-01,83.06,Andhra Pradesh
Ongole,2018-11-02,82.87,Andhra Pradesh
Ongole,2018-11-05,82.26,Andhra Pradesh
Ongole,2018-11-06,82.12,Andhra Pradesh
Ongole,2018-11-12,81.23,Andhra Pradesh
Ongole,2018-11-13,81.1,Andhra Pradesh
Ongole,2018-11-15,80.94,Andhra Pradesh
Ongole,2018-11-16,80.76,Andhra Pradesh
Ongole,2018-11-19,80.16,Andhra Pradesh
Ongole,2018-11-20,80.02,Andhra Pradesh
Ongole,2018-11-22,79.6,Andhra Pradesh
Ongole,2018-11-23,79.19,Andhra Pradesh
Ongole,2018-11-26,78.07,Andhra Pradesh
Ongole,2018-11-27,77.64,Andhra Pradesh
Ongole,2018-11-28,77.13,Andhra Pradesh
Ongole,2018-11-29,76.79,Andhra Pradesh
Ongole,2018-11-30,76.41,Andhra Pradesh
Ongole,2018-12-01,76.04,Andhra Pradesh
Ongole,2018-12-02,75.72,Andhra Pradesh
Ongole,2018-12-03,75.4,Andhra Pradesh
Ongole,2018-12-04,75.18,Andhra Pradesh
Ongole,2018-12-06,74.77,Andhra Pradesh
Ongole,2018-12-07,74.36,Andhra Pradesh
Ongole,2018-12-10,73.73,Andhra Pradesh
Ongole,2018-12-11,73.57,Andhra Pradesh
Ongole,2018-12-13,73.66,Andhra Pradesh
Ongole,2018-12-17,73.91,Andhra Pradesh
Ongole,2018-12-18,74.01,Andhra Pradesh
Ongole,2018-12-21,73.83,Andhra Pradesh
Ongole,2018-12-24,73.22,Andhra Pradesh
Ongole,2018-12-25,73.14,Andhra Pradesh
Ongole,2018-12-27,73.09,Andhra Pradesh
Ongole,2018-12-28,72.9,Andhra Pradesh
Ongole,2018-12-31,72.17,Andhra Pradesh
Ongole,2019-01-02,72.06,Andhra Pradesh
Ongole,2019-01-04,71.85,Andhra Pradesh
Ongole,2019-01-07,71.91,Andhra Pradesh
Ongole,2019-01-10,72.3,Andhra Pradesh
Ongole,2019-01-11,72.5,Andhra Pradesh
Ongole,2019-01-14,73.59,Andhra Pradesh
Ongole,2019-01-16,73.79,Andhra Pradesh
Ongole,2019-01-17,73.94,Andhra Pradesh
Ongole,2019-01-18,74.02,Andhra Pradesh
Ongole,2019-01-21,74.63,Andhra Pradesh
Ongole,2019-01-22,74.76,Andhra Pradesh
Ongole,2019-01-29,74.68,Andhra Pradesh
Ongole,2019-01-31,74.57,Andhra Pradesh
Ongole,2019-02-01,74.33,Andhra Pradesh
Ongole,2019-02-05,73.81,Andhra Pradesh
Ongole,2019-02-08,73.75,Andhra Pradesh
Ongole,2019-02-11,73.7,Andhra Pradesh
Ongole,2019-02-14,73.76,Andhra Pradesh
Ongole,2019-02-15,73.83,Andhra Pradesh
Ongole,2019-02-18,74.3,Andhra Pradesh
Ongole,2019-02-19,74.4,Andhra Pradesh
Ongole,2019-02-22,74.7,Andhra Pradesh
Ongole,2019-02-25,74.99,Andhra Pradesh
Ongole,2019-02-26,75.08,Andhra Pradesh
Ongole,2019-02-28,75.15,Andhra Pradesh
Ongole,2019-03-01,75.26,Andhra Pradesh
Ongole,2019-03-04,75.63,Andhra Pradesh
Ongole,2019-03-05,75.7,Andhra Pradesh
Ongole,2019-03-11,75.93,Andhra Pradesh
Ongole,2019-03-12,75.88,Andhra Pradesh
Ongole,2019-03-14,75.95,Andhra Pradesh
Ongole,2019-03-15,76.02,Andhra Pradesh
Ongole,2019-03-18,76.26,Andhra Pradesh
Ongole,2019-03-21,76.19,Andhra Pradesh
Ongole,2019-03-22,76.24,Andhra Pradesh
Ongole,2019-03-23,76.29,Andhra Pradesh
Ongole,2019-03-24,76.34,Andhra Pradesh
Ongole,2019-03-28,76.29,Andhra Pradesh
Ongole,2019-04-01,76.37,Andhra Pradesh
Ongole,2019-04-05,76.42,Andhra Pradesh
Ongole,2019-04-08,76.36,Andhra Pradesh
Ongole,2019-04-09,76.31,Andhra Pradesh
Ongole,2019-04-12,76.37,Andhra Pradesh
Ongole,2019-04-15,76.49,Andhra Pradesh
Ongole,2019-04-16,76.44,Andhra Pradesh
Ongole,2019-04-20,76.51,Andhra Pradesh
Ongole,2019-04-22,76.46,Andhra Pradesh
Ongole,2019-04-25,76.53,Andhra Pradesh
Ongole,2019-04-27,76.59,Andhra Pradesh
Ongole,2019-04-30,76.65,Andhra Pradesh
Ongole,2019-05-02,76.58,Andhra Pradesh
Ongole,2019-05-04,76.59,Andhra Pradesh
Ongole,2019-05-05,76.53,Andhra Pradesh
Ongole,2019-05-06,76.46,Andhra Pradesh
Ongole,2019-05-09,76.29,Andhra Pradesh
Ongole,2019-05-10,76.08,Andhra Pradesh
Ongole,2019-05-11,75.58,Andhra Pradesh
Ongole,2019-05-12,75.15,Andhra Pradesh
Ongole,2019-05-13,74.84,Andhra Pradesh
Ongole,2019-05-14,74.59,Andhra Pradesh
Ongole,2019-05-17,74.5,Andhra Pradesh
Ongole,2019-05-18,74.43,Andhra Pradesh
Ongole,2019-05-20,74.52,Andhra Pradesh
Ongole,2019-05-21,74.58,Andhra Pradesh
Ongole,2019-05-23,74.66,Andhra Pradesh
Ongole,2019-05-24,74.8,Andhra Pradesh
Ongole,2019-05-25,74.95,Andhra Pradesh
Ongole,2019-05-26,75.09,Andhra Pradesh
Ongole,2019-05-27,75.19,Andhra Pradesh
Ongole,2019-05-28,75.29,Andhra Pradesh
Ongole,2019-05-30,75.22,Andhra Pradesh
Ongole,2019-05-31,75.15,Andhra Pradesh
Ongole,2019-06-01,75.12,Andhra Pradesh
Ongole,2019-06-02,75.0,Andhra Pradesh
Ongole,2019-06-03,74.79,Andhra Pradesh
Ongole,2019-06-04,74.72,Andhra Pradesh
Ongole,2019-06-06,74.55,Andhra Pradesh
Ongole,2019-06-07,74.42,Andhra Pradesh
Ongole,2019-06-10,73.89,Andhra Pradesh
Ongole,2019-06-13,73.81,Andhra Pradesh
Ongole,2019-06-14,73.64,Andhra Pradesh
Ongole,2019-06-15,73.44,Andhra Pradesh
Ongole,2019-06-16,73.38,Andhra Pradesh
Ongole,2019-06-24,73.5,Andhra Pradesh
Ongole,2019-06-27,73.58,Andhra Pradesh
Ongole,2019-06-28,73.63,Andhra Pradesh
Ongole,2019-06-29,73.74,Andhra Pradesh
Ongole,2019-06-30,73.83,Andhra Pradesh
Ongole,2019-07-01,73.93,Andhra Pradesh
Ongole,2019-07-02,74.0,Andhra Pradesh
Ongole,2019-07-06,76.52,Andhra Pradesh
Ongole,2019-07-09,76.46,Andhra Pradesh
Ongole,2019-07-13,76.56,Andhra Pradesh
Ongole,2019-07-14,76.65,Andhra Pradesh
Ongole,2019-07-15,76.78,Andhra Pradesh
Ongole,2019-07-16,76.84,Andhra Pradesh
Ongole,2019-07-18,76.93,Andhra Pradesh
Ongole,2019-07-23,76.99,Andhra Pradesh
Ongole,2019-07-25,76.93,Andhra Pradesh
Ongole,2019-07-26,76.86,Andhra Pradesh
Ongole,2019-07-27,76.81,Andhra Pradesh
Ongole,2019-07-28,76.71,Andhra Pradesh
Ongole,2019-07-29,76.56,Andhra Pradesh
Ongole,2019-07-30,76.42,Andhra Pradesh
Ongole,2019-08-01,76.36,Andhra Pradesh
Ongole,2019-08-02,76.19,Andhra Pradesh
Ongole,2019-08-03,76.12,Andhra Pradesh
Ongole,2019-08-04,76.02,Andhra Pradesh
Ongole,2019-08-05,75.87,Andhra Pradesh
Ongole,2019-08-06,75.77,Andhra Pradesh
Ongole,2019-08-08,75.72,Andhra Pradesh
Ongole,2019-08-09,75.57,Andhra Pradesh
Ongole,2019-08-11,75.47,Andhra Pradesh
Ongole,2019-08-18,75.39,Andhra Pradesh
Ongole,2019-08-19,75.32,Andhra Pradesh
Ongole,2019-08-24,75.4,Andhra Pradesh
Ongole,2019-08-25,75.47,Andhra Pradesh
Ongole,2019-08-26,75.56,Andhra Pradesh
Ongole,2019-08-27,75.56,Andhra Pradesh
Ongole,2019-08-29,75.49,Andhra Pradesh
Ongole,2019-09-05,75.47,Andhra Pradesh
Ongole,2019-09-06,75.37,Andhra Pradesh
Ongole,2019-09-07,75.28,Andhra Pradesh
Ongole,2019-09-08,75.22,Andhra Pradesh
Ongole,2019-09-10,75.27,Andhra Pradesh
Ongole,2019-09-12,75.33,Andhra Pradesh
Ongole,2019-09-13,75.4,Andhra Pradesh
Ongole,2019-09-14,75.49,Andhra Pradesh
Ongole,2019-09-15,75.55,Andhra Pradesh
Ongole,2019-09-17,75.69,Andhra Pradesh
Ongole,2019-09-18,75.95,Andhra Pradesh
Ongole,2019-09-19,76.25,Andhra Pradesh
Ongole,2019-09-20,76.61,Andhra Pradesh
Ongole,2019-09-21,76.91,Andhra Pradesh
Ongole,2019-09-22,77.18,Andhra Pradesh
Ongole,2019-09-23,77.48,Andhra Pradesh
Ongole,2019-09-24,77.71,Andhra Pradesh
Ongole,2019-09-26,77.77,Andhra Pradesh
Ongole,2019-09-27,77.93,Andhra Pradesh
Ongole,2019-09-30,78.01,Andhra Pradesh
Ongole,2019-10-01,78.23,Andhra Pradesh
Ongole,2019-10-03,78.13,Andhra Pradesh
Ongole,2019-10-04,77.94,Andhra Pradesh
Ongole,2019-10-05,77.64,Andhra Pradesh
Ongole,2019-10-07,77.36,Andhra Pradesh
Ongole,2019-10-08,77.18,Andhra Pradesh
Ongole,2019-10-10,77.13,Andhra Pradesh
Ongole,2019-10-11,77.01,Andhra Pradesh
Ongole,2019-10-12,76.9,Andhra Pradesh
Ongole,2019-10-15,76.85,Andhra Pradesh
Ongole,2019-10-19,76.85,Andhra Pradesh
Ongole,2019-10-22,76.8,Andhra Pradesh
Ongole,2019-10-24,76.75,Andhra Pradesh
Ongole,2019-10-25,76.63,Andhra Pradesh
Ongole,2019-10-26,76.55,Andhra Pradesh
Ongole,2019-10-29,76.49,Andhra Pradesh
Ongole,2019-11-01,76.37,Andhra Pradesh
Ongole,2019-11-02,76.29,Andhra Pradesh
Ongole,2019-11-03,76.24,Andhra Pradesh
Ongole,2019-11-04,76.15,Andhra Pradesh
Ongole,2019-11-05,76.1,Andhra Pradesh
Ongole,2019-11-08,76.2,Andhra Pradesh
Ongole,2019-11-09,76.36,Andhra Pradesh
Ongole,2019-11-10,76.57,Andhra Pradesh
Ongole,2019-11-11,76.72,Andhra Pradesh
Ongole,2019-11-13,76.82,Andhra Pradesh
Ongole,2019-11-14,76.98,Andhra Pradesh
Ongole,2019-11-15,77.16,Andhra Pradesh
Ongole,2019-11-16,77.31,Andhra Pradesh
Ongole,2019-11-17,77.43,Andhra Pradesh
Ongole,2019-11-18,77.59,Andhra Pradesh
Ongole,2019-11-19,77.75,Andhra Pradesh
Ongole,2019-11-22,77.9,Andhra Pradesh
Ongole,2019-11-23,78.0,Andhra Pradesh
Ongole,2019-11-24,78.1,Andhra Pradesh
Ongole,2019-11-25,78.22,Andhra Pradesh
Ongole,2019-11-26,78.32,Andhra Pradesh
Ongole,2019-11-29,78.38,Andhra Pradesh
Ongole,2019-11-30,78.433,Andhra Pradesh
Ongole,2019-12-01,78.55,Andhra Pradesh
Ongole,2019-12-07,78.46,Andhra Pradesh
Ongole,2019-12-08,78.55,Andhra Pradesh
Ongole,2019-12-09,78.6,Andhra Pradesh
Ongole,2019-12-10,78.61,Andhra Pradesh
Ongole,2019-12-12,78.56,Andhra Pradesh
Ongole,2019-12-13,78.5,Andhra Pradesh
Ongole,2019-12-14,78.45,Andhra Pradesh
Ongole,2019-12-15,78.34,Andhra Pradesh
Ongole,2019-12-16,78.29,Andhra Pradesh
Ongole,2019-12-17,78.24,Andhra Pradesh
Ongole,2019-12-19,78.23,Andhra Pradesh
Ongole,2019-12-26,78.28,Andhra Pradesh
Ongole,2019-12-27,78.34,Andhra Pradesh
Ongole,2019-12-29,78.49,Andhra Pradesh
Ongole,2019-12-30,78.65,Andhra Pradesh
Ongole,2019-12-31,78.76,Andhra Pradesh
Ongole,2020-01-02,78.89,Andhra Pradesh
Ongole,2020-01-03,78.99,Andhra Pradesh
Ongole,2020-01-04,79.09,Andhra Pradesh
Ongole,2020-01-05,79.19,Andhra Pradesh
Ongole,2020-01-06,79.34,Andhra Pradesh
Ongole,2020-01-07,79.49,Andhra Pradesh
Ongole,2020-01-08,79.39,Andhra Pradesh
Ongole,2020-01-09,79.46,Andhra Pradesh
Ongole,2020-01-10,79.62,Andhra Pradesh
Ongole,2020-01-11,79.67,Andhra Pradesh
Ongole,2020-01-12,79.57,Andhra Pradesh
Ongole,2020-01-13,79.45,Andhra Pradesh
Ongole,2020-01-14,79.35,Andhra Pradesh
Ongole,2020-01-16,79.2,Andhra Pradesh
Ongole,2020-01-17,79.05,Andhra Pradesh
Ongole,2020-01-18,78.9,Andhra Pradesh
Ongole,2020-01-19,78.72,Andhra Pradesh
Ongole,2020-01-20,78.61,Andhra Pradesh
Ongole,2020-01-21,78.45,Andhra Pradesh
Ongole,2020-01-22,78.45,Andhra Pradesh
Ongole,2020-01-23,78.27,Andhra Pradesh
Ongole,2020-01-24,78.05,Andhra Pradesh
Ongole,2020-01-25,77.8,Andhra Pradesh
Ongole,2020-01-26,77.5,Andhra Pradesh
Ongole,2020-01-27,77.3,Andhra Pradesh
Ongole,2020-01-28,77.19,Andhra Pradesh
Ongole,2020-01-29,77.19,Andhra Pradesh
Ongole,2020-01-30,76.95,Andhra Pradesh
Ongole,2020-01-31,77.15,Andhra Pradesh
Ongole,2020-02-01,77.0,Andhra Pradesh
Ongole,2020-02-02,76.9,Andhra Pradesh
Ongole,2020-02-03,76.84,Andhra Pradesh
Ongole,2020-02-04,76.79,Andhra Pradesh
Ongole,2020-02-05,76.79,Andhra Pradesh
Ongole,2020-02-06,76.68,Andhra Pradesh
Ongole,2020-02-07,76.46,Andhra Pradesh
Ongole,2020-02-08,76.22,Andhra Pradesh
Ongole,2020-02-09,75.98,Andhra Pradesh
Ongole,2020-02-10,75.85,Andhra Pradesh
Ongole,2020-02-11,75.68,Andhra Pradesh
Ongole,2020-02-12,75.68,Andhra Pradesh
Ongole,2020-02-13,75.68,Andhra Pradesh
Ongole,2020-02-14,75.68,Andhra Pradesh
Ongole,2020-02-15,75.68,Andhra Pradesh
Ongole,2020-02-17,75.68,Andhra Pradesh
Ongole,2020-02-18,75.62,Andhra Pradesh
Ongole,2020-02-19,75.62,Andhra Pradesh
Ongole,2020-02-20,75.62,Andhra Pradesh
Ongole,2020-02-21,75.62,Andhra Pradesh
Ongole,2020-02-24,75.75,Andhra Pradesh
Ongole,2020-02-25,75.75,Andhra Pradesh
Ongole,2020-02-26,75.75,Andhra Pradesh
Ongole,2020-02-27,75.7,Andhra Pradesh
Ongole,2020-02-28,75.7,Andhra Pradesh
Ongole,2020-02-29,75.62,Andhra Pradesh
Ongole,2020-03-01,75.99,Andhra Pradesh
Ongole,2020-03-02,75.77,Andhra Pradesh
Ongole,2020-03-03,75.72,Andhra Pradesh
Ongole,2020-03-04,75.72,Andhra Pradesh
Ongole,2020-03-05,75.56,Andhra Pradesh
Ongole,2020-03-06,75.41,Andhra Pradesh
Ongole,2020-03-07,75.28,Andhra Pradesh
Ongole,2020-03-08,75.09,Andhra Pradesh
Ongole,2020-03-09,74.84,Andhra Pradesh
Ongole,2020-03-10,74.54,Andhra Pradesh
Ongole,2020-03-11,74.54,Andhra Pradesh
Ongole,2020-03-12,74.38,Andhra Pradesh
Ongole,2020-03-13,74.23,Andhra Pradesh
Ongole,2020-03-14,74.1,Andhra Pradesh
Ongole,2020-03-15,73.98,Andhra Pradesh
Ongole,2020-03-16,73.81,Andhra Pradesh
Ongole,2020-03-17,73.81,Andhra Pradesh
Ongole,2020-03-18,73.81,Andhra Pradesh
Ongole,2020-03-19,73.81,Andhra Pradesh
Ongole,2020-03-20,73.81,Andhra Pradesh
Ongole,2020-03-21,73.81,Andhra Pradesh
Ongole,2020-03-22,73.81,Andhra Pradesh
Ongole,2020-03-23,73.81,Andhra Pradesh
Ongole,2020-03-24,73.81,Andhra Pradesh
Ongole,2020-03-25,73.81,Andhra Pradesh
Ongole,2020-03-26,73.81,Andhra Pradesh
Ongole,2020-03-27,73.81,Andhra Pradesh
Ongole,2020-03-28,73.81,Andhra Pradesh
Ongole,2020-03-29,73.81,Andhra Pradesh
Ongole,2020-03-30,73.81,Andhra Pradesh
Ongole,2020-03-31,73.81,Andhra Pradesh
Ongole,2020-04-01,73.81,Andhra Pradesh
Ongole,2020-04-02,73.81,Andhra Pradesh
Ongole,2020-04-03,73.81,Andhra Pradesh
Ongole,2020-04-04,73.81,Andhra Pradesh
Ongole,2020-04-05,73.81,Andhra Pradesh
Ongole,2020-04-06,73.81,Andhra Pradesh
Ongole,2020-04-07,73.81,Andhra Pradesh
Ongole,2020-04-08,73.81,Andhra Pradesh
Ongole,2020-04-09,73.81,Andhra Pradesh
Ongole,2020-04-10,73.81,Andhra Pradesh
Ongole,2020-04-11,73.81,Andhra Pradesh
Ongole,2020-04-12,73.81,Andhra Pradesh
Ongole,2020-04-13,73.81,Andhra Pradesh
Ongole,2020-04-14,73.81,Andhra Pradesh
Ongole,2020-04-15,73.81,Andhra Pradesh
Ongole,2020-04-16,73.81,Andhra Pradesh
Ongole,2020-04-17,73.81,Andhra Pradesh
Ongole,2020-04-18,73.81,Andhra Pradesh
Ongole,2020-04-20,73.81,Andhra Pradesh
Ongole,2020-04-21,73.81,Andhra Pradesh
Ongole,2020-04-22,73.81,Andhra Pradesh
Ongole,2020-04-23,73.81,Andhra Pradesh
Ongole,2020-04-24,73.81,Andhra Pradesh
Ongole,2020-04-25,73.81,Andhra Pradesh
Ongole,2020-04-26,73.81,Andhra Pradesh
Ongole,2020-04-27,73.81,Andhra Pradesh
Ongole,2020-04-28,73.81,Andhra Pradesh
Ongole,2020-04-29,73.81,Andhra Pradesh
Ongole,2020-04-30,73.81,Andhra Pradesh
Ongole,2020-05-01,73.81,Andhra Pradesh
Ongole,2020-05-02,73.81,Andhra Pradesh
Ongole,2020-05-03,73.81,Andhra Pradesh
Ongole,2020-05-04,73.81,Andhra Pradesh
Ongole,2020-05-05,73.81,Andhra Pradesh
Ongole,2020-05-06,73.81,Andhra Pradesh
Ongole,2020-05-07,73.81,Andhra Pradesh
Ongole,2020-05-08,73.81,Andhra Pradesh
Ongole,2020-05-09,73.81,Andhra Pradesh
Ongole,2020-05-10,73.81,Andhra Pradesh
Ongole,2020-05-11,73.81,Andhra Pradesh
Ongole,2020-05-12,73.81,Andhra Pradesh
Ongole,2020-05-13,73.81,Andhra Pradesh
Ongole,2020-05-14,73.81,Andhra Pradesh
Ongole,2020-05-15,73.81,Andhra Pradesh
Ongole,2020-05-16,73.81,Andhra Pradesh
Ongole,2020-05-17,73.81,Andhra Pradesh
Ongole,2020-05-18,73.81,Andhra Pradesh
Ongole,2020-05-19,73.81,Andhra Pradesh
Ongole,2020-05-20,73.81,Andhra Pradesh
Ongole,2020-05-21,73.81,Andhra Pradesh
Ongole,2020-05-22,73.81,Andhra Pradesh
Ongole,2020-05-23,73.81,Andhra Pradesh
Ongole,2020-05-24,73.81,Andhra Pradesh
Ongole,2020-05-25,73.81,Andhra Pradesh
Ongole,2020-05-26,73.81,Andhra Pradesh
Ongole,2020-05-27,73.81,Andhra Pradesh
Ongole,2020-05-28,73.81,Andhra Pradesh
Ongole,2020-05-29,73.81,Andhra Pradesh
Ongole,2020-05-30,73.81,Andhra Pradesh
Ongole,2020-05-31,73.81,Andhra Pradesh
Ongole,2020-06-01,73.81,Andhra Pradesh
Ongole,2020-06-02,73.81,Andhra Pradesh
Ongole,2020-06-03,73.81,Andhra Pradesh
Ongole,2020-06-04,73.81,Andhra Pradesh
Ongole,2020-06-05,73.81,Andhra Pradesh
Ongole,2020-06-06,73.81,Andhra Pradesh
Ongole,2020-06-07,74.41,Andhra Pradesh
Ongole,2020-06-08,75.01,Andhra Pradesh
Ongole,2020-06-09,75.55,Andhra Pradesh
Ongole,2020-06-10,75.95,Andhra Pradesh
Ongole,2020-06-11,76.55,Andhra Pradesh
Ongole,2020-06-12,77.15,Andhra Pradesh
Ongole,2020-06-13,77.75,Andhra Pradesh
Ongole,2020-06-14,78.35,Andhra Pradesh
Ongole,2020-06-15,78.85,Andhra Pradesh
Ongole,2020-06-16,79.32,Andhra Pradesh
Ongole,2020-06-17,79.87,Andhra Pradesh
Ongole,2020-06-18,80.4,Andhra Pradesh
Ongole,2020-06-19,80.97,Andhra Pradesh
Ongole,2020-06-20,81.48,Andhra Pradesh
Ongole,2020-06-21,81.83,Andhra Pradesh
Ongole,2020-06-22,82.16,Andhra Pradesh
Ongole,2020-06-23,82.36,Andhra Pradesh
Ongole,2020-06-24,82.36,Andhra Pradesh
Ongole,2020-06-25,82.52,Andhra Pradesh
Ongole,2020-06-26,82.74,Andhra Pradesh
Ongole,2020-06-27,82.98,Andhra Pradesh
Ongole,2020-06-28,82.98,Andhra Pradesh
Ongole,2020-06-29,83.03,Andhra Pradesh
Ongole,2020-06-30,83.03,Andhra Pradesh
Ongole,2020-07-01,83.03,Andhra Pradesh
Ongole,2020-07-02,83.03,Andhra Pradesh
Ongole,2020-07-03,83.03,Andhra Pradesh
Ongole,2020-07-04,83.03,Andhra Pradesh
Ongole,2020-07-05,83.03,Andhra Pradesh
Ongole,2020-07-06,83.03,Andhra Pradesh
Ongole,2020-07-07,83.03,Andhra Pradesh
Ongole,2020-07-08,83.03,Andhra Pradesh
Ongole,2020-07-09,83.03,Andhra Pradesh
Ongole,2020-07-10,83.03,Andhra Pradesh
Ongole,2020-07-11,83.03,Andhra Pradesh
Ongole,2020-07-12,83.03,Andhra Pradesh
Ongole,2020-07-13,83.03,Andhra Pradesh
Ongole,2020-07-15,83.03,Andhra Pradesh
Ongole,2020-07-16,83.03,Andhra Pradesh
Ongole,2020-07-17,83.07,Andhra Pradesh
Ongole,2020-07-18,83.07,Andhra Pradesh
Ongole,2020-07-19,83.07,Andhra Pradesh
Ongole,2020-07-20,83.07,Andhra Pradesh
Ongole,2020-07-21,83.07,Andhra Pradesh
Ongole,2020-07-22,83.07,Andhra Pradesh
Ongole,2020-07-23,83.07,Andhra Pradesh
Ongole,2020-07-24,83.07,Andhra Pradesh
Ongole,2020-07-25,84.32,Andhra Pradesh
Ongole,2020-07-26,84.32,Andhra Pradesh
Ongole,2020-07-27,84.32,Andhra Pradesh
Ongole,2020-07-28,84.32,Andhra Pradesh
Ongole,2020-07-29,84.32,Andhra Pradesh
Ongole,2020-07-30,84.32,Andhra Pradesh
Ongole,2020-07-31,84.32,Andhra Pradesh
Ongole,2020-08-01,84.32,Andhra Pradesh
Ongole,2020-08-02,84.32,Andhra Pradesh
Ongole,2020-08-03,84.32,Andhra Pradesh
Ongole,2020-08-04,84.32,Andhra Pradesh
Ongole,2020-08-05,84.32,Andhra Pradesh
Ongole,2020-08-06,84.32,Andhra Pradesh
Ongole,2020-08-07,84.32,Andhra Pradesh
Ongole,2020-08-08,84.32,Andhra Pradesh
Ongole,2020-08-09,84.32,Andhra Pradesh
Ongole,2020-08-10,84.32,Andhra Pradesh
Ongole,2020-08-11,84.32,Andhra Pradesh
Ongole,2020-08-12,84.32,Andhra Pradesh
Ongole,2020-08-13,84.32,Andhra Pradesh
Ongole,2020-08-14,84.32,Andhra Pradesh
Ongole,2020-08-15,84.32,Andhra Pradesh
Ongole,2020-08-16,84.49,Andhra Pradesh
Ongole,2020-08-17,84.65,Andhra Pradesh
Ongole,2020-08-18,84.81,Andhra Pradesh
Ongole,2020-08-19,84.81,Andhra Pradesh
Ongole,2020-08-20,84.91,Andhra Pradesh
Ongole,2020-08-21,85.1,Andhra Pradesh
Ongole,2020-08-22,85.26,Andhra Pradesh
Ongole,2020-08-23,85.4,Andhra Pradesh
Ongole,2020-08-24,85.54,Andhra Pradesh
Ongole,2020-08-25,85.65,Andhra Pradesh
Ongole,2020-08-26,85.65,Andhra Pradesh
Ongole,2020-08-27,85.75,Andhra Pradesh
Ongole,2020-08-28,85.85,Andhra Pradesh
Ongole,2020-08-29,85.85,Andhra Pradesh
Ongole,2020-08-30,85.95,Andhra Pradesh
Ongole,2020-08-31,85.95,Andhra Pradesh
Ongole,2020-09-01,86.0,Andhra Pradesh
Ongole,2020-09-02,86.0,Andhra Pradesh
Ongole,2020-09-03,86.0,Andhra Pradesh
Ongole,2020-09-04,86.0,Andhra Pradesh
Ongole,2020-09-05,86.0,Andhra Pradesh
Ongole,2020-09-06,86.0,Andhra Pradesh
Ongole,2020-09-07,86.0,Andhra Pradesh
Ongole,2020-09-08,86.0,Andhra Pradesh
Ongole,2020-09-09,86.0,Andhra Pradesh
Ongole,2020-09-10,85.91,Andhra Pradesh
Ongole,2020-09-11,85.91,Andhra Pradesh
Ongole,2020-09-12,85.78,Andhra Pradesh
Ongole,2020-09-13,85.78,Andhra Pradesh
Ongole,2020-09-14,85.64,Andhra Pradesh
Ongole,2020-09-15,85.47,Andhra Pradesh
Ongole,2020-09-16,85.47,Andhra Pradesh
Ongole,2020-09-17,85.31,Andhra Pradesh
Ongole,2020-09-18,85.05,Andhra Pradesh
Ongole,2020-09-19,86.37,Andhra Pradesh
Ongole,2020-09-20,86.37,Andhra Pradesh
Ongole,2020-09-21,86.37,Andhra Pradesh
Ongole,2020-09-22,86.29,Andhra Pradesh
Ongole,2020-09-23,86.29,Andhra Pradesh
Ongole,2020-09-24,86.29,Andhra Pradesh
Ongole,2020-09-25,86.29,Andhra Pradesh
Ongole,2020-09-26,86.29,Andhra Pradesh
Ongole,2020-09-27,86.29,Andhra Pradesh
Ongole,2020-09-28,86.29,Andhra Pradesh
Ongole,2020-09-29,86.29,Andhra Pradesh
Ongole,2020-09-30,86.29,Andhra Pradesh
Ongole,2020-10-01,86.29,Andhra Pradesh
Ongole,2020-10-02,86.29,Andhra Pradesh
Ongole,2020-10-03,86.29,Andhra Pradesh
Ongole,2020-10-04,86.29,Andhra Pradesh
Ongole,2020-10-05,86.29,Andhra Pradesh
Ongole,2020-10-06,86.29,Andhra Pradesh
Ongole,2020-10-07,86.29,Andhra Pradesh
Ongole,2020-10-08,86.29,Andhra Pradesh
Ongole,2020-10-09,86.29,Andhra Pradesh
Ongole,2020-10-10,86.29,Andhra Pradesh
Ongole,2020-10-11,86.29,Andhra Pradesh
Ongole,2020-10-12,86.29,Andhra Pradesh
Ongole,2020-10-13,86.29,Andhra Pradesh
Ongole,2020-10-14,86.29,Andhra Pradesh
Ongole,2020-10-15,86.29,Andhra Pradesh
Ongole,2020-10-16,86.29,Andhra Pradesh
Ongole,2020-10-17,86.29,Andhra Pradesh
Ongole,2020-10-18,86.29,Andhra Pradesh
Ongole,2020-10-19,86.29,Andhra Pradesh
Ongole,2020-10-20,86.29,Andhra Pradesh
Ongole,2020-10-21,86.29,Andhra Pradesh
Ongole,2020-10-22,86.29,Andhra Pradesh
Ongole,2020-10-23,86.29,Andhra Pradesh
Ongole,2020-10-24,86.29,Andhra Pradesh
Ongole,2020-10-25,86.29,Andhra Pradesh
Ongole,2020-10-26,86.29,Andhra Pradesh
Ongole,2020-10-27,86.29,Andhra Pradesh
Ongole,2020-10-28,86.29,Andhra Pradesh
Ongole,2020-10-29,86.29,Andhra Pradesh
Ongole,2020-10-30,86.29,Andhra Pradesh
Ongole,2020-10-31,86.29,Andhra Pradesh
Ongole,2020-11-01,86.29,Andhra Pradesh
Ongole,2020-11-02,86.29,Andhra Pradesh
Ongole,2020-11-03,86.29,Andhra Pradesh
Ongole,2020-11-04,86.29,Andhra Pradesh
Ongole,2020-11-05,86.29,Andhra Pradesh
Ongole,2020-11-06,86.29,Andhra Pradesh
Ongole,2020-11-07,86.29,Andhra Pradesh
Ongole,2020-11-08,86.29,Andhra Pradesh
Ongole,2020-11-09,86.29,Andhra Pradesh
Ongole,2020-11-10,86.29,Andhra Pradesh
Ongole,2020-11-11,86.29,Andhra Pradesh
Ongole,2020-11-12,86.29,Andhra Pradesh
Ongole,2020-11-13,86.29,Andhra Pradesh
Ongole,2020-11-14,86.29,Andhra Pradesh
Ongole,2020-11-15,86.29,Andhra Pradesh
Ongole,2020-11-16,86.29,Andhra Pradesh
Ongole,2020-11-17,86.29,Andhra Pradesh
Ongole,2020-11-18,86.29,Andhra Pradesh
Ongole,2020-11-19,86.29,Andhra Pradesh
Ongole,2020-11-20,86.46,Andhra Pradesh
Ongole,2020-11-21,86.59,Andhra Pradesh
Ongole,2020-11-22,86.64,Andhra Pradesh
Ongole,2020-11-23,86.71,Andhra Pradesh
Ongole,2020-11-24,86.77,Andhra Pradesh
Ongole,2020-11-25,86.77,Andhra Pradesh
Ongole,2020-11-26,86.88,Andhra Pradesh
Ongole,2020-11-27,87.07,Andhra Pradesh
Ongole,2020-11-28,87.31,Andhra Pradesh
Ongole,2020-11-29,87.52,Andhra Pradesh
Ongole,2020-11-30,87.52,Andhra Pradesh
Ongole,2020-12-01,87.52,Andhra Pradesh
Ongole,2020-12-02,87.67,Andhra Pradesh
Ongole,2020-12-03,87.84,Andhra Pradesh
Ongole,2020-12-04,88.04,Andhra Pradesh
Ongole,2020-12-05,88.32,Andhra Pradesh
Ongole,2020-12-06,88.6,Andhra Pradesh
Ongole,2020-12-07,88.9,Andhra Pradesh
Ongole,2020-12-08,88.9,Andhra Pradesh
Ongole,2020-12-09,88.9,Andhra Pradesh
Ongole,2020-12-10,88.9,Andhra Pradesh
Ongole,2020-12-11,88.9,Andhra Pradesh
Ongole,2020-12-12,88.9,Andhra Pradesh
Ongole,2020-12-13,88.9,Andhra Pradesh
Ongole,2020-12-14,88.9,Andhra Pradesh
Ongole,2020-12-15,88.9,Andhra Pradesh
Ongole,2020-12-16,88.9,Andhra Pradesh
Ongole,2020-12-17,88.9,Andhra Pradesh
Ongole,2020-12-18,88.9,Andhra Pradesh
Ongole,2020-12-19,88.9,Andhra Pradesh
Ongole,2020-12-20,88.9,Andhra Pradesh
Ongole,2020-12-21,88.9,Andhra Pradesh
Ongole,2020-12-22,88.9,Andhra Pradesh
Ongole,2020-12-23,88.9,Andhra Pradesh
Ongole,2020-12-24,88.9,Andhra Pradesh
Ongole,2020-12-25,88.9,Andhra Pradesh
Ongole,2020-12-26,88.9,Andhra Pradesh
Ongole,2020-12-27,88.9,Andhra Pradesh
Ongole,2020-12-28,88.9,Andhra Pradesh
Ongole,2020-12-29,88.9,Andhra Pradesh
Ongole,2020-12-30,88.9,Andhra Pradesh
Ongole,2020-12-31,88.9,Andhra Pradesh
Ongole,2021-01-01,88.9,Andhra Pradesh
Ongole,2021-01-02,88.9,Andhra Pradesh
Ongole,2021-01-03,88.9,Andhra Pradesh
Ongole,2021-01-04,88.9,Andhra Pradesh
Ongole,2021-01-05,88.9,Andhra Pradesh
Ongole,2021-01-06,89.18,Andhra Pradesh
Ongole,2021-01-07,89.43,Andhra Pradesh
Ongole,2021-01-08,89.43,Andhra Pradesh
Ongole,2021-01-09,89.43,Andhra Pradesh
Ongole,2021-01-10,89.43,Andhra Pradesh
Ongole,2021-01-11,89.43,Andhra Pradesh
Ongole,2021-01-12,89.43,Andhra Pradesh
Ongole,2021-01-13,89.68,Andhra Pradesh
Ongole,2021-01-14,89.93,Andhra Pradesh
Ongole,2021-01-15,89.93,Andhra Pradesh
Ongole,2021-01-16,89.93,Andhra Pradesh
Ongole,2021-01-17,89.93,Andhra Pradesh
Ongole,2021-01-18,90.18,Andhra Pradesh
Ongole,2021-01-19,90.44,Andhra Pradesh
Ongole,2021-01-20,90.44,Andhra Pradesh
Ongole,2021-01-21,90.44,Andhra Pradesh
Ongole,2021-01-22,90.69,Andhra Pradesh
Ongole,2021-01-23,90.94,Andhra Pradesh
Ongole,2021-01-24,90.94,Andhra Pradesh
Ongole,2021-01-25,90.94,Andhra Pradesh
Ongole,2021-01-26,91.29,Andhra Pradesh
Ongole,2021-01-27,91.54,Andhra Pradesh
Ongole,2021-01-28,91.54,Andhra Pradesh
Ongole,2021-01-29,91.54,Andhra Pradesh
Ongole,2021-01-30,91.54,Andhra Pradesh
Ongole,2021-01-31,91.54,Andhra Pradesh
Ongole,2021-02-01,91.54,Andhra Pradesh
Ongole,2021-02-02,91.54,Andhra Pradesh
Ongole,2021-02-03,91.54,Andhra Pradesh
Ongole,2021-02-04,91.89,Andhra Pradesh
Ongole,2021-02-05,92.19,Andhra Pradesh
Ongole,2021-02-06,92.19,Andhra Pradesh
Ongole,2021-02-07,92.19,Andhra Pradesh
Ongole,2021-02-08,92.19,Andhra Pradesh
Ongole,2021-02-09,92.55,Andhra Pradesh
Ongole,2021-02-10,92.85,Andhra Pradesh
Ongole,2021-02-11,93.1,Andhra Pradesh
Ongole,2021-02-12,93.39,Andhra Pradesh
Ongole,2021-02-13,93.69,Andhra Pradesh
Ongole,2021-02-14,93.98,Andhra Pradesh
Ongole,2021-02-15,94.24,Andhra Pradesh
Ongole,2021-02-16,94.55,Andhra Pradesh
Ongole,2021-02-17,94.8,Andhra Pradesh
Ongole,2021-02-18,95.14,Andhra Pradesh
Ongole,2021-02-19,95.45,Andhra Pradesh
Ongole,2021-02-20,95.84,Andhra Pradesh
Ongole,2021-02-21,95.84,Andhra Pradesh
Ongole,2021-02-22,95.84,Andhra Pradesh
Ongole,2021-02-23,96.19,Andhra Pradesh
Ongole,2021-02-24,96.19,Andhra Pradesh
Ongole,2021-02-25,96.19,Andhra Pradesh
Ongole,2021-02-26,96.19,Andhra Pradesh
Ongole,2021-02-27,96.44,Andhra Pradesh
Ongole,2021-02-28,96.44,Andhra Pradesh
Ongole,2021-03-01,96.44,Andhra Pradesh
