city,date,rate,district
Kakinada,2016-04-16,66.75,Andhra Pradesh
Kakinada,2016-05-01,67.84,Andhra Pradesh
Kakinada,2016-05-17,68.7,Andhra Pradesh
Kakinada,2016-06-01,71.35,Andhra Pradesh
Kakinada,2016-06-15,71.46,Andhra Pradesh
Kakinada,2016-07-01,70.52,Andhra Pradesh
Kakinada,2016-07-15,68.2,Andhra Pradesh
Kakinada,2016-08-01,66.81,Andhra Pradesh
Kakinada,2016-08-15,65.88,Andhra Pradesh
Kakinada,2016-09-01,69.36,Andhra Pradesh
Kakinada,2016-09-15,70.15,Andhra Pradesh
Kakinada,2016-10-01,70.53,Andhra Pradesh
Kakinada,2016-10-05,70.64,Andhra Pradesh
Kakinada,2016-10-15,72.43,Andhra Pradesh
Kakinada,2016-11-06,73.76,Andhra Pradesh
Kakinada,2016-11-16,71.98,Andhra Pradesh
Kakinada,2016-12-01,72.15,Andhra Pradesh
Kakinada,2016-12-17,75.08,Andhra Pradesh
Kakinada,2017-01-01,76.79,Andhra Pradesh
Kakinada,2017-01-16,77.35,Andhra Pradesh
Kakinada,2017-04-01,72.94,Andhra Pradesh
Kakinada,2017-04-16,74.77,Andhra Pradesh
Kakinada,2017-05-01,74.78,Andhra Pradesh
Kakinada,2017-05-16,71.95,Andhra Pradesh
Kakinada,2017-06-01,73.59,Andhra Pradesh
Kakinada,2017-06-16,71.77,Andhra Pradesh
Kakinada,2017-06-19,70.92,Andhra Pradesh
Kakinada,2017-06-21,70.81,Andhra Pradesh
Kakinada,2017-06-26,69.79,Andhra Pradesh
Kakinada,2017-06-30,69.54,Andhra Pradesh
Kakinada,2017-07-03,69.32,Andhra Pradesh
Kakinada,2017-07-10,70.04,Andhra Pradesh
Kakinada,2017-07-13,77.47,Andhra Pradesh
Kakinada,2017-07-17,70.39,Andhra Pradesh
Kakinada,2017-07-24,70.79,Andhra Pradesh
Kakinada,2017-08-01,71.43,Andhra Pradesh
Kakinada,2017-08-07,72.73,Andhra Pradesh
Kakinada,2017-08-14,74.05,Andhra Pradesh
Kakinada,2017-08-21,74.66,Andhra Pradesh
Kakinada,2017-08-28,75.23,Andhra Pradesh
Kakinada,2017-09-04,75.74,Andhra Pradesh
Kakinada,2017-09-11,76.43,Andhra Pradesh
Kakinada,2017-09-19,76.65,Andhra Pradesh
Kakinada,2017-09-25,76.54,Andhra Pradesh
Kakinada,2017-10-03,77.01,Andhra Pradesh
Kakinada,2017-10-04,74.47,Andhra Pradesh
Kakinada,2017-10-09,74.51,Andhra Pradesh
Kakinada,2017-10-16,74.35,Andhra Pradesh
Kakinada,2017-10-24,74.67,Andhra Pradesh
Kakinada,2017-10-30,75.15,Andhra Pradesh
Kakinada,2017-11-06,75.86,Andhra Pradesh
Kakinada,2017-11-13,75.92,Andhra Pradesh
Kakinada,2017-11-20,75.65,Andhra Pradesh
Kakinada,2017-11-27,75.41,Andhra Pradesh
Kakinada,2017-12-05,75.38,Andhra Pradesh
Kakinada,2017-12-11,75.25,Andhra Pradesh
Kakinada,2017-12-18,75.32,Andhra Pradesh
Kakinada,2017-12-26,75.77,Andhra Pradesh
Kakinada,2018-01-01,76.12,Andhra Pradesh
Kakinada,2018-01-02,76.67,Andhra Pradesh
Kakinada,2018-01-05,76.14,Andhra Pradesh
Kakinada,2018-01-08,76.59,Andhra Pradesh
Kakinada,2018-01-09,76.64,Andhra Pradesh
Kakinada,2018-01-10,76.71,Andhra Pradesh
Kakinada,2018-01-11,76.75,Andhra Pradesh
Kakinada,2018-01-12,76.81,Andhra Pradesh
Kakinada,2018-01-15,77.27,Andhra Pradesh
Kakinada,2018-01-16,77.36,Andhra Pradesh
Kakinada,2018-01-17,77.48,Andhra Pradesh
Kakinada,2018-01-18,77.66,Andhra Pradesh
Kakinada,2018-01-19,77.8,Andhra Pradesh
Kakinada,2018-01-22,78.35,Andhra Pradesh
Kakinada,2018-01-23,78.5,Andhra Pradesh
Kakinada,2018-01-24,78.55,Andhra Pradesh
Kakinada,2018-01-25,78.61,Andhra Pradesh
Kakinada,2018-01-29,78.97,Andhra Pradesh
Kakinada,2018-01-30,79.06,Andhra Pradesh
Kakinada,2018-02-01,79.19,Andhra Pradesh
Kakinada,2018-02-02,79.24,Andhra Pradesh
Kakinada,2018-02-05,79.46,Andhra Pradesh
Kakinada,2018-02-06,79.53,Andhra Pradesh
Kakinada,2018-02-08,79.52,Andhra Pradesh
Kakinada,2018-02-09,79.5,Andhra Pradesh
Kakinada,2018-02-12,79.15,Andhra Pradesh
Kakinada,2018-02-13,79.08,Andhra Pradesh
Kakinada,2018-02-15,78.92,Andhra Pradesh
Kakinada,2018-02-16,78.64,Andhra Pradesh
Kakinada,2018-02-19,78.03,Andhra Pradesh
Kakinada,2018-02-20,77.83,Andhra Pradesh
Kakinada,2018-02-21,77.82,Andhra Pradesh
Kakinada,2018-02-22,77.8,Andhra Pradesh
Kakinada,2018-02-23,77.71,Andhra Pradesh
Kakinada,2018-02-26,77.63,Andhra Pradesh
Kakinada,2018-02-27,77.61,Andhra Pradesh
Kakinada,2018-03-01,77.74,Andhra Pradesh
Kakinada,2018-03-02,77.93,Andhra Pradesh
Kakinada,2018-03-05,78.51,Andhra Pradesh
Kakinada,2018-03-06,78.58,Andhra Pradesh
Kakinada,2018-03-09,78.63,Andhra Pradesh
Kakinada,2018-03-12,78.65,Andhra Pradesh
Kakinada,2018-03-13,78.67,Andhra Pradesh
Kakinada,2018-03-15,78.65,Andhra Pradesh
Kakinada,2018-03-16,78.56,Andhra Pradesh
Kakinada,2018-03-19,78.38,Andhra Pradesh
Kakinada,2018-03-20,78.39,Andhra Pradesh
Kakinada,2018-03-22,78.45,Andhra Pradesh
Kakinada,2018-03-23,78.49,Andhra Pradesh
Kakinada,2018-03-26,79.0,Andhra Pradesh
Kakinada,2018-03-27,79.11,Andhra Pradesh
Kakinada,2018-03-29,79.29,Andhra Pradesh
Kakinada,2018-03-30,79.53,Andhra Pradesh
Kakinada,2018-04-02,80.04,Andhra Pradesh
Kakinada,2018-04-03,80.18,Andhra Pradesh
Kakinada,2018-04-05,80.21,Andhra Pradesh
Kakinada,2018-04-09,80.22,Andhra Pradesh
Kakinada,2018-04-10,80.21,Andhra Pradesh
Kakinada,2018-04-12,80.17,Andhra Pradesh
Kakinada,2018-04-13,80.14,Andhra Pradesh
Kakinada,2018-04-16,80.25,Andhra Pradesh
Kakinada,2018-04-19,80.3,Andhra Pradesh
Kakinada,2018-04-20,80.31,Andhra Pradesh
Kakinada,2018-04-23,80.74,Andhra Pradesh
Kakinada,2018-04-24,80.88,Andhra Pradesh
Kakinada,2018-05-14,81.11,Andhra Pradesh
Kakinada,2018-05-15,81.27,Andhra Pradesh
Kakinada,2018-05-16,81.42,Andhra Pradesh
Kakinada,2018-05-17,81.65,Andhra Pradesh
Kakinada,2018-05-18,81.11,Andhra Pradesh
Kakinada,2018-05-21,82.93,Andhra Pradesh
Kakinada,2018-05-22,83.24,Andhra Pradesh
Kakinada,2018-05-23,83.55,Andhra Pradesh
Kakinada,2018-05-24,83.86,Andhra Pradesh
Kakinada,2018-05-25,84.23,Andhra Pradesh
Kakinada,2018-05-26,84.38,Andhra Pradesh
Kakinada,2018-05-27,84.53,Andhra Pradesh
Kakinada,2018-05-28,84.68,Andhra Pradesh
Kakinada,2018-05-29,84.85,Andhra Pradesh
Kakinada,2018-05-31,84.77,Andhra Pradesh
Kakinada,2018-06-01,84.7,Andhra Pradesh
Kakinada,2018-06-02,84.61,Andhra Pradesh
Kakinada,2018-06-03,84.52,Andhra Pradesh
Kakinada,2018-06-04,84.37,Andhra Pradesh
Kakinada,2018-06-05,84.23,Andhra Pradesh
Kakinada,2018-06-06,84.12,Andhra Pradesh
Kakinada,2018-06-07,84.03,Andhra Pradesh
Kakinada,2018-06-08,83.81,Andhra Pradesh
Kakinada,2018-06-09,83.4,Andhra Pradesh
Kakinada,2018-06-10,83.15,Andhra Pradesh
Kakinada,2018-06-11,82.95,Andhra Pradesh
Kakinada,2018-06-12,82.79,Andhra Pradesh
Kakinada,2018-06-15,82.71,Andhra Pradesh
Kakinada,2018-06-19,82.63,Andhra Pradesh
Kakinada,2018-06-21,82.51,Andhra Pradesh
Kakinada,2018-06-22,82.37,Andhra Pradesh
Kakinada,2018-06-23,82.28,Andhra Pradesh
Kakinada,2018-06-24,82.13,Andhra Pradesh
Kakinada,2018-06-25,82.03,Andhra Pradesh
Kakinada,2018-06-26,81.89,Andhra Pradesh
Kakinada,2018-07-05,82.05,Andhra Pradesh
Kakinada,2018-07-06,82.19,Andhra Pradesh
Kakinada,2018-07-10,82.89,Andhra Pradesh
Kakinada,2018-07-12,82.96,Andhra Pradesh
Kakinada,2018-07-13,83.13,Andhra Pradesh
Kakinada,2018-07-16,83.21,Andhra Pradesh
Kakinada,2018-07-20,83.05,Andhra Pradesh
Kakinada,2018-07-23,82.72,Andhra Pradesh
Kakinada,2018-07-24,82.65,Andhra Pradesh
Kakinada,2018-07-30,82.67,Andhra Pradesh
Kakinada,2018-07-31,82.73,Andhra Pradesh
Kakinada,2018-08-02,82.9,Andhra Pradesh
Kakinada,2018-08-03,82.98,Andhra Pradesh
Kakinada,2018-08-06,83.46,Andhra Pradesh
Kakinada,2018-08-07,83.55,Andhra Pradesh
Kakinada,2018-08-13,83.64,Andhra Pradesh
Kakinada,2018-08-16,83.69,Andhra Pradesh
Kakinada,2018-08-20,84.0,Andhra Pradesh
Kakinada,2018-08-21,84.09,Andhra Pradesh
Kakinada,2018-08-24,84.2,Andhra Pradesh
Kakinada,2018-08-25,76.45,Andhra Pradesh
Kakinada,2018-08-26,76.53,Andhra Pradesh
Kakinada,2018-08-27,84.45,Andhra Pradesh
Kakinada,2018-08-28,84.59,Andhra Pradesh
Kakinada,2018-08-29,84.72,Andhra Pradesh
Kakinada,2018-08-30,84.85,Andhra Pradesh
Kakinada,2018-08-31,85.07,Andhra Pradesh
Kakinada,2018-09-03,85.76,Andhra Pradesh
Kakinada,2018-09-04,85.93,Andhra Pradesh
Kakinada,2018-09-06,86.13,Andhra Pradesh
Kakinada,2018-09-07,86.63,Andhra Pradesh
Kakinada,2018-09-10,87.39,Andhra Pradesh
Kakinada,2018-09-11,85.52,Andhra Pradesh
Kakinada,2018-09-13,85.65,Andhra Pradesh
Kakinada,2018-09-14,85.94,Andhra Pradesh
Kakinada,2018-09-15,86.3,Andhra Pradesh
Kakinada,2018-09-16,86.59,Andhra Pradesh
Kakinada,2018-09-17,86.74,Andhra Pradesh
Kakinada,2018-09-18,86.84,Andhra Pradesh
Kakinada,2018-09-20,86.91,Andhra Pradesh
Kakinada,2018-09-21,87.01,Andhra Pradesh
Kakinada,2018-09-23,87.29,Andhra Pradesh
Kakinada,2018-09-24,87.41,Andhra Pradesh
Kakinada,2018-09-25,87.55,Andhra Pradesh
Kakinada,2018-09-27,87.69,Andhra Pradesh
Kakinada,2018-09-28,87.92,Andhra Pradesh
Kakinada,2018-09-30,88.2,Andhra Pradesh
Kakinada,2018-10-01,88.43,Andhra Pradesh
Kakinada,2018-10-02,88.54,Andhra Pradesh
Kakinada,2018-10-04,88.68,Andhra Pradesh
Kakinada,2018-10-05,86.11,Andhra Pradesh
Kakinada,2018-10-06,86.3,Andhra Pradesh
Kakinada,2018-10-07,86.44,Andhra Pradesh
Kakinada,2018-10-08,86.66,Andhra Pradesh
Kakinada,2018-10-09,86.89,Andhra Pradesh
Kakinada,2018-10-11,87.0,Andhra Pradesh
Kakinada,2018-10-12,87.12,Andhra Pradesh
Kakinada,2018-10-13,87.3,Andhra Pradesh
Kakinada,2018-10-14,87.37,Andhra Pradesh
Kakinada,2018-10-16,87.48,Andhra Pradesh
Kakinada,2018-10-19,87.02,Andhra Pradesh
Kakinada,2018-10-20,86.61,Andhra Pradesh
Kakinada,2018-10-22,86.05,Andhra Pradesh
Kakinada,2018-10-23,85.95,Andhra Pradesh
Kakinada,2018-10-24,85.85,Andhra Pradesh
Kakinada,2018-10-25,85.7,Andhra Pradesh
Kakinada,2018-10-26,85.44,Andhra Pradesh
Kakinada,2018-10-29,84.31,Andhra Pradesh
Kakinada,2018-10-30,84.1,Andhra Pradesh
Kakinada,2018-11-01,83.92,Andhra Pradesh
Kakinada,2018-11-02,83.82,Andhra Pradesh
Kakinada,2018-11-05,83.21,Andhra Pradesh
Kakinada,2018-11-06,83.06,Andhra Pradesh
Kakinada,2018-11-12,82.18,Andhra Pradesh
Kakinada,2018-11-13,82.05,Andhra Pradesh
Kakinada,2018-11-15,81.89,Andhra Pradesh
Kakinada,2018-11-16,81.71,Andhra Pradesh
Kakinada,2018-11-19,81.11,Andhra Pradesh
Kakinada,2018-11-20,80.96,Andhra Pradesh
Kakinada,2018-11-22,80.54,Andhra Pradesh
Kakinada,2018-11-23,80.13,Andhra Pradesh
Kakinada,2018-11-26,79.02,Andhra Pradesh
Kakinada,2018-11-27,78.59,Andhra Pradesh
Kakinada,2018-11-28,78.07,Andhra Pradesh
Kakinada,2018-11-29,77.73,Andhra Pradesh
Kakinada,2018-11-30,77.35,Andhra Pradesh
Kakinada,2018-12-01,76.99,Andhra Pradesh
Kakinada,2018-12-02,76.67,Andhra Pradesh
Kakinada,2018-12-03,76.35,Andhra Pradesh
Kakinada,2018-12-04,76.13,Andhra Pradesh
Kakinada,2018-12-06,75.72,Andhra Pradesh
Kakinada,2018-12-07,75.31,Andhra Pradesh
Kakinada,2018-12-10,74.68,Andhra Pradesh
Kakinada,2018-12-11,74.51,Andhra Pradesh
Kakinada,2018-12-13,74.61,Andhra Pradesh
Kakinada,2018-12-17,74.85,Andhra Pradesh
Kakinada,2018-12-18,74.95,Andhra Pradesh
Kakinada,2018-12-21,74.78,Andhra Pradesh
Kakinada,2018-12-24,74.16,Andhra Pradesh
Kakinada,2018-12-25,74.09,Andhra Pradesh
Kakinada,2018-12-27,74.04,Andhra Pradesh
Kakinada,2018-12-28,73.84,Andhra Pradesh
Kakinada,2018-12-31,73.11,Andhra Pradesh
Kakinada,2019-01-02,73.01,Andhra Pradesh
Kakinada,2019-01-04,72.79,Andhra Pradesh
Kakinada,2019-01-07,72.86,Andhra Pradesh
Kakinada,2019-01-10,73.25,Andhra Pradesh
Kakinada,2019-01-11,73.44,Andhra Pradesh
Kakinada,2019-01-14,74.53,Andhra Pradesh
Kakinada,2019-01-16,74.74,Andhra Pradesh
Kakinada,2019-01-17,74.88,Andhra Pradesh
Kakinada,2019-01-18,74.97,Andhra Pradesh
Kakinada,2019-01-21,75.57,Andhra Pradesh
Kakinada,2019-01-22,75.71,Andhra Pradesh
Kakinada,2019-01-29,75.62,Andhra Pradesh
Kakinada,2019-01-31,75.52,Andhra Pradesh
Kakinada,2019-02-01,75.3,Andhra Pradesh
Kakinada,2019-02-05,74.78,Andhra Pradesh
Kakinada,2019-02-08,74.72,Andhra Pradesh
Kakinada,2019-02-11,74.67,Andhra Pradesh
Kakinada,2019-02-14,74.73,Andhra Pradesh
Kakinada,2019-02-15,74.8,Andhra Pradesh
Kakinada,2019-02-18,75.27,Andhra Pradesh
Kakinada,2019-02-19,75.37,Andhra Pradesh
Kakinada,2019-02-22,75.67,Andhra Pradesh
Kakinada,2019-02-25,75.96,Andhra Pradesh
Kakinada,2019-02-26,76.05,Andhra Pradesh
Kakinada,2019-02-28,76.12,Andhra Pradesh
Kakinada,2019-03-01,76.23,Andhra Pradesh
Kakinada,2019-03-04,76.6,Andhra Pradesh
Kakinada,2019-03-05,76.67,Andhra Pradesh
Kakinada,2019-03-11,76.9,Andhra Pradesh
Kakinada,2019-03-12,76.85,Andhra Pradesh
Kakinada,2019-03-14,76.92,Andhra Pradesh
Kakinada,2019-03-15,76.99,Andhra Pradesh
Kakinada,2019-03-18,77.23,Andhra Pradesh
Kakinada,2019-03-21,77.16,Andhra Pradesh
Kakinada,2019-03-22,77.21,Andhra Pradesh
Kakinada,2019-03-23,77.26,Andhra Pradesh
Kakinada,2019-03-24,77.31,Andhra Pradesh
Kakinada,2019-03-28,77.26,Andhra Pradesh
Kakinada,2019-04-01,77.34,Andhra Pradesh
Kakinada,2019-04-05,77.39,Andhra Pradesh
Kakinada,2019-04-08,77.33,Andhra Pradesh
Kakinada,2019-04-09,77.28,Andhra Pradesh
Kakinada,2019-04-12,77.34,Andhra Pradesh
Kakinada,2019-04-15,77.46,Andhra Pradesh
Kakinada,2019-04-16,77.41,Andhra Pradesh
Kakinada,2019-04-20,77.48,Andhra Pradesh
Kakinada,2019-04-22,77.43,Andhra Pradesh
Kakinada,2019-04-25,77.5,Andhra Pradesh
Kakinada,2019-04-27,77.56,Andhra Pradesh
Kakinada,2019-04-30,77.62,Andhra Pradesh
Kakinada,2019-05-02,77.51,Andhra Pradesh
Kakinada,2019-05-04,77.52,Andhra Pradesh
Kakinada,2019-05-05,77.45,Andhra Pradesh
Kakinada,2019-05-06,77.38,Andhra Pradesh
Kakinada,2019-05-09,77.22,Andhra Pradesh
Kakinada,2019-05-10,77.0,Andhra Pradesh
Kakinada,2019-05-11,76.51,Andhra Pradesh
Kakinada,2019-05-12,76.08,Andhra Pradesh
Kakinada,2019-05-13,75.77,Andhra Pradesh
Kakinada,2019-05-14,75.51,Andhra Pradesh
Kakinada,2019-05-17,75.43,Andhra Pradesh
Kakinada,2019-05-18,75.36,Andhra Pradesh
Kakinada,2019-05-20,75.45,Andhra Pradesh
Kakinada,2019-05-21,75.5,Andhra Pradesh
Kakinada,2019-05-23,75.58,Andhra Pradesh
Kakinada,2019-05-24,75.73,Andhra Pradesh
Kakinada,2019-05-25,75.87,Andhra Pradesh
Kakinada,2019-05-26,76.01,Andhra Pradesh
Kakinada,2019-05-27,76.12,Andhra Pradesh
Kakinada,2019-05-28,76.21,Andhra Pradesh
Kakinada,2019-05-30,76.15,Andhra Pradesh
Kakinada,2019-05-31,76.08,Andhra Pradesh
Kakinada,2019-06-01,76.04,Andhra Pradesh
Kakinada,2019-06-02,75.91,Andhra Pradesh
Kakinada,2019-06-03,75.71,Andhra Pradesh
Kakinada,2019-06-04,75.64,Andhra Pradesh
Kakinada,2019-06-06,75.47,Andhra Pradesh
Kakinada,2019-06-07,75.34,Andhra Pradesh
Kakinada,2019-06-10,74.81,Andhra Pradesh
Kakinada,2019-06-13,74.73,Andhra Pradesh
Kakinada,2019-06-14,74.56,Andhra Pradesh
Kakinada,2019-06-15,74.36,Andhra Pradesh
Kakinada,2019-06-16,74.3,Andhra Pradesh
Kakinada,2019-06-24,74.42,Andhra Pradesh
Kakinada,2019-06-27,74.49,Andhra Pradesh
Kakinada,2019-06-28,74.55,Andhra Pradesh
Kakinada,2019-06-29,74.66,Andhra Pradesh
Kakinada,2019-06-30,74.75,Andhra Pradesh
Kakinada,2019-07-01,74.85,Andhra Pradesh
Kakinada,2019-07-02,74.92,Andhra Pradesh
Kakinada,2019-07-06,77.44,Andhra Pradesh
Kakinada,2019-07-09,77.38,Andhra Pradesh
Kakinada,2019-07-13,77.47,Andhra Pradesh
Kakinada,2019-07-14,77.57,Andhra Pradesh
Kakinada,2019-07-15,77.7,Andhra Pradesh
Kakinada,2019-07-16,77.76,Andhra Pradesh
Kakinada,2019-07-18,77.84,Andhra Pradesh
Kakinada,2019-07-23,77.91,Andhra Pradesh
Kakinada,2019-07-25,77.84,Andhra Pradesh
Kakinada,2019-07-26,77.78,Andhra Pradesh
Kakinada,2019-07-27,77.73,Andhra Pradesh
Kakinada,2019-07-28,77.63,Andhra Pradesh
Kakinada,2019-07-29,77.47,Andhra Pradesh
Kakinada,2019-07-30,77.34,Andhra Pradesh
Kakinada,2019-08-01,77.28,Andhra Pradesh
Kakinada,2019-08-02,77.11,Andhra Pradesh
Kakinada,2019-08-03,77.04,Andhra Pradesh
Kakinada,2019-08-04,76.99,Andhra Pradesh
Kakinada,2019-08-05,76.84,Andhra Pradesh
Kakinada,2019-08-06,76.75,Andhra Pradesh
Kakinada,2019-08-08,76.7,Andhra Pradesh
Kakinada,2019-08-09,76.54,Andhra Pradesh
Kakinada,2019-08-11,76.45,Andhra Pradesh
Kakinada,2019-08-18,76.37,Andhra Pradesh
Kakinada,2019-08-19,76.29,Andhra Pradesh
Kakinada,2019-08-24,76.38,Andhra Pradesh
Kakinada,2019-08-25,76.45,Andhra Pradesh
Kakinada,2019-08-26,76.53,Andhra Pradesh
Kakinada,2019-08-27,76.53,Andhra Pradesh
Kakinada,2019-08-29,76.47,Andhra Pradesh
Kakinada,2019-09-05,76.44,Andhra Pradesh
Kakinada,2019-09-06,76.35,Andhra Pradesh
Kakinada,2019-09-07,76.25,Andhra Pradesh
Kakinada,2019-09-08,76.19,Andhra Pradesh
Kakinada,2019-09-10,76.24,Andhra Pradesh
Kakinada,2019-09-12,76.31,Andhra Pradesh
Kakinada,2019-09-13,76.38,Andhra Pradesh
Kakinada,2019-09-14,76.46,Andhra Pradesh
Kakinada,2019-09-15,76.52,Andhra Pradesh
Kakinada,2019-09-17,76.67,Andhra Pradesh
Kakinada,2019-09-18,76.92,Andhra Pradesh
Kakinada,2019-09-19,77.22,Andhra Pradesh
Kakinada,2019-09-20,77.58,Andhra Pradesh
Kakinada,2019-09-21,77.88,Andhra Pradesh
Kakinada,2019-09-22,78.16,Andhra Pradesh
Kakinada,2019-09-23,78.46,Andhra Pradesh
Kakinada,2019-09-24,78.68,Andhra Pradesh
Kakinada,2019-09-26,78.75,Andhra Pradesh
Kakinada,2019-09-27,78.9,Andhra Pradesh
Kakinada,2019-09-30,78.98,Andhra Pradesh
Kakinada,2019-10-01,79.2,Andhra Pradesh
Kakinada,2019-10-03,79.1,Andhra Pradesh
Kakinada,2019-10-04,78.92,Andhra Pradesh
Kakinada,2019-10-05,78.62,Andhra Pradesh
Kakinada,2019-10-07,78.33,Andhra Pradesh
Kakinada,2019-10-08,78.15,Andhra Pradesh
Kakinada,2019-10-10,78.1,Andhra Pradesh
Kakinada,2019-10-11,77.98,Andhra Pradesh
Kakinada,2019-10-12,77.88,Andhra Pradesh
Kakinada,2019-10-15,77.83,Andhra Pradesh
Kakinada,2019-10-19,77.82,Andhra Pradesh
Kakinada,2019-10-22,77.77,Andhra Pradesh
Kakinada,2019-10-24,77.72,Andhra Pradesh
Kakinada,2019-10-25,77.61,Andhra Pradesh
Kakinada,2019-10-26,77.53,Andhra Pradesh
Kakinada,2019-10-29,77.46,Andhra Pradesh
Kakinada,2019-11-01,77.34,Andhra Pradesh
Kakinada,2019-11-02,77.26,Andhra Pradesh
Kakinada,2019-11-03,77.21,Andhra Pradesh
Kakinada,2019-11-04,77.12,Andhra Pradesh
Kakinada,2019-11-05,77.07,Andhra Pradesh
Kakinada,2019-11-08,77.17,Andhra Pradesh
Kakinada,2019-11-09,77.33,Andhra Pradesh
Kakinada,2019-11-10,77.53,Andhra Pradesh
Kakinada,2019-11-11,77.69,Andhra Pradesh
Kakinada,2019-11-13,77.79,Andhra Pradesh
Kakinada,2019-11-14,77.95,Andhra Pradesh
Kakinada,2019-11-15,78.13,Andhra Pradesh
Kakinada,2019-11-16,78.28,Andhra Pradesh
Kakinada,2019-11-17,78.4,Andhra Pradesh
Kakinada,2019-11-18,78.56,Andhra Pradesh
Kakinada,2019-11-19,78.72,Andhra Pradesh
Kakinada,2019-11-22,78.87,Andhra Pradesh
Kakinada,2019-11-23,78.97,Andhra Pradesh
Kakinada,2019-11-24,79.07,Andhra Pradesh
Kakinada,2019-11-25,79.19,Andhra Pradesh
Kakinada,2019-11-26,79.29,Andhra Pradesh
Kakinada,2019-11-29,79.35,Andhra Pradesh
Kakinada,2019-11-30,79.403,Andhra Pradesh
Kakinada,2019-12-01,79.52,Andhra Pradesh
Kakinada,2019-12-07,79.43,Andhra Pradesh
Kakinada,2019-12-08,79.52,Andhra Pradesh
Kakinada,2019-12-09,79.57,Andhra Pradesh
Kakinada,2019-12-10,79.58,Andhra Pradesh
Kakinada,2019-12-12,79.53,Andhra Pradesh
Kakinada,2019-12-13,79.47,Andhra Pradesh
Kakinada,2019-12-14,79.42,Andhra Pradesh
Kakinada,2019-12-15,79.31,Andhra Pradesh
Kakinada,2019-12-16,79.26,Andhra Pradesh
Kakinada,2019-12-17,79.21,Andhra Pradesh
Kakinada,2019-12-19,79.2,Andhra Pradesh
Kakinada,2019-12-26,79.25,Andhra Pradesh
Kakinada,2019-12-27,79.31,Andhra Pradesh
Kakinada,2019-12-29,79.46,Andhra Pradesh
Kakinada,2019-12-30,79.62,Andhra Pradesh
Kakinada,2019-12-31,79.73,Andhra Pradesh
Kakinada,2020-01-02,79.86,Andhra Pradesh
Kakinada,2020-01-03,79.96,Andhra Pradesh
Kakinada,2020-01-04,80.06,Andhra Pradesh
Kakinada,2020-01-05,80.16,Andhra Pradesh
Kakinada,2020-01-06,80.31,Andhra Pradesh
Kakinada,2020-01-07,80.46,Andhra Pradesh
Kakinada,2020-01-08,80.36,Andhra Pradesh
Kakinada,2020-01-09,80.43,Andhra Pradesh
Kakinada,2020-01-10,80.59,Andhra Pradesh
Kakinada,2020-01-11,80.64,Andhra Pradesh
Kakinada,2020-01-12,80.54,Andhra Pradesh
Kakinada,2020-01-13,80.42,Andhra Pradesh
Kakinada,2020-01-14,80.32,Andhra Pradesh
Kakinada,2020-01-16,80.17,Andhra Pradesh
Kakinada,2020-01-17,80.02,Andhra Pradesh
Kakinada,2020-01-18,79.87,Andhra Pradesh
Kakinada,2020-01-19,79.69,Andhra Pradesh
Kakinada,2020-01-20,79.58,Andhra Pradesh
Kakinada,2020-01-21,79.42,Andhra Pradesh
Kakinada,2020-01-22,79.42,Andhra Pradesh
Kakinada,2020-01-23,79.24,Andhra Pradesh
Kakinada,2020-01-24,79.02,Andhra Pradesh
Kakinada,2020-01-25,78.77,Andhra Pradesh
Kakinada,2020-01-26,78.47,Andhra Pradesh
Kakinada,2020-01-27,78.27,Andhra Pradesh
Kakinada,2020-01-28,78.16,Andhra Pradesh
Kakinada,2020-01-29,78.16,Andhra Pradesh
Kakinada,2020-01-30,77.92,Andhra Pradesh
Kakinada,2020-01-31,78.15,Andhra Pradesh
Kakinada,2020-02-01,78.0,Andhra Pradesh
Kakinada,2020-02-02,77.9,Andhra Pradesh
Kakinada,2020-02-03,77.84,Andhra Pradesh
Kakinada,2020-02-04,77.79,Andhra Pradesh
Kakinada,2020-02-05,77.79,Andhra Pradesh
Kakinada,2020-02-06,77.68,Andhra Pradesh
Kakinada,2020-02-07,77.46,Andhra Pradesh
Kakinada,2020-02-08,77.22,Andhra Pradesh
Kakinada,2020-02-09,76.98,Andhra Pradesh
Kakinada,2020-02-10,76.75,Andhra Pradesh
Kakinada,2020-02-11,76.58,Andhra Pradesh
Kakinada,2020-02-12,76.58,Andhra Pradesh
Kakinada,2020-02-13,76.58,Andhra Pradesh
Kakinada,2020-02-14,76.58,Andhra Pradesh
Kakinada,2020-02-15,76.58,Andhra Pradesh
Kakinada,2020-02-17,76.58,Andhra Pradesh
Kakinada,2020-02-18,76.53,Andhra Pradesh
Kakinada,2020-02-19,76.53,Andhra Pradesh
Kakinada,2020-02-20,76.53,Andhra Pradesh
Kakinada,2020-02-21,76.53,Andhra Pradesh
Kakinada,2020-02-24,76.66,Andhra Pradesh
Kakinada,2020-02-25,76.66,Andhra Pradesh
Kakinada,2020-02-26,76.66,Andhra Pradesh
Kakinada,2020-02-27,76.6,Andhra Pradesh
Kakinada,2020-02-28,76.6,Andhra Pradesh
Kakinada,2020-02-29,76.53,Andhra Pradesh
Kakinada,2020-03-01,76.87,Andhra Pradesh
Kakinada,2020-03-02,76.65,Andhra Pradesh
Kakinada,2020-03-03,76.6,Andhra Pradesh
Kakinada,2020-03-04,76.6,Andhra Pradesh
Kakinada,2020-03-05,76.44,Andhra Pradesh
Kakinada,2020-03-06,76.29,Andhra Pradesh
Kakinada,2020-03-07,76.16,Andhra Pradesh
Kakinada,2020-03-08,75.97,Andhra Pradesh
Kakinada,2020-03-09,75.72,Andhra Pradesh
Kakinada,2020-03-10,75.42,Andhra Pradesh
Kakinada,2020-03-11,75.42,Andhra Pradesh
Kakinada,2020-03-12,75.26,Andhra Pradesh
Kakinada,2020-03-13,75.11,Andhra Pradesh
Kakinada,2020-03-14,74.98,Andhra Pradesh
Kakinada,2020-03-15,74.86,Andhra Pradesh
Kakinada,2020-03-16,74.69,Andhra Pradesh
Kakinada,2020-03-17,74.69,Andhra Pradesh
Kakinada,2020-03-18,74.69,Andhra Pradesh
Kakinada,2020-03-19,74.69,Andhra Pradesh
Kakinada,2020-03-20,74.69,Andhra Pradesh
Kakinada,2020-03-21,74.69,Andhra Pradesh
Kakinada,2020-03-22,74.69,Andhra Pradesh
Kakinada,2020-03-23,74.69,Andhra Pradesh
Kakinada,2020-03-24,74.69,Andhra Pradesh
Kakinada,2020-03-25,74.69,Andhra Pradesh
Kakinada,2020-03-26,74.69,Andhra Pradesh
Kakinada,2020-03-27,74.69,Andhra Pradesh
Kakinada,2020-03-28,74.69,Andhra Pradesh
Kakinada,2020-03-29,74.69,Andhra Pradesh
Kakinada,2020-03-30,74.69,Andhra Pradesh
Kakinada,2020-03-31,74.69,Andhra Pradesh
Kakinada,2020-04-01,74.69,Andhra Pradesh
Kakinada,2020-04-02,74.69,Andhra Pradesh
Kakinada,2020-04-03,74.69,Andhra Pradesh
Kakinada,2020-04-04,74.69,Andhra Pradesh
Kakinada,2020-04-05,74.69,Andhra Pradesh
Kakinada,2020-04-06,74.69,Andhra Pradesh
Kakinada,2020-04-07,74.69,Andhra Pradesh
Kakinada,2020-04-08,74.69,Andhra Pradesh
Kakinada,2020-04-09,74.69,Andhra Pradesh
Kakinada,2020-04-10,74.69,Andhra Pradesh
Kakinada,2020-04-11,74.69,Andhra Pradesh
Kakinada,2020-04-12,74.69,Andhra Pradesh
Kakinada,2020-04-13,74.69,Andhra Pradesh
Kakinada,2020-04-14,74.69,Andhra Pradesh
Kakinada,2020-04-15,74.69,Andhra Pradesh
Kakinada,2020-04-16,74.69,Andhra Pradesh
Kakinada,2020-04-17,74.69,Andhra Pradesh
Kakinada,2020-04-18,74.69,Andhra Pradesh
Kakinada,2020-04-20,74.69,Andhra Pradesh
Kakinada,2020-04-21,74.69,Andhra Pradesh
Kakinada,2020-04-22,74.69,Andhra Pradesh
Kakinada,2020-04-23,74.69,Andhra Pradesh
Kakinada,2020-04-24,74.69,Andhra Pradesh
Kakinada,2020-04-25,74.69,Andhra Pradesh
Kakinada,2020-04-26,74.69,Andhra Pradesh
Kakinada,2020-04-27,74.69,Andhra Pradesh
Kakinada,2020-04-28,74.69,Andhra Pradesh
Kakinada,2020-04-29,74.69,Andhra Pradesh
Kakinada,2020-04-30,74.69,Andhra Pradesh
Kakinada,2020-05-01,74.69,Andhra Pradesh
Kakinada,2020-05-02,74.69,Andhra Pradesh
Kakinada,2020-05-03,74.69,Andhra Pradesh
Kakinada,2020-05-04,74.69,Andhra Pradesh
Kakinada,2020-05-05,74.69,Andhra Pradesh
Kakinada,2020-05-06,74.69,Andhra Pradesh
Kakinada,2020-05-07,74.69,Andhra Pradesh
Kakinada,2020-05-08,74.69,Andhra Pradesh
Kakinada,2020-05-09,74.69,Andhra Pradesh
Kakinada,2020-05-10,74.69,Andhra Pradesh
Kakinada,2020-05-11,74.69,Andhra Pradesh
Kakinada,2020-05-12,74.69,Andhra Pradesh
Kakinada,2020-05-13,74.69,Andhra Pradesh
Kakinada,2020-05-14,74.69,Andhra Pradesh
Kakinada,2020-05-15,74.69,Andhra Pradesh
Kakinada,2020-05-16,74.69,Andhra Pradesh
Kakinada,2020-05-17,74.69,Andhra Pradesh
Kakinada,2020-05-18,74.69,Andhra Pradesh
Kakinada,2020-05-19,74.69,Andhra Pradesh
Kakinada,2020-05-20,74.69,Andhra Pradesh
Kakinada,2020-05-21,74.69,Andhra Pradesh
Kakinada,2020-05-22,74.69,Andhra Pradesh
Kakinada,2020-05-23,74.69,Andhra Pradesh
Kakinada,2020-05-24,74.69,Andhra Pradesh
Kakinada,2020-05-25,74.69,Andhra Pradesh
Kakinada,2020-05-26,74.69,Andhra Pradesh
Kakinada,2020-05-27,74.69,Andhra Pradesh
Kakinada,2020-05-28,74.69,Andhra Pradesh
Kakinada,2020-05-29,74.69,Andhra Pradesh
Kakinada,2020-05-30,74.69,Andhra Pradesh
Kakinada,2020-05-31,74.69,Andhra Pradesh
Kakinada,2020-06-01,74.69,Andhra Pradesh
Kakinada,2020-06-02,74.69,Andhra Pradesh
Kakinada,2020-06-03,74.69,Andhra Pradesh
Kakinada,2020-06-04,74.69,Andhra Pradesh
Kakinada,2020-06-05,74.69,Andhra Pradesh
Kakinada,2020-06-06,74.69,Andhra Pradesh
Kakinada,2020-06-07,75.29,Andhra Pradesh
Kakinada,2020-06-08,75.89,Andhra Pradesh
Kakinada,2020-06-09,76.43,Andhra Pradesh
Kakinada,2020-06-10,76.83,Andhra Pradesh
Kakinada,2020-06-11,77.43,Andhra Pradesh
Kakinada,2020-06-12,78.03,Andhra Pradesh
Kakinada,2020-06-13,78.63,Andhra Pradesh
Kakinada,2020-06-14,79.23,Andhra Pradesh
Kakinada,2020-06-15,79.71,Andhra Pradesh
Kakinada,2020-06-16,80.18,Andhra Pradesh
Kakinada,2020-06-17,80.74,Andhra Pradesh
Kakinada,2020-06-18,81.27,Andhra Pradesh
Kakinada,2020-06-19,81.83,Andhra Pradesh
Kakinada,2020-06-20,82.34,Andhra Pradesh
Kakinada,2020-06-21,82.7,Andhra Pradesh
Kakinada,2020-06-22,83.03,Andhra Pradesh
Kakinada,2020-06-23,83.22,Andhra Pradesh
Kakinada,2020-06-24,83.22,Andhra Pradesh
Kakinada,2020-06-25,83.38,Andhra Pradesh
Kakinada,2020-06-26,83.6,Andhra Pradesh
Kakinada,2020-06-27,83.85,Andhra Pradesh
Kakinada,2020-06-28,83.85,Andhra Pradesh
Kakinada,2020-06-29,83.9,Andhra Pradesh
Kakinada,2020-06-30,83.9,Andhra Pradesh
Kakinada,2020-07-01,83.9,Andhra Pradesh
Kakinada,2020-07-02,83.9,Andhra Pradesh
Kakinada,2020-07-03,83.9,Andhra Pradesh
Kakinada,2020-07-04,83.9,Andhra Pradesh
Kakinada,2020-07-05,83.9,Andhra Pradesh
Kakinada,2020-07-06,83.9,Andhra Pradesh
Kakinada,2020-07-07,83.9,Andhra Pradesh
Kakinada,2020-07-08,83.9,Andhra Pradesh
Kakinada,2020-07-09,83.9,Andhra Pradesh
Kakinada,2020-07-10,83.9,Andhra Pradesh
Kakinada,2020-07-11,83.9,Andhra Pradesh
Kakinada,2020-07-12,83.9,Andhra Pradesh
Kakinada,2020-07-13,83.9,Andhra Pradesh
Kakinada,2020-07-15,83.9,Andhra Pradesh
Kakinada,2020-07-16,83.9,Andhra Pradesh
Kakinada,2020-07-17,83.9,Andhra Pradesh
Kakinada,2020-07-18,83.9,Andhra Pradesh
Kakinada,2020-07-19,83.9,Andhra Pradesh
Kakinada,2020-07-20,83.9,Andhra Pradesh
Kakinada,2020-07-21,83.9,Andhra Pradesh
Kakinada,2020-07-22,83.9,Andhra Pradesh
Kakinada,2020-07-23,83.9,Andhra Pradesh
Kakinada,2020-07-24,83.9,Andhra Pradesh
Kakinada,2020-07-25,85.15,Andhra Pradesh
Kakinada,2020-07-26,85.15,Andhra Pradesh
Kakinada,2020-07-27,85.15,Andhra Pradesh
Kakinada,2020-07-28,85.15,Andhra Pradesh
Kakinada,2020-07-29,85.15,Andhra Pradesh
Kakinada,2020-07-30,85.15,Andhra Pradesh
Kakinada,2020-07-31,85.15,Andhra Pradesh
Kakinada,2020-08-01,85.15,Andhra Pradesh
Kakinada,2020-08-02,85.15,Andhra Pradesh
Kakinada,2020-08-03,85.15,Andhra Pradesh
Kakinada,2020-08-04,85.15,Andhra Pradesh
Kakinada,2020-08-05,85.15,Andhra Pradesh
Kakinada,2020-08-06,85.15,Andhra Pradesh
Kakinada,2020-08-07,85.15,Andhra Pradesh
Kakinada,2020-08-08,85.15,Andhra Pradesh
Kakinada,2020-08-09,85.15,Andhra Pradesh
Kakinada,2020-08-10,85.15,Andhra Pradesh
Kakinada,2020-08-11,85.15,Andhra Pradesh
Kakinada,2020-08-12,85.15,Andhra Pradesh
Kakinada,2020-08-13,85.15,Andhra Pradesh
Kakinada,2020-08-14,85.15,Andhra Pradesh
Kakinada,2020-08-15,85.15,Andhra Pradesh
Kakinada,2020-08-16,85.44,Andhra Pradesh
Kakinada,2020-08-17,85.6,Andhra Pradesh
Kakinada,2020-08-18,85.76,Andhra Pradesh
Kakinada,2020-08-19,85.76,Andhra Pradesh
Kakinada,2020-08-20,85.86,Andhra Pradesh
Kakinada,2020-08-21,86.06,Andhra Pradesh
Kakinada,2020-08-22,86.22,Andhra Pradesh
Kakinada,2020-08-23,86.36,Andhra Pradesh
Kakinada,2020-08-24,86.49,Andhra Pradesh
Kakinada,2020-08-25,86.6,Andhra Pradesh
Kakinada,2020-08-26,86.6,Andhra Pradesh
Kakinada,2020-08-27,86.7,Andhra Pradesh
Kakinada,2020-08-28,86.8,Andhra Pradesh
Kakinada,2020-08-29,86.8,Andhra Pradesh
Kakinada,2020-08-30,86.9,Andhra Pradesh
Kakinada,2020-08-31,86.9,Andhra Pradesh
Kakinada,2020-09-01,86.95,Andhra Pradesh
Kakinada,2020-09-02,86.95,Andhra Pradesh
Kakinada,2020-09-03,86.95,Andhra Pradesh
Kakinada,2020-09-04,86.95,Andhra Pradesh
Kakinada,2020-09-05,86.95,Andhra Pradesh
Kakinada,2020-09-06,86.95,Andhra Pradesh
Kakinada,2020-09-07,86.95,Andhra Pradesh
Kakinada,2020-09-08,86.95,Andhra Pradesh
Kakinada,2020-09-09,86.95,Andhra Pradesh
Kakinada,2020-09-10,86.86,Andhra Pradesh
Kakinada,2020-09-11,86.86,Andhra Pradesh
Kakinada,2020-09-12,86.73,Andhra Pradesh
Kakinada,2020-09-13,86.73,Andhra Pradesh
Kakinada,2020-09-14,86.59,Andhra Pradesh
Kakinada,2020-09-15,86.42,Andhra Pradesh
Kakinada,2020-09-16,86.42,Andhra Pradesh
Kakinada,2020-09-17,86.27,Andhra Pradesh
Kakinada,2020-09-18,86.01,Andhra Pradesh
Kakinada,2020-09-19,87.33,Andhra Pradesh
Kakinada,2020-09-20,87.33,Andhra Pradesh
Kakinada,2020-09-21,87.33,Andhra Pradesh
Kakinada,2020-09-22,87.25,Andhra Pradesh
Kakinada,2020-09-23,87.25,Andhra Pradesh
Kakinada,2020-09-24,87.25,Andhra Pradesh
Kakinada,2020-09-25,87.25,Andhra Pradesh
Kakinada,2020-09-26,87.25,Andhra Pradesh
Kakinada,2020-09-27,87.25,Andhra Pradesh
Kakinada,2020-09-28,87.25,Andhra Pradesh
Kakinada,2020-09-29,87.25,Andhra Pradesh
Kakinada,2020-09-30,87.25,Andhra Pradesh
Kakinada,2020-10-01,87.25,Andhra Pradesh
Kakinada,2020-10-02,87.25,Andhra Pradesh
Kakinada,2020-10-03,87.25,Andhra Pradesh
Kakinada,2020-10-04,87.25,Andhra Pradesh
Kakinada,2020-10-05,87.25,Andhra Pradesh
Kakinada,2020-10-06,87.25,Andhra Pradesh
Kakinada,2020-10-07,87.25,Andhra Pradesh
Kakinada,2020-10-08,87.25,Andhra Pradesh
Kakinada,2020-10-09,87.25,Andhra Pradesh
Kakinada,2020-10-10,87.25,Andhra Pradesh
Kakinada,2020-10-11,87.25,Andhra Pradesh
Kakinada,2020-10-12,87.25,Andhra Pradesh
Kakinada,2020-10-13,87.25,Andhra Pradesh
Kakinada,2020-10-14,87.25,Andhra Pradesh
Kakinada,2020-10-15,87.25,Andhra Pradesh
Kakinada,2020-10-16,87.25,Andhra Pradesh
Kakinada,2020-10-17,87.25,Andhra Pradesh
Kakinada,2020-10-18,87.25,Andhra Pradesh
Kakinada,2020-10-19,87.25,Andhra Pradesh
Kakinada,2020-10-20,87.25,Andhra Pradesh
Kakinada,2020-10-21,87.25,Andhra Pradesh
Kakinada,2020-10-22,87.25,Andhra Pradesh
Kakinada,2020-10-23,87.25,Andhra Pradesh
Kakinada,2020-10-24,87.25,Andhra Pradesh
Kakinada,2020-10-25,87.25,Andhra Pradesh
Kakinada,2020-10-26,87.25,Andhra Pradesh
Kakinada,2020-10-27,87.25,Andhra Pradesh
Kakinada,2020-10-28,87.25,Andhra Pradesh
Kakinada,2020-10-29,87.25,Andhra Pradesh
Kakinada,2020-10-30,87.25,Andhra Pradesh
Kakinada,2020-10-31,87.25,Andhra Pradesh
Kakinada,2020-11-01,87.25,Andhra Pradesh
Kakinada,2020-11-02,87.25,Andhra Pradesh
Kakinada,2020-11-03,87.25,Andhra Pradesh
Kakinada,2020-11-04,87.25,Andhra Pradesh
Kakinada,2020-11-05,87.25,Andhra Pradesh
Kakinada,2020-11-06,87.25,Andhra Pradesh
Kakinada,2020-11-07,87.25,Andhra Pradesh
Kakinada,2020-11-08,87.25,Andhra Pradesh
Kakinada,2020-11-09,87.25,Andhra Pradesh
Kakinada,2020-11-10,87.25,Andhra Pradesh
Kakinada,2020-11-11,87.25,Andhra Pradesh
Kakinada,2020-11-12,87.25,Andhra Pradesh
Kakinada,2020-11-13,87.25,Andhra Pradesh
Kakinada,2020-11-14,87.25,Andhra Pradesh
Kakinada,2020-11-15,87.25,Andhra Pradesh
Kakinada,2020-11-16,87.25,Andhra Pradesh
Kakinada,2020-11-17,87.25,Andhra Pradesh
Kakinada,2020-11-18,87.25,Andhra Pradesh
Kakinada,2020-11-19,87.25,Andhra Pradesh
Kakinada,2020-11-20,87.51,Andhra Pradesh
Kakinada,2020-11-21,87.64,Andhra Pradesh
Kakinada,2020-11-22,87.7,Andhra Pradesh
Kakinada,2020-11-23,87.77,Andhra Pradesh
Kakinada,2020-11-24,87.83,Andhra Pradesh
Kakinada,2020-11-25,87.83,Andhra Pradesh
Kakinada,2020-11-26,87.94,Andhra Pradesh
Kakinada,2020-11-27,88.13,Andhra Pradesh
Kakinada,2020-11-28,88.37,Andhra Pradesh
Kakinada,2020-11-29,88.58,Andhra Pradesh
Kakinada,2020-11-30,88.58,Andhra Pradesh
Kakinada,2020-12-01,88.58,Andhra Pradesh
Kakinada,2020-12-02,88.73,Andhra Pradesh
Kakinada,2020-12-03,88.9,Andhra Pradesh
Kakinada,2020-12-04,89.1,Andhra Pradesh
Kakinada,2020-12-05,89.37,Andhra Pradesh
Kakinada,2020-12-06,89.66,Andhra Pradesh
Kakinada,2020-12-07,89.96,Andhra Pradesh
Kakinada,2020-12-08,89.96,Andhra Pradesh
Kakinada,2020-12-09,89.96,Andhra Pradesh
Kakinada,2020-12-10,89.96,Andhra Pradesh
Kakinada,2020-12-11,89.96,Andhra Pradesh
Kakinada,2020-12-12,89.96,Andhra Pradesh
Kakinada,2020-12-13,89.96,Andhra Pradesh
Kakinada,2020-12-14,89.96,Andhra Pradesh
Kakinada,2020-12-15,89.96,Andhra Pradesh
Kakinada,2020-12-16,89.96,Andhra Pradesh
Kakinada,2020-12-17,89.96,Andhra Pradesh
Kakinada,2020-12-18,89.96,Andhra Pradesh
Kakinada,2020-12-19,89.96,Andhra Pradesh
Kakinada,2020-12-20,89.96,Andhra Pradesh
Kakinada,2020-12-21,89.96,Andhra Pradesh
Kakinada,2020-12-22,89.96,Andhra Pradesh
Kakinada,2020-12-23,89.96,Andhra Pradesh
Kakinada,2020-12-24,89.96,Andhra Pradesh
Kakinada,2020-12-25,89.96,Andhra Pradesh
Kakinada,2020-12-26,89.96,Andhra Pradesh
Kakinada,2020-12-27,89.96,Andhra Pradesh
Kakinada,2020-12-28,89.96,Andhra Pradesh
Kakinada,2020-12-29,89.96,Andhra Pradesh
Kakinada,2020-12-30,89.96,Andhra Pradesh
Kakinada,2020-12-31,89.96,Andhra Pradesh
Kakinada,2021-01-01,89.96,Andhra Pradesh
Kakinada,2021-01-02,89.96,Andhra Pradesh
Kakinada,2021-01-03,89.96,Andhra Pradesh
Kakinada,2021-01-04,89.96,Andhra Pradesh
Kakinada,2021-01-05,89.96,Andhra Pradesh
Kakinada,2021-01-06,90.24,Andhra Pradesh
Kakinada,2021-01-07,90.49,Andhra Pradesh
Kakinada,2021-01-08,90.49,Andhra Pradesh
Kakinada,2021-01-09,90.49,Andhra Pradesh
Kakinada,2021-01-10,90.49,Andhra Pradesh
Kakinada,2021-01-11,90.49,Andhra Pradesh
Kakinada,2021-01-12,90.49,Andhra Pradesh
Kakinada,2021-01-13,90.74,Andhra Pradesh
Kakinada,2021-01-14,90.99,Andhra Pradesh
Kakinada,2021-01-15,90.99,Andhra Pradesh
Kakinada,2021-01-16,90.99,Andhra Pradesh
Kakinada,2021-01-17,90.99,Andhra Pradesh
Kakinada,2021-01-18,91.24,Andhra Pradesh
Kakinada,2021-01-19,91.49,Andhra Pradesh
Kakinada,2021-01-20,91.49,Andhra Pradesh
Kakinada,2021-01-21,91.49,Andhra Pradesh
Kakinada,2021-01-22,91.75,Andhra Pradesh
Kakinada,2021-01-23,92.0,Andhra Pradesh
Kakinada,2021-01-24,92.0,Andhra Pradesh
Kakinada,2021-01-25,92.0,Andhra Pradesh
Kakinada,2021-01-26,92.35,Andhra Pradesh
Kakinada,2021-01-27,92.6,Andhra Pradesh
Kakinada,2021-01-28,92.6,Andhra Pradesh
Kakinada,2021-01-29,92.6,Andhra Pradesh
Kakinada,2021-01-30,92.6,Andhra Pradesh
Kakinada,2021-01-31,92.6,Andhra Pradesh
Kakinada,2021-02-01,92.6,Andhra Pradesh
Kakinada,2021-02-02,92.6,Andhra Pradesh
Kakinada,2021-02-03,92.6,Andhra Pradesh
Kakinada,2021-02-04,92.84,Andhra Pradesh
Kakinada,2021-02-05,93.14,Andhra Pradesh
Kakinada,2021-02-06,93.14,Andhra Pradesh
Kakinada,2021-02-07,93.14,Andhra Pradesh
Kakinada,2021-02-08,93.14,Andhra Pradesh
Kakinada,2021-02-09,93.49,Andhra Pradesh
Kakinada,2021-02-10,93.79,Andhra Pradesh
Kakinada,2021-02-11,94.05,Andhra Pradesh
Kakinada,2021-02-12,94.34,Andhra Pradesh
Kakinada,2021-02-13,94.64,Andhra Pradesh
Kakinada,2021-02-14,94.93,Andhra Pradesh
Kakinada,2021-02-15,95.19,Andhra Pradesh
Kakinada,2021-02-16,95.49,Andhra Pradesh
Kakinada,2021-02-17,95.74,Andhra Pradesh
Kakinada,2021-02-18,96.09,Andhra Pradesh
Kakinada,2021-02-19,96.4,Andhra Pradesh
Kakinada,2021-02-20,96.79,Andhra Pradesh
Kakinada,2021-02-21,96.79,Andhra Pradesh
Kakinada,2021-02-22,96.79,Andhra Pradesh
Kakinada,2021-02-23,97.14,Andhra Pradesh
Kakinada,2021-02-24,97.14,Andhra Pradesh
Kakinada,2021-02-25,97.14,Andhra Pradesh
Kakinada,2021-02-26,97.14,Andhra Pradesh
Kakinada,2021-02-27,97.38,Andhra Pradesh
Kakinada,2021-02-28,97.38,Andhra Pradesh
Kakinada,2021-03-01,97.38,Andhra Pradesh
