city,date,rate,district
Srikakulam,2016-04-16,66.43,Andhra Pradesh
Srikakulam,2016-05-01,67.53,Andhra Pradesh
Srikakulam,2016-05-17,68.38,Andhra Pradesh
Srikakulam,2016-06-01,71.03,Andhra Pradesh
Srikakulam,2016-06-15,71.14,Andhra Pradesh
Srikakulam,2016-07-01,70.2,Andhra Pradesh
Srikakulam,2016-07-15,67.89,Andhra Pradesh
Srikakulam,2016-08-01,66.47,Andhra Pradesh
Srikakulam,2016-08-15,65.44,Andhra Pradesh
Srikakulam,2016-09-01,68.92,Andhra Pradesh
Srikakulam,2016-09-15,69.71,Andhra Pradesh
Srikakulam,2016-10-01,70.09,Andhra Pradesh
Srikakulam,2016-10-05,70.2,Andhra Pradesh
Srikakulam,2016-10-15,71.99,Andhra Pradesh
Srikakulam,2016-11-06,73.3,Andhra Pradesh
Srikakulam,2016-11-16,71.52,Andhra Pradesh
Srikakulam,2016-12-01,71.7,Andhra Pradesh
Srikakulam,2016-12-17,74.63,Andhra Pradesh
Srikakulam,2017-01-01,76.33,Andhra Pradesh
Srikakulam,2017-01-16,76.89,Andhra Pradesh
Srikakulam,2017-04-01,72.47,Andhra Pradesh
Srikakulam,2017-04-16,74.3,Andhra Pradesh
Srikakulam,2017-05-01,74.31,Andhra Pradesh
Srikakulam,2017-05-16,71.49,Andhra Pradesh
Srikakulam,2017-06-01,73.12,Andhra Pradesh
Srikakulam,2017-06-16,71.41,Andhra Pradesh
Srikakulam,2017-06-19,70.75,Andhra Pradesh
Srikakulam,2017-06-21,70.45,Andhra Pradesh
Srikakulam,2017-06-26,69.42,Andhra Pradesh
Srikakulam,2017-06-30,69.18,Andhra Pradesh
Srikakulam,2017-07-03,68.96,Andhra Pradesh
Srikakulam,2017-07-10,69.68,Andhra Pradesh
Srikakulam,2017-07-13,77.07,Andhra Pradesh
Srikakulam,2017-07-17,70.03,Andhra Pradesh
Srikakulam,2017-07-24,70.42,Andhra Pradesh
Srikakulam,2017-08-01,71.08,Andhra Pradesh
Srikakulam,2017-08-07,72.38,Andhra Pradesh
Srikakulam,2017-08-14,73.71,Andhra Pradesh
Srikakulam,2017-08-21,74.31,Andhra Pradesh
Srikakulam,2017-08-28,74.88,Andhra Pradesh
Srikakulam,2017-09-04,75.39,Andhra Pradesh
Srikakulam,2017-09-11,76.08,Andhra Pradesh
Srikakulam,2017-09-19,76.31,Andhra Pradesh
Srikakulam,2017-09-25,76.19,Andhra Pradesh
Srikakulam,2017-10-03,76.66,Andhra Pradesh
Srikakulam,2017-10-04,74.12,Andhra Pradesh
Srikakulam,2017-10-09,74.17,Andhra Pradesh
Srikakulam,2017-10-16,74.0,Andhra Pradesh
Srikakulam,2017-10-24,74.32,Andhra Pradesh
Srikakulam,2017-10-30,74.8,Andhra Pradesh
Srikakulam,2017-11-06,75.52,Andhra Pradesh
Srikakulam,2017-11-13,75.58,Andhra Pradesh
Srikakulam,2017-11-20,75.31,Andhra Pradesh
Srikakulam,2017-11-27,75.07,Andhra Pradesh
Srikakulam,2017-12-05,75.04,Andhra Pradesh
Srikakulam,2017-12-11,74.91,Andhra Pradesh
Srikakulam,2017-12-18,74.98,Andhra Pradesh
Srikakulam,2017-12-26,75.43,Andhra Pradesh
Srikakulam,2018-01-01,75.78,Andhra Pradesh
Srikakulam,2018-01-02,76.26,Andhra Pradesh
Srikakulam,2018-01-05,75.8,Andhra Pradesh
Srikakulam,2018-01-08,76.25,Andhra Pradesh
Srikakulam,2018-01-09,76.3,Andhra Pradesh
Srikakulam,2018-01-10,76.37,Andhra Pradesh
Srikakulam,2018-01-11,76.41,Andhra Pradesh
Srikakulam,2018-01-12,76.47,Andhra Pradesh
Srikakulam,2018-01-15,76.93,Andhra Pradesh
Srikakulam,2018-01-16,77.02,Andhra Pradesh
Srikakulam,2018-01-17,77.14,Andhra Pradesh
Srikakulam,2018-01-18,77.32,Andhra Pradesh
Srikakulam,2018-01-19,77.46,Andhra Pradesh
Srikakulam,2018-01-22,78.01,Andhra Pradesh
Srikakulam,2018-01-23,78.16,Andhra Pradesh
Srikakulam,2018-01-24,78.21,Andhra Pradesh
Srikakulam,2018-01-25,78.27,Andhra Pradesh
Srikakulam,2018-01-29,78.63,Andhra Pradesh
Srikakulam,2018-01-30,78.72,Andhra Pradesh
Srikakulam,2018-02-01,78.85,Andhra Pradesh
Srikakulam,2018-02-02,78.9,Andhra Pradesh
Srikakulam,2018-02-05,79.12,Andhra Pradesh
Srikakulam,2018-02-06,79.19,Andhra Pradesh
Srikakulam,2018-02-08,79.18,Andhra Pradesh
Srikakulam,2018-02-09,79.16,Andhra Pradesh
Srikakulam,2018-02-12,78.81,Andhra Pradesh
Srikakulam,2018-02-13,78.74,Andhra Pradesh
Srikakulam,2018-02-15,78.58,Andhra Pradesh
Srikakulam,2018-02-16,78.3,Andhra Pradesh
Srikakulam,2018-02-19,77.69,Andhra Pradesh
Srikakulam,2018-02-20,77.49,Andhra Pradesh
Srikakulam,2018-02-21,77.48,Andhra Pradesh
Srikakulam,2018-02-22,77.46,Andhra Pradesh
Srikakulam,2018-02-23,77.37,Andhra Pradesh
Srikakulam,2018-02-26,77.29,Andhra Pradesh
Srikakulam,2018-02-27,77.27,Andhra Pradesh
Srikakulam,2018-03-01,77.4,Andhra Pradesh
Srikakulam,2018-03-02,77.59,Andhra Pradesh
Srikakulam,2018-03-05,78.17,Andhra Pradesh
Srikakulam,2018-03-06,78.24,Andhra Pradesh
Srikakulam,2018-03-09,78.29,Andhra Pradesh
Srikakulam,2018-03-12,78.31,Andhra Pradesh
Srikakulam,2018-03-13,78.33,Andhra Pradesh
Srikakulam,2018-03-15,78.31,Andhra Pradesh
Srikakulam,2018-03-16,78.22,Andhra Pradesh
Srikakulam,2018-03-19,78.04,Andhra Pradesh
Srikakulam,2018-03-20,78.05,Andhra Pradesh
Srikakulam,2018-03-22,78.11,Andhra Pradesh
Srikakulam,2018-03-23,78.15,Andhra Pradesh
Srikakulam,2018-03-26,78.66,Andhra Pradesh
Srikakulam,2018-03-27,78.77,Andhra Pradesh
Srikakulam,2018-03-29,78.95,Andhra Pradesh
Srikakulam,2018-03-30,79.19,Andhra Pradesh
Srikakulam,2018-04-02,79.7,Andhra Pradesh
Srikakulam,2018-04-03,79.84,Andhra Pradesh
Srikakulam,2018-04-05,79.87,Andhra Pradesh
Srikakulam,2018-04-09,79.88,Andhra Pradesh
Srikakulam,2018-04-10,79.87,Andhra Pradesh
Srikakulam,2018-04-12,79.83,Andhra Pradesh
Srikakulam,2018-04-13,79.8,Andhra Pradesh
Srikakulam,2018-04-16,79.91,Andhra Pradesh
Srikakulam,2018-04-19,79.96,Andhra Pradesh
Srikakulam,2018-04-20,79.97,Andhra Pradesh
Srikakulam,2018-04-23,80.4,Andhra Pradesh
Srikakulam,2018-04-24,80.54,Andhra Pradesh
Srikakulam,2018-05-14,80.75,Andhra Pradesh
Srikakulam,2018-05-15,80.9,Andhra Pradesh
Srikakulam,2018-05-16,81.06,Andhra Pradesh
Srikakulam,2018-05-17,81.28,Andhra Pradesh
Srikakulam,2018-05-18,80.75,Andhra Pradesh
Srikakulam,2018-05-21,82.57,Andhra Pradesh
Srikakulam,2018-05-22,82.88,Andhra Pradesh
Srikakulam,2018-05-23,83.19,Andhra Pradesh
Srikakulam,2018-05-24,83.5,Andhra Pradesh
Srikakulam,2018-05-25,83.87,Andhra Pradesh
Srikakulam,2018-05-26,84.01,Andhra Pradesh
Srikakulam,2018-05-27,84.16,Andhra Pradesh
Srikakulam,2018-05-28,84.32,Andhra Pradesh
Srikakulam,2018-05-29,84.48,Andhra Pradesh
Srikakulam,2018-05-31,84.4,Andhra Pradesh
Srikakulam,2018-06-01,84.34,Andhra Pradesh
Srikakulam,2018-06-02,84.25,Andhra Pradesh
Srikakulam,2018-06-03,84.15,Andhra Pradesh
Srikakulam,2018-06-04,84.0,Andhra Pradesh
Srikakulam,2018-06-05,83.87,Andhra Pradesh
Srikakulam,2018-06-06,83.75,Andhra Pradesh
Srikakulam,2018-06-07,83.66,Andhra Pradesh
Srikakulam,2018-06-08,83.44,Andhra Pradesh
Srikakulam,2018-06-09,83.03,Andhra Pradesh
Srikakulam,2018-06-10,82.79,Andhra Pradesh
Srikakulam,2018-06-11,82.58,Andhra Pradesh
Srikakulam,2018-06-12,82.43,Andhra Pradesh
Srikakulam,2018-06-15,82.34,Andhra Pradesh
Srikakulam,2018-06-19,82.26,Andhra Pradesh
Srikakulam,2018-06-21,82.15,Andhra Pradesh
Srikakulam,2018-06-22,82.0,Andhra Pradesh
Srikakulam,2018-06-23,81.91,Andhra Pradesh
Srikakulam,2018-06-24,81.77,Andhra Pradesh
Srikakulam,2018-06-25,81.66,Andhra Pradesh
Srikakulam,2018-06-26,81.52,Andhra Pradesh
Srikakulam,2018-07-05,81.68,Andhra Pradesh
Srikakulam,2018-07-06,81.83,Andhra Pradesh
Srikakulam,2018-07-09,82.35,Andhra Pradesh
Srikakulam,2018-07-10,82.53,Andhra Pradesh
Srikakulam,2018-07-12,82.59,Andhra Pradesh
Srikakulam,2018-07-13,82.77,Andhra Pradesh
Srikakulam,2018-07-16,82.85,Andhra Pradesh
Srikakulam,2018-07-20,82.68,Andhra Pradesh
Srikakulam,2018-07-23,82.35,Andhra Pradesh
Srikakulam,2018-07-24,82.28,Andhra Pradesh
Srikakulam,2018-07-30,82.3,Andhra Pradesh
Srikakulam,2018-07-31,82.36,Andhra Pradesh
Srikakulam,2018-08-02,82.52,Andhra Pradesh
Srikakulam,2018-08-03,82.6,Andhra Pradesh
Srikakulam,2018-08-06,83.08,Andhra Pradesh
Srikakulam,2018-08-07,83.17,Andhra Pradesh
Srikakulam,2018-08-13,83.25,Andhra Pradesh
Srikakulam,2018-08-16,83.31,Andhra Pradesh
Srikakulam,2018-08-20,83.62,Andhra Pradesh
Srikakulam,2018-08-21,83.71,Andhra Pradesh
Srikakulam,2018-08-24,83.82,Andhra Pradesh
Srikakulam,2018-08-25,76.03,Andhra Pradesh
Srikakulam,2018-08-26,76.11,Andhra Pradesh
Srikakulam,2018-08-27,84.07,Andhra Pradesh
Srikakulam,2018-08-28,84.21,Andhra Pradesh
Srikakulam,2018-08-29,84.34,Andhra Pradesh
Srikakulam,2018-08-30,84.47,Andhra Pradesh
Srikakulam,2018-08-31,84.69,Andhra Pradesh
Srikakulam,2018-09-03,85.38,Andhra Pradesh
Srikakulam,2018-09-04,85.55,Andhra Pradesh
Srikakulam,2018-09-06,85.75,Andhra Pradesh
Srikakulam,2018-09-07,86.25,Andhra Pradesh
Srikakulam,2018-09-10,87.01,Andhra Pradesh
Srikakulam,2018-09-11,85.14,Andhra Pradesh
Srikakulam,2018-09-13,85.27,Andhra Pradesh
Srikakulam,2018-09-14,85.56,Andhra Pradesh
Srikakulam,2018-09-15,85.92,Andhra Pradesh
Srikakulam,2018-09-16,86.21,Andhra Pradesh
Srikakulam,2018-09-17,86.36,Andhra Pradesh
Srikakulam,2018-09-18,86.46,Andhra Pradesh
Srikakulam,2018-09-20,86.52,Andhra Pradesh
Srikakulam,2018-09-21,86.63,Andhra Pradesh
Srikakulam,2018-09-23,86.91,Andhra Pradesh
Srikakulam,2018-09-24,87.02,Andhra Pradesh
Srikakulam,2018-09-25,87.17,Andhra Pradesh
Srikakulam,2018-09-27,87.31,Andhra Pradesh
Srikakulam,2018-09-28,87.54,Andhra Pradesh
Srikakulam,2018-09-30,87.82,Andhra Pradesh
Srikakulam,2018-10-01,88.05,Andhra Pradesh
Srikakulam,2018-10-02,88.16,Andhra Pradesh
Srikakulam,2018-10-04,88.3,Andhra Pradesh
Srikakulam,2018-10-05,85.73,Andhra Pradesh
Srikakulam,2018-10-06,85.91,Andhra Pradesh
Srikakulam,2018-10-07,86.06,Andhra Pradesh
Srikakulam,2018-10-08,86.28,Andhra Pradesh
Srikakulam,2018-10-09,86.51,Andhra Pradesh
Srikakulam,2018-10-11,86.61,Andhra Pradesh
Srikakulam,2018-10-12,86.74,Andhra Pradesh
Srikakulam,2018-10-13,86.92,Andhra Pradesh
Srikakulam,2018-10-14,86.99,Andhra Pradesh
Srikakulam,2018-10-16,87.1,Andhra Pradesh
Srikakulam,2018-10-19,86.64,Andhra Pradesh
Srikakulam,2018-10-20,86.23,Andhra Pradesh
Srikakulam,2018-10-22,85.67,Andhra Pradesh
Srikakulam,2018-10-23,85.57,Andhra Pradesh
Srikakulam,2018-10-24,85.47,Andhra Pradesh
Srikakulam,2018-10-25,85.32,Andhra Pradesh
Srikakulam,2018-10-26,85.06,Andhra Pradesh
Srikakulam,2018-10-29,83.93,Andhra Pradesh
Srikakulam,2018-10-30,83.72,Andhra Pradesh
Srikakulam,2018-11-01,83.54,Andhra Pradesh
Srikakulam,2018-11-02,83.41,Andhra Pradesh
Srikakulam,2018-11-05,82.8,Andhra Pradesh
Srikakulam,2018-11-06,82.66,Andhra Pradesh
Srikakulam,2018-11-12,81.77,Andhra Pradesh
Srikakulam,2018-11-13,81.64,Andhra Pradesh
Srikakulam,2018-11-15,81.49,Andhra Pradesh
Srikakulam,2018-11-16,81.3,Andhra Pradesh
Srikakulam,2018-11-19,80.7,Andhra Pradesh
Srikakulam,2018-11-20,80.56,Andhra Pradesh
Srikakulam,2018-11-22,80.14,Andhra Pradesh
Srikakulam,2018-11-23,79.73,Andhra Pradesh
Srikakulam,2018-11-26,78.61,Andhra Pradesh
Srikakulam,2018-11-27,78.18,Andhra Pradesh
Srikakulam,2018-11-28,77.67,Andhra Pradesh
Srikakulam,2018-11-29,77.33,Andhra Pradesh
Srikakulam,2018-11-30,76.95,Andhra Pradesh
Srikakulam,2018-12-01,76.58,Andhra Pradesh
Srikakulam,2018-12-02,76.26,Andhra Pradesh
Srikakulam,2018-12-03,75.94,Andhra Pradesh
Srikakulam,2018-12-04,75.72,Andhra Pradesh
Srikakulam,2018-12-06,75.31,Andhra Pradesh
Srikakulam,2018-12-07,74.9,Andhra Pradesh
Srikakulam,2018-12-10,74.27,Andhra Pradesh
Srikakulam,2018-12-11,74.11,Andhra Pradesh
Srikakulam,2018-12-13,74.2,Andhra Pradesh
Srikakulam,2018-12-17,74.45,Andhra Pradesh
Srikakulam,2018-12-18,74.55,Andhra Pradesh
Srikakulam,2018-12-21,74.37,Andhra Pradesh
Srikakulam,2018-12-24,73.76,Andhra Pradesh
Srikakulam,2018-12-25,73.68,Andhra Pradesh
Srikakulam,2018-12-27,73.63,Andhra Pradesh
Srikakulam,2018-12-28,73.44,Andhra Pradesh
Srikakulam,2018-12-31,72.71,Andhra Pradesh
Srikakulam,2019-01-02,72.6,Andhra Pradesh
Srikakulam,2019-01-04,72.39,Andhra Pradesh
Srikakulam,2019-01-07,72.45,Andhra Pradesh
Srikakulam,2019-01-10,72.84,Andhra Pradesh
Srikakulam,2019-01-11,73.04,Andhra Pradesh
Srikakulam,2019-01-14,74.13,Andhra Pradesh
Srikakulam,2019-01-16,74.33,Andhra Pradesh
Srikakulam,2019-01-17,74.48,Andhra Pradesh
Srikakulam,2019-01-18,74.56,Andhra Pradesh
Srikakulam,2019-01-21,75.17,Andhra Pradesh
Srikakulam,2019-01-22,75.3,Andhra Pradesh
Srikakulam,2019-01-29,75.22,Andhra Pradesh
Srikakulam,2019-01-31,75.12,Andhra Pradesh
Srikakulam,2019-02-01,74.89,Andhra Pradesh
Srikakulam,2019-02-05,74.37,Andhra Pradesh
Srikakulam,2019-02-08,74.31,Andhra Pradesh
Srikakulam,2019-02-11,74.26,Andhra Pradesh
Srikakulam,2019-02-14,74.32,Andhra Pradesh
Srikakulam,2019-02-15,74.39,Andhra Pradesh
Srikakulam,2019-02-18,74.85,Andhra Pradesh
Srikakulam,2019-02-19,74.96,Andhra Pradesh
Srikakulam,2019-02-22,75.26,Andhra Pradesh
Srikakulam,2019-02-25,75.54,Andhra Pradesh
Srikakulam,2019-02-26,75.64,Andhra Pradesh
Srikakulam,2019-02-28,75.71,Andhra Pradesh
Srikakulam,2019-03-01,75.82,Andhra Pradesh
Srikakulam,2019-03-04,76.19,Andhra Pradesh
Srikakulam,2019-03-05,76.26,Andhra Pradesh
Srikakulam,2019-03-11,76.49,Andhra Pradesh
Srikakulam,2019-03-12,76.44,Andhra Pradesh
Srikakulam,2019-03-14,76.51,Andhra Pradesh
Srikakulam,2019-03-15,76.58,Andhra Pradesh
Srikakulam,2019-03-18,76.82,Andhra Pradesh
Srikakulam,2019-03-21,76.74,Andhra Pradesh
Srikakulam,2019-03-22,76.8,Andhra Pradesh
Srikakulam,2019-03-23,76.85,Andhra Pradesh
Srikakulam,2019-03-24,76.9,Andhra Pradesh
Srikakulam,2019-03-28,76.85,Andhra Pradesh
Srikakulam,2019-04-01,76.93,Andhra Pradesh
Srikakulam,2019-04-05,76.98,Andhra Pradesh
Srikakulam,2019-04-08,76.92,Andhra Pradesh
Srikakulam,2019-04-09,76.86,Andhra Pradesh
Srikakulam,2019-04-12,76.93,Andhra Pradesh
Srikakulam,2019-04-15,77.05,Andhra Pradesh
Srikakulam,2019-04-16,77.0,Andhra Pradesh
Srikakulam,2019-04-20,77.07,Andhra Pradesh
Srikakulam,2019-04-22,77.02,Andhra Pradesh
Srikakulam,2019-04-25,77.09,Andhra Pradesh
Srikakulam,2019-04-27,77.15,Andhra Pradesh
Srikakulam,2019-04-30,77.2,Andhra Pradesh
Srikakulam,2019-05-02,77.11,Andhra Pradesh
Srikakulam,2019-05-04,77.12,Andhra Pradesh
Srikakulam,2019-05-05,77.05,Andhra Pradesh
Srikakulam,2019-05-06,76.98,Andhra Pradesh
Srikakulam,2019-05-09,76.82,Andhra Pradesh
Srikakulam,2019-05-10,76.6,Andhra Pradesh
Srikakulam,2019-05-11,76.11,Andhra Pradesh
Srikakulam,2019-05-12,75.68,Andhra Pradesh
Srikakulam,2019-05-13,75.37,Andhra Pradesh
Srikakulam,2019-05-14,75.11,Andhra Pradesh
Srikakulam,2019-05-17,75.03,Andhra Pradesh
Srikakulam,2019-05-18,74.96,Andhra Pradesh
Srikakulam,2019-05-20,75.05,Andhra Pradesh
Srikakulam,2019-05-21,75.1,Andhra Pradesh
Srikakulam,2019-05-23,75.18,Andhra Pradesh
Srikakulam,2019-05-24,75.33,Andhra Pradesh
Srikakulam,2019-05-25,75.47,Andhra Pradesh
Srikakulam,2019-05-26,75.61,Andhra Pradesh
Srikakulam,2019-05-27,75.72,Andhra Pradesh
Srikakulam,2019-05-28,75.81,Andhra Pradesh
Srikakulam,2019-05-30,75.75,Andhra Pradesh
Srikakulam,2019-05-31,75.68,Andhra Pradesh
Srikakulam,2019-06-01,75.64,Andhra Pradesh
Srikakulam,2019-06-02,75.51,Andhra Pradesh
Srikakulam,2019-06-03,75.31,Andhra Pradesh
Srikakulam,2019-06-04,75.24,Andhra Pradesh
Srikakulam,2019-06-06,75.07,Andhra Pradesh
Srikakulam,2019-06-07,74.94,Andhra Pradesh
Srikakulam,2019-06-10,74.41,Andhra Pradesh
Srikakulam,2019-06-13,74.33,Andhra Pradesh
Srikakulam,2019-06-14,74.16,Andhra Pradesh
Srikakulam,2019-06-15,73.96,Andhra Pradesh
Srikakulam,2019-06-16,73.9,Andhra Pradesh
Srikakulam,2019-06-24,74.02,Andhra Pradesh
Srikakulam,2019-06-27,74.09,Andhra Pradesh
Srikakulam,2019-06-28,74.15,Andhra Pradesh
Srikakulam,2019-06-29,74.26,Andhra Pradesh
Srikakulam,2019-06-30,74.35,Andhra Pradesh
Srikakulam,2019-07-01,74.45,Andhra Pradesh
Srikakulam,2019-07-02,74.52,Andhra Pradesh
Srikakulam,2019-07-06,77.04,Andhra Pradesh
Srikakulam,2019-07-09,76.98,Andhra Pradesh
Srikakulam,2019-07-13,77.07,Andhra Pradesh
Srikakulam,2019-07-14,77.17,Andhra Pradesh
Srikakulam,2019-07-15,77.3,Andhra Pradesh
Srikakulam,2019-07-16,77.36,Andhra Pradesh
Srikakulam,2019-07-18,77.44,Andhra Pradesh
Srikakulam,2019-07-23,77.51,Andhra Pradesh
Srikakulam,2019-07-25,77.44,Andhra Pradesh
Srikakulam,2019-07-26,77.38,Andhra Pradesh
Srikakulam,2019-07-27,77.33,Andhra Pradesh
Srikakulam,2019-07-28,77.23,Andhra Pradesh
Srikakulam,2019-07-29,77.07,Andhra Pradesh
Srikakulam,2019-07-30,76.94,Andhra Pradesh
Srikakulam,2019-08-01,76.88,Andhra Pradesh
Srikakulam,2019-08-02,76.71,Andhra Pradesh
Srikakulam,2019-08-03,76.64,Andhra Pradesh
Srikakulam,2019-08-04,76.58,Andhra Pradesh
Srikakulam,2019-08-05,76.42,Andhra Pradesh
Srikakulam,2019-08-06,76.33,Andhra Pradesh
Srikakulam,2019-08-08,76.28,Andhra Pradesh
Srikakulam,2019-08-09,76.12,Andhra Pradesh
Srikakulam,2019-08-11,76.03,Andhra Pradesh
Srikakulam,2019-08-18,75.95,Andhra Pradesh
Srikakulam,2019-08-19,75.88,Andhra Pradesh
Srikakulam,2019-08-24,75.96,Andhra Pradesh
Srikakulam,2019-08-25,76.03,Andhra Pradesh
Srikakulam,2019-08-26,76.11,Andhra Pradesh
Srikakulam,2019-08-27,76.11,Andhra Pradesh
Srikakulam,2019-08-29,76.05,Andhra Pradesh
Srikakulam,2019-09-05,76.02,Andhra Pradesh
Srikakulam,2019-09-06,75.93,Andhra Pradesh
Srikakulam,2019-09-07,75.84,Andhra Pradesh
Srikakulam,2019-09-08,75.78,Andhra Pradesh
Srikakulam,2019-09-10,75.83,Andhra Pradesh
Srikakulam,2019-09-12,75.89,Andhra Pradesh
Srikakulam,2019-09-13,75.96,Andhra Pradesh
Srikakulam,2019-09-14,76.04,Andhra Pradesh
Srikakulam,2019-09-15,76.11,Andhra Pradesh
Srikakulam,2019-09-17,76.25,Andhra Pradesh
Srikakulam,2019-09-18,76.51,Andhra Pradesh
Srikakulam,2019-09-19,76.81,Andhra Pradesh
Srikakulam,2019-09-20,77.17,Andhra Pradesh
Srikakulam,2019-09-21,77.46,Andhra Pradesh
Srikakulam,2019-09-22,77.74,Andhra Pradesh
Srikakulam,2019-09-23,78.04,Andhra Pradesh
Srikakulam,2019-09-24,78.27,Andhra Pradesh
Srikakulam,2019-09-26,78.33,Andhra Pradesh
Srikakulam,2019-09-27,78.48,Andhra Pradesh
Srikakulam,2019-09-30,78.57,Andhra Pradesh
Srikakulam,2019-10-01,78.79,Andhra Pradesh
Srikakulam,2019-10-03,78.68,Andhra Pradesh
Srikakulam,2019-10-04,78.5,Andhra Pradesh
Srikakulam,2019-10-05,78.2,Andhra Pradesh
Srikakulam,2019-10-07,77.91,Andhra Pradesh
Srikakulam,2019-10-08,77.74,Andhra Pradesh
Srikakulam,2019-10-10,77.69,Andhra Pradesh
Srikakulam,2019-10-11,77.56,Andhra Pradesh
Srikakulam,2019-10-12,77.46,Andhra Pradesh
Srikakulam,2019-10-15,77.41,Andhra Pradesh
Srikakulam,2019-10-22,77.36,Andhra Pradesh
Srikakulam,2019-10-24,77.31,Andhra Pradesh
Srikakulam,2019-10-25,77.19,Andhra Pradesh
Srikakulam,2019-10-26,77.11,Andhra Pradesh
Srikakulam,2019-10-29,77.05,Andhra Pradesh
Srikakulam,2019-11-01,76.92,Andhra Pradesh
Srikakulam,2019-11-02,76.85,Andhra Pradesh
Srikakulam,2019-11-03,76.8,Andhra Pradesh
Srikakulam,2019-11-04,76.71,Andhra Pradesh
Srikakulam,2019-11-05,76.66,Andhra Pradesh
Srikakulam,2019-11-08,76.76,Andhra Pradesh
Srikakulam,2019-11-09,76.91,Andhra Pradesh
Srikakulam,2019-11-10,77.12,Andhra Pradesh
Srikakulam,2019-11-11,77.27,Andhra Pradesh
Srikakulam,2019-11-13,77.38,Andhra Pradesh
Srikakulam,2019-11-14,77.53,Andhra Pradesh
Srikakulam,2019-11-15,77.72,Andhra Pradesh
Srikakulam,2019-11-16,77.86,Andhra Pradesh
Srikakulam,2019-11-17,77.98,Andhra Pradesh
Srikakulam,2019-11-18,78.15,Andhra Pradesh
Srikakulam,2019-11-19,78.3,Andhra Pradesh
Srikakulam,2019-11-22,78.46,Andhra Pradesh
Srikakulam,2019-11-23,78.55,Andhra Pradesh
Srikakulam,2019-11-24,78.65,Andhra Pradesh
Srikakulam,2019-11-25,78.78,Andhra Pradesh
Srikakulam,2019-11-26,78.88,Andhra Pradesh
Srikakulam,2019-11-29,78.93,Andhra Pradesh
Srikakulam,2019-11-30,78.983,Andhra Pradesh
Srikakulam,2019-12-01,79.11,Andhra Pradesh
Srikakulam,2019-12-07,79.02,Andhra Pradesh
Srikakulam,2019-12-08,79.11,Andhra Pradesh
Srikakulam,2019-12-09,79.16,Andhra Pradesh
Srikakulam,2019-12-10,79.17,Andhra Pradesh
Srikakulam,2019-12-12,79.12,Andhra Pradesh
Srikakulam,2019-12-13,79.06,Andhra Pradesh
Srikakulam,2019-12-14,79.0,Andhra Pradesh
Srikakulam,2019-12-15,78.9,Andhra Pradesh
Srikakulam,2019-12-16,78.85,Andhra Pradesh
Srikakulam,2019-12-17,78.8,Andhra Pradesh
Srikakulam,2019-12-19,78.79,Andhra Pradesh
Srikakulam,2019-12-26,78.84,Andhra Pradesh
Srikakulam,2019-12-27,78.9,Andhra Pradesh
Srikakulam,2019-12-29,79.04,Andhra Pradesh
Srikakulam,2019-12-30,79.21,Andhra Pradesh
Srikakulam,2019-12-31,79.31,Andhra Pradesh
Srikakulam,2020-01-02,79.44,Andhra Pradesh
Srikakulam,2020-01-03,79.55,Andhra Pradesh
Srikakulam,2020-01-04,79.65,Andhra Pradesh
Srikakulam,2020-01-05,79.74,Andhra Pradesh
Srikakulam,2020-01-06,79.9,Andhra Pradesh
Srikakulam,2020-01-07,80.05,Andhra Pradesh
Srikakulam,2020-01-08,79.95,Andhra Pradesh
Srikakulam,2020-01-09,80.02,Andhra Pradesh
Srikakulam,2020-01-10,80.17,Andhra Pradesh
Srikakulam,2020-01-11,80.23,Andhra Pradesh
Srikakulam,2020-01-12,80.13,Andhra Pradesh
Srikakulam,2020-01-13,80.01,Andhra Pradesh
Srikakulam,2020-01-14,79.91,Andhra Pradesh
Srikakulam,2020-01-16,79.75,Andhra Pradesh
Srikakulam,2020-01-17,79.61,Andhra Pradesh
Srikakulam,2020-01-18,79.45,Andhra Pradesh
Srikakulam,2020-01-19,79.28,Andhra Pradesh
Srikakulam,2020-01-20,79.17,Andhra Pradesh
Srikakulam,2020-01-21,79.01,Andhra Pradesh
Srikakulam,2020-01-22,79.01,Andhra Pradesh
Srikakulam,2020-01-23,78.83,Andhra Pradesh
Srikakulam,2020-01-24,78.61,Andhra Pradesh
Srikakulam,2020-01-25,78.36,Andhra Pradesh
Srikakulam,2020-01-26,78.06,Andhra Pradesh
Srikakulam,2020-01-27,77.86,Andhra Pradesh
Srikakulam,2020-01-28,77.74,Andhra Pradesh
Srikakulam,2020-01-29,77.74,Andhra Pradesh
Srikakulam,2020-01-30,77.5,Andhra Pradesh
Srikakulam,2020-01-31,77.72,Andhra Pradesh
Srikakulam,2020-02-01,77.57,Andhra Pradesh
Srikakulam,2020-02-02,77.47,Andhra Pradesh
Srikakulam,2020-02-03,77.41,Andhra Pradesh
Srikakulam,2020-02-04,77.36,Andhra Pradesh
Srikakulam,2020-02-05,77.36,Andhra Pradesh
Srikakulam,2020-02-06,77.26,Andhra Pradesh
Srikakulam,2020-02-07,77.03,Andhra Pradesh
Srikakulam,2020-02-08,76.79,Andhra Pradesh
Srikakulam,2020-02-09,76.55,Andhra Pradesh
Srikakulam,2020-02-10,76.38,Andhra Pradesh
Srikakulam,2020-02-11,76.21,Andhra Pradesh
Srikakulam,2020-02-12,76.21,Andhra Pradesh
Srikakulam,2020-02-13,76.21,Andhra Pradesh
Srikakulam,2020-02-14,76.21,Andhra Pradesh
Srikakulam,2020-02-15,76.21,Andhra Pradesh
Srikakulam,2020-02-17,76.21,Andhra Pradesh
Srikakulam,2020-02-18,76.16,Andhra Pradesh
Srikakulam,2020-02-19,76.16,Andhra Pradesh
Srikakulam,2020-02-20,76.16,Andhra Pradesh
Srikakulam,2020-02-21,76.16,Andhra Pradesh
Srikakulam,2020-02-24,76.29,Andhra Pradesh
Srikakulam,2020-02-25,76.29,Andhra Pradesh
Srikakulam,2020-02-26,76.29,Andhra Pradesh
Srikakulam,2020-02-27,76.23,Andhra Pradesh
Srikakulam,2020-02-28,76.23,Andhra Pradesh
Srikakulam,2020-02-29,76.16,Andhra Pradesh
Srikakulam,2020-03-01,76.51,Andhra Pradesh
Srikakulam,2020-03-02,76.29,Andhra Pradesh
Srikakulam,2020-03-03,76.24,Andhra Pradesh
Srikakulam,2020-03-04,76.24,Andhra Pradesh
Srikakulam,2020-03-05,76.08,Andhra Pradesh
Srikakulam,2020-03-06,75.93,Andhra Pradesh
Srikakulam,2020-03-07,75.8,Andhra Pradesh
Srikakulam,2020-03-08,75.61,Andhra Pradesh
Srikakulam,2020-03-09,75.36,Andhra Pradesh
Srikakulam,2020-03-10,75.06,Andhra Pradesh
Srikakulam,2020-03-11,75.06,Andhra Pradesh
Srikakulam,2020-03-12,74.9,Andhra Pradesh
Srikakulam,2020-03-13,74.75,Andhra Pradesh
Srikakulam,2020-03-14,74.62,Andhra Pradesh
Srikakulam,2020-03-15,74.5,Andhra Pradesh
Srikakulam,2020-03-16,74.33,Andhra Pradesh
Srikakulam,2020-03-17,74.33,Andhra Pradesh
Srikakulam,2020-03-18,74.33,Andhra Pradesh
Srikakulam,2020-03-19,74.33,Andhra Pradesh
Srikakulam,2020-03-20,74.33,Andhra Pradesh
Srikakulam,2020-03-21,74.33,Andhra Pradesh
Srikakulam,2020-03-22,74.33,Andhra Pradesh
Srikakulam,2020-03-23,74.33,Andhra Pradesh
Srikakulam,2020-03-24,74.33,Andhra Pradesh
Srikakulam,2020-03-25,74.33,Andhra Pradesh
Srikakulam,2020-03-26,74.33,Andhra Pradesh
Srikakulam,2020-03-27,74.33,Andhra Pradesh
Srikakulam,2020-03-28,74.33,Andhra Pradesh
Srikakulam,2020-03-29,74.33,Andhra Pradesh
Srikakulam,2020-03-30,74.33,Andhra Pradesh
Srikakulam,2020-03-31,74.33,Andhra Pradesh
Srikakulam,2020-04-01,74.33,Andhra Pradesh
Srikakulam,2020-04-02,74.33,Andhra Pradesh
Srikakulam,2020-04-03,74.33,Andhra Pradesh
Srikakulam,2020-04-04,74.33,Andhra Pradesh
Srikakulam,2020-04-05,74.33,Andhra Pradesh
Srikakulam,2020-04-06,74.33,Andhra Pradesh
Srikakulam,2020-04-07,74.33,Andhra Pradesh
Srikakulam,2020-04-08,74.33,Andhra Pradesh
Srikakulam,2020-04-09,74.33,Andhra Pradesh
Srikakulam,2020-04-10,74.33,Andhra Pradesh
Srikakulam,2020-04-11,74.33,Andhra Pradesh
Srikakulam,2020-04-12,74.33,Andhra Pradesh
Srikakulam,2020-04-13,74.33,Andhra Pradesh
Srikakulam,2020-04-14,74.33,Andhra Pradesh
Srikakulam,2020-04-15,74.33,Andhra Pradesh
Srikakulam,2020-04-16,74.33,Andhra Pradesh
Srikakulam,2020-04-17,74.33,Andhra Pradesh
Srikakulam,2020-04-18,74.33,Andhra Pradesh
Srikakulam,2020-04-20,74.33,Andhra Pradesh
Srikakulam,2020-04-21,74.33,Andhra Pradesh
Srikakulam,2020-04-22,74.33,Andhra Pradesh
Srikakulam,2020-04-23,74.33,Andhra Pradesh
Srikakulam,2020-04-24,74.33,Andhra Pradesh
Srikakulam,2020-04-25,74.33,Andhra Pradesh
Srikakulam,2020-04-26,74.33,Andhra Pradesh
Srikakulam,2020-04-27,74.33,Andhra Pradesh
Srikakulam,2020-04-28,74.33,Andhra Pradesh
Srikakulam,2020-04-29,74.33,Andhra Pradesh
Srikakulam,2020-04-30,74.33,Andhra Pradesh
Srikakulam,2020-05-01,74.33,Andhra Pradesh
Srikakulam,2020-05-02,74.33,Andhra Pradesh
Srikakulam,2020-05-03,74.33,Andhra Pradesh
Srikakulam,2020-05-04,74.33,Andhra Pradesh
Srikakulam,2020-05-05,74.33,Andhra Pradesh
Srikakulam,2020-05-06,74.33,Andhra Pradesh
Srikakulam,2020-05-07,74.33,Andhra Pradesh
Srikakulam,2020-05-08,74.33,Andhra Pradesh
Srikakulam,2020-05-09,74.33,Andhra Pradesh
Srikakulam,2020-05-10,74.33,Andhra Pradesh
Srikakulam,2020-05-11,74.33,Andhra Pradesh
Srikakulam,2020-05-12,74.33,Andhra Pradesh
Srikakulam,2020-05-13,74.33,Andhra Pradesh
Srikakulam,2020-05-14,74.33,Andhra Pradesh
Srikakulam,2020-05-15,74.33,Andhra Pradesh
Srikakulam,2020-05-16,74.33,Andhra Pradesh
Srikakulam,2020-05-17,74.33,Andhra Pradesh
Srikakulam,2020-05-18,74.33,Andhra Pradesh
Srikakulam,2020-05-19,74.33,Andhra Pradesh
Srikakulam,2020-05-20,74.33,Andhra Pradesh
Srikakulam,2020-05-21,74.33,Andhra Pradesh
Srikakulam,2020-05-22,74.33,Andhra Pradesh
Srikakulam,2020-05-23,74.33,Andhra Pradesh
Srikakulam,2020-05-24,74.33,Andhra Pradesh
Srikakulam,2020-05-25,74.33,Andhra Pradesh
Srikakulam,2020-05-26,74.33,Andhra Pradesh
Srikakulam,2020-05-27,74.33,Andhra Pradesh
Srikakulam,2020-05-28,74.33,Andhra Pradesh
Srikakulam,2020-05-29,74.33,Andhra Pradesh
Srikakulam,2020-05-30,74.33,Andhra Pradesh
Srikakulam,2020-05-31,74.33,Andhra Pradesh
Srikakulam,2020-06-01,74.33,Andhra Pradesh
Srikakulam,2020-06-02,74.33,Andhra Pradesh
Srikakulam,2020-06-03,74.33,Andhra Pradesh
Srikakulam,2020-06-04,74.33,Andhra Pradesh
Srikakulam,2020-06-05,74.33,Andhra Pradesh
Srikakulam,2020-06-06,74.33,Andhra Pradesh
Srikakulam,2020-06-07,74.93,Andhra Pradesh
Srikakulam,2020-06-08,75.53,Andhra Pradesh
Srikakulam,2020-06-09,76.07,Andhra Pradesh
Srikakulam,2020-06-10,76.47,Andhra Pradesh
Srikakulam,2020-06-11,77.07,Andhra Pradesh
Srikakulam,2020-06-12,77.67,Andhra Pradesh
Srikakulam,2020-06-13,78.27,Andhra Pradesh
Srikakulam,2020-06-14,78.87,Andhra Pradesh
Srikakulam,2020-06-15,79.35,Andhra Pradesh
Srikakulam,2020-06-16,79.83,Andhra Pradesh
Srikakulam,2020-06-17,80.38,Andhra Pradesh
Srikakulam,2020-06-18,80.91,Andhra Pradesh
Srikakulam,2020-06-19,81.48,Andhra Pradesh
Srikakulam,2020-06-20,81.99,Andhra Pradesh
Srikakulam,2020-06-21,82.34,Andhra Pradesh
Srikakulam,2020-06-22,82.67,Andhra Pradesh
Srikakulam,2020-06-23,82.87,Andhra Pradesh
Srikakulam,2020-06-24,82.87,Andhra Pradesh
Srikakulam,2020-06-25,83.03,Andhra Pradesh
Srikakulam,2020-06-26,83.24,Andhra Pradesh
Srikakulam,2020-06-27,83.49,Andhra Pradesh
Srikakulam,2020-06-28,83.49,Andhra Pradesh
Srikakulam,2020-06-29,83.54,Andhra Pradesh
Srikakulam,2020-06-30,83.54,Andhra Pradesh
Srikakulam,2020-07-01,83.54,Andhra Pradesh
Srikakulam,2020-07-02,83.54,Andhra Pradesh
Srikakulam,2020-07-03,83.54,Andhra Pradesh
Srikakulam,2020-07-04,83.54,Andhra Pradesh
Srikakulam,2020-07-05,83.54,Andhra Pradesh
Srikakulam,2020-07-06,83.54,Andhra Pradesh
Srikakulam,2020-07-07,83.54,Andhra Pradesh
Srikakulam,2020-07-08,83.54,Andhra Pradesh
Srikakulam,2020-07-09,83.54,Andhra Pradesh
Srikakulam,2020-07-10,83.54,Andhra Pradesh
Srikakulam,2020-07-11,83.54,Andhra Pradesh
Srikakulam,2020-07-12,83.54,Andhra Pradesh
Srikakulam,2020-07-13,83.54,Andhra Pradesh
Srikakulam,2020-07-15,83.54,Andhra Pradesh
Srikakulam,2020-07-16,83.54,Andhra Pradesh
Srikakulam,2020-07-17,83.54,Andhra Pradesh
Srikakulam,2020-07-18,83.54,Andhra Pradesh
Srikakulam,2020-07-19,83.54,Andhra Pradesh
Srikakulam,2020-07-20,83.54,Andhra Pradesh
Srikakulam,2020-07-21,83.54,Andhra Pradesh
Srikakulam,2020-07-22,83.54,Andhra Pradesh
Srikakulam,2020-07-23,83.54,Andhra Pradesh
Srikakulam,2020-07-24,83.54,Andhra Pradesh
Srikakulam,2020-07-25,84.79,Andhra Pradesh
Srikakulam,2020-07-26,84.79,Andhra Pradesh
Srikakulam,2020-07-27,84.79,Andhra Pradesh
Srikakulam,2020-07-28,84.79,Andhra Pradesh
Srikakulam,2020-07-29,84.79,Andhra Pradesh
Srikakulam,2020-07-30,84.79,Andhra Pradesh
Srikakulam,2020-07-31,84.79,Andhra Pradesh
Srikakulam,2020-08-01,84.79,Andhra Pradesh
Srikakulam,2020-08-02,84.79,Andhra Pradesh
Srikakulam,2020-08-03,84.79,Andhra Pradesh
Srikakulam,2020-08-04,84.79,Andhra Pradesh
Srikakulam,2020-08-05,84.79,Andhra Pradesh
Srikakulam,2020-08-06,84.79,Andhra Pradesh
Srikakulam,2020-08-07,84.79,Andhra Pradesh
Srikakulam,2020-08-08,84.79,Andhra Pradesh
Srikakulam,2020-08-09,84.79,Andhra Pradesh
Srikakulam,2020-08-10,84.79,Andhra Pradesh
Srikakulam,2020-08-11,84.79,Andhra Pradesh
Srikakulam,2020-08-12,84.79,Andhra Pradesh
Srikakulam,2020-08-13,84.79,Andhra Pradesh
Srikakulam,2020-08-14,84.79,Andhra Pradesh
Srikakulam,2020-08-15,84.79,Andhra Pradesh
Srikakulam,2020-08-16,85.05,Andhra Pradesh
Srikakulam,2020-08-17,85.21,Andhra Pradesh
Srikakulam,2020-08-18,85.37,Andhra Pradesh
Srikakulam,2020-08-19,85.37,Andhra Pradesh
Srikakulam,2020-08-20,85.47,Andhra Pradesh
Srikakulam,2020-08-21,85.66,Andhra Pradesh
Srikakulam,2020-08-22,85.82,Andhra Pradesh
Srikakulam,2020-08-23,85.97,Andhra Pradesh
Srikakulam,2020-08-24,86.1,Andhra Pradesh
Srikakulam,2020-08-25,86.21,Andhra Pradesh
Srikakulam,2020-08-26,86.21,Andhra Pradesh
Srikakulam,2020-08-27,86.31,Andhra Pradesh
Srikakulam,2020-08-28,86.41,Andhra Pradesh
Srikakulam,2020-08-29,86.41,Andhra Pradesh
Srikakulam,2020-08-30,86.51,Andhra Pradesh
Srikakulam,2020-08-31,86.51,Andhra Pradesh
Srikakulam,2020-09-01,86.56,Andhra Pradesh
Srikakulam,2020-09-02,86.56,Andhra Pradesh
Srikakulam,2020-09-03,86.56,Andhra Pradesh
Srikakulam,2020-09-04,86.56,Andhra Pradesh
Srikakulam,2020-09-05,86.56,Andhra Pradesh
Srikakulam,2020-09-06,86.56,Andhra Pradesh
Srikakulam,2020-09-07,86.56,Andhra Pradesh
Srikakulam,2020-09-08,86.56,Andhra Pradesh
Srikakulam,2020-09-09,86.56,Andhra Pradesh
Srikakulam,2020-09-10,86.47,Andhra Pradesh
Srikakulam,2020-09-11,86.47,Andhra Pradesh
Srikakulam,2020-09-12,86.34,Andhra Pradesh
Srikakulam,2020-09-13,86.34,Andhra Pradesh
Srikakulam,2020-09-14,86.2,Andhra Pradesh
Srikakulam,2020-09-15,86.03,Andhra Pradesh
Srikakulam,2020-09-16,86.03,Andhra Pradesh
Srikakulam,2020-09-17,85.87,Andhra Pradesh
Srikakulam,2020-09-18,85.61,Andhra Pradesh
Srikakulam,2020-09-19,86.93,Andhra Pradesh
Srikakulam,2020-09-20,86.93,Andhra Pradesh
Srikakulam,2020-09-21,86.93,Andhra Pradesh
Srikakulam,2020-09-22,86.85,Andhra Pradesh
Srikakulam,2020-09-23,86.85,Andhra Pradesh
Srikakulam,2020-09-24,86.85,Andhra Pradesh
Srikakulam,2020-09-25,86.85,Andhra Pradesh
Srikakulam,2020-09-26,86.85,Andhra Pradesh
Srikakulam,2020-09-27,86.85,Andhra Pradesh
Srikakulam,2020-09-28,86.85,Andhra Pradesh
Srikakulam,2020-09-29,86.85,Andhra Pradesh
Srikakulam,2020-09-30,86.85,Andhra Pradesh
Srikakulam,2020-10-01,86.85,Andhra Pradesh
Srikakulam,2020-10-02,86.85,Andhra Pradesh
Srikakulam,2020-10-03,86.85,Andhra Pradesh
Srikakulam,2020-10-04,86.85,Andhra Pradesh
Srikakulam,2020-10-05,86.85,Andhra Pradesh
Srikakulam,2020-10-06,86.85,Andhra Pradesh
Srikakulam,2020-10-07,86.85,Andhra Pradesh
Srikakulam,2020-10-08,86.85,Andhra Pradesh
Srikakulam,2020-10-09,86.85,Andhra Pradesh
Srikakulam,2020-10-10,86.85,Andhra Pradesh
Srikakulam,2020-10-11,86.85,Andhra Pradesh
Srikakulam,2020-10-12,86.85,Andhra Pradesh
Srikakulam,2020-10-13,86.85,Andhra Pradesh
Srikakulam,2020-10-14,86.85,Andhra Pradesh
Srikakulam,2020-10-15,86.85,Andhra Pradesh
Srikakulam,2020-10-16,86.85,Andhra Pradesh
Srikakulam,2020-10-17,86.85,Andhra Pradesh
Srikakulam,2020-10-18,86.85,Andhra Pradesh
Srikakulam,2020-10-19,86.85,Andhra Pradesh
Srikakulam,2020-10-20,86.85,Andhra Pradesh
Srikakulam,2020-10-21,86.85,Andhra Pradesh
Srikakulam,2020-10-22,86.85,Andhra Pradesh
Srikakulam,2020-10-23,86.85,Andhra Pradesh
Srikakulam,2020-10-24,86.85,Andhra Pradesh
Srikakulam,2020-10-25,86.85,Andhra Pradesh
Srikakulam,2020-10-26,86.85,Andhra Pradesh
Srikakulam,2020-10-27,86.85,Andhra Pradesh
Srikakulam,2020-10-28,86.85,Andhra Pradesh
Srikakulam,2020-10-29,86.85,Andhra Pradesh
Srikakulam,2020-10-30,86.85,Andhra Pradesh
Srikakulam,2020-10-31,86.85,Andhra Pradesh
Srikakulam,2020-11-01,86.85,Andhra Pradesh
Srikakulam,2020-11-02,86.85,Andhra Pradesh
Srikakulam,2020-11-03,86.85,Andhra Pradesh
Srikakulam,2020-11-04,86.85,Andhra Pradesh
Srikakulam,2020-11-05,86.85,Andhra Pradesh
Srikakulam,2020-11-06,86.85,Andhra Pradesh
Srikakulam,2020-11-07,86.85,Andhra Pradesh
Srikakulam,2020-11-08,86.85,Andhra Pradesh
Srikakulam,2020-11-09,86.85,Andhra Pradesh
Srikakulam,2020-11-10,86.85,Andhra Pradesh
Srikakulam,2020-11-11,86.85,Andhra Pradesh
Srikakulam,2020-11-12,86.85,Andhra Pradesh
Srikakulam,2020-11-13,86.85,Andhra Pradesh
Srikakulam,2020-11-14,86.85,Andhra Pradesh
Srikakulam,2020-11-15,86.85,Andhra Pradesh
Srikakulam,2020-11-16,86.85,Andhra Pradesh
Srikakulam,2020-11-17,86.85,Andhra Pradesh
Srikakulam,2020-11-18,86.85,Andhra Pradesh
Srikakulam,2020-11-19,86.85,Andhra Pradesh
Srikakulam,2020-11-20,87.09,Andhra Pradesh
Srikakulam,2020-11-21,87.22,Andhra Pradesh
Srikakulam,2020-11-22,87.27,Andhra Pradesh
Srikakulam,2020-11-23,87.34,Andhra Pradesh
Srikakulam,2020-11-24,87.4,Andhra Pradesh
Srikakulam,2020-11-25,87.4,Andhra Pradesh
Srikakulam,2020-11-26,87.51,Andhra Pradesh
Srikakulam,2020-11-27,87.7,Andhra Pradesh
Srikakulam,2020-11-28,87.94,Andhra Pradesh
Srikakulam,2020-11-29,88.15,Andhra Pradesh
Srikakulam,2020-11-30,88.15,Andhra Pradesh
Srikakulam,2020-12-01,88.15,Andhra Pradesh
Srikakulam,2020-12-02,88.31,Andhra Pradesh
Srikakulam,2020-12-03,88.48,Andhra Pradesh
Srikakulam,2020-12-04,88.68,Andhra Pradesh
Srikakulam,2020-12-05,88.95,Andhra Pradesh
Srikakulam,2020-12-06,89.23,Andhra Pradesh
Srikakulam,2020-12-07,89.53,Andhra Pradesh
Srikakulam,2020-12-08,89.53,Andhra Pradesh
Srikakulam,2020-12-09,89.53,Andhra Pradesh
Srikakulam,2020-12-10,89.53,Andhra Pradesh
Srikakulam,2020-12-11,89.53,Andhra Pradesh
Srikakulam,2020-12-12,89.53,Andhra Pradesh
Srikakulam,2020-12-13,89.53,Andhra Pradesh
Srikakulam,2020-12-14,89.53,Andhra Pradesh
Srikakulam,2020-12-15,89.53,Andhra Pradesh
Srikakulam,2020-12-16,89.53,Andhra Pradesh
Srikakulam,2020-12-17,89.53,Andhra Pradesh
Srikakulam,2020-12-18,89.53,Andhra Pradesh
Srikakulam,2020-12-19,89.53,Andhra Pradesh
Srikakulam,2020-12-20,89.53,Andhra Pradesh
Srikakulam,2020-12-21,89.53,Andhra Pradesh
Srikakulam,2020-12-22,89.53,Andhra Pradesh
Srikakulam,2020-12-23,89.53,Andhra Pradesh
Srikakulam,2020-12-24,89.53,Andhra Pradesh
Srikakulam,2020-12-25,89.53,Andhra Pradesh
Srikakulam,2020-12-26,89.53,Andhra Pradesh
Srikakulam,2020-12-27,89.53,Andhra Pradesh
Srikakulam,2020-12-28,89.53,Andhra Pradesh
Srikakulam,2020-12-29,89.53,Andhra Pradesh
Srikakulam,2020-12-30,89.53,Andhra Pradesh
Srikakulam,2020-12-31,89.53,Andhra Pradesh
Srikakulam,2021-01-01,89.53,Andhra Pradesh
Srikakulam,2021-01-02,89.53,Andhra Pradesh
Srikakulam,2021-01-03,89.53,Andhra Pradesh
Srikakulam,2021-01-04,89.53,Andhra Pradesh
Srikakulam,2021-01-05,89.53,Andhra Pradesh
Srikakulam,2021-01-06,89.81,Andhra Pradesh
Srikakulam,2021-01-07,90.06,Andhra Pradesh
Srikakulam,2021-01-08,90.06,Andhra Pradesh
Srikakulam,2021-01-09,90.06,Andhra Pradesh
Srikakulam,2021-01-10,90.06,Andhra Pradesh
Srikakulam,2021-01-11,90.06,Andhra Pradesh
Srikakulam,2021-01-12,90.06,Andhra Pradesh
Srikakulam,2021-01-13,90.32,Andhra Pradesh
Srikakulam,2021-01-14,90.57,Andhra Pradesh
Srikakulam,2021-01-15,90.57,Andhra Pradesh
Srikakulam,2021-01-16,90.57,Andhra Pradesh
Srikakulam,2021-01-17,90.57,Andhra Pradesh
Srikakulam,2021-01-18,90.82,Andhra Pradesh
Srikakulam,2021-01-19,91.07,Andhra Pradesh
Srikakulam,2021-01-20,91.07,Andhra Pradesh
Srikakulam,2021-01-21,91.07,Andhra Pradesh
Srikakulam,2021-01-22,91.32,Andhra Pradesh
Srikakulam,2021-01-23,91.57,Andhra Pradesh
Srikakulam,2021-01-24,91.57,Andhra Pradesh
Srikakulam,2021-01-25,91.57,Andhra Pradesh
Srikakulam,2021-01-26,91.92,Andhra Pradesh
Srikakulam,2021-01-27,92.17,Andhra Pradesh
Srikakulam,2021-01-28,92.17,Andhra Pradesh
Srikakulam,2021-01-29,92.17,Andhra Pradesh
Srikakulam,2021-01-30,92.17,Andhra Pradesh
Srikakulam,2021-01-31,92.17,Andhra Pradesh
Srikakulam,2021-02-01,92.17,Andhra Pradesh
Srikakulam,2021-02-02,92.17,Andhra Pradesh
Srikakulam,2021-02-03,92.17,Andhra Pradesh
Srikakulam,2021-02-04,92.45,Andhra Pradesh
Srikakulam,2021-02-05,92.75,Andhra Pradesh
Srikakulam,2021-02-06,92.75,Andhra Pradesh
Srikakulam,2021-02-07,92.75,Andhra Pradesh
Srikakulam,2021-02-08,92.75,Andhra Pradesh
Srikakulam,2021-02-09,93.1,Andhra Pradesh
Srikakulam,2021-02-10,93.4,Andhra Pradesh
Srikakulam,2021-02-11,93.65,Andhra Pradesh
Srikakulam,2021-02-12,93.95,Andhra Pradesh
Srikakulam,2021-02-13,94.25,Andhra Pradesh
Srikakulam,2021-02-14,94.54,Andhra Pradesh
Srikakulam,2021-02-15,94.8,Andhra Pradesh
Srikakulam,2021-02-16,95.1,Andhra Pradesh
Srikakulam,2021-02-17,95.35,Andhra Pradesh
Srikakulam,2021-02-18,95.69,Andhra Pradesh
Srikakulam,2021-02-19,96.01,Andhra Pradesh
Srikakulam,2021-02-20,96.4,Andhra Pradesh
Srikakulam,2021-02-21,96.4,Andhra Pradesh
Srikakulam,2021-02-22,96.4,Andhra Pradesh
Srikakulam,2021-02-23,96.75,Andhra Pradesh
Srikakulam,2021-02-24,96.75,Andhra Pradesh
Srikakulam,2021-02-25,96.75,Andhra Pradesh
Srikakulam,2021-02-26,96.75,Andhra Pradesh
Srikakulam,2021-02-27,96.99,Andhra Pradesh
Srikakulam,2021-02-28,96.99,Andhra Pradesh
Srikakulam,2021-03-01,96.99,Andhra Pradesh
