city,date,rate,district
Kurnool,2016-04-05,67.57,Andhra Pradesh
Kurnool,2016-04-16,66.81,Andhra Pradesh
Kurnool,2016-05-01,67.9,Andhra Pradesh
Kurnool,2016-05-17,68.75,Andhra Pradesh
Kurnool,2016-06-01,71.41,Andhra Pradesh
Kurnool,2016-06-15,71.51,Andhra Pradesh
Kurnool,2016-07-01,70.58,Andhra Pradesh
Kurnool,2016-07-15,68.27,Andhra Pradesh
Kurnool,2016-08-01,66.86,Andhra Pradesh
Kurnool,2016-08-15,65.88,Andhra Pradesh
Kurnool,2016-09-01,69.36,Andhra Pradesh
Kurnool,2016-09-15,70.15,Andhra Pradesh
Kurnool,2016-10-01,70.53,Andhra Pradesh
Kurnool,2016-10-05,70.64,Andhra Pradesh
Kurnool,2016-10-15,72.42,Andhra Pradesh
Kurnool,2016-11-06,73.74,Andhra Pradesh
Kurnool,2016-11-16,71.96,Andhra Pradesh
Kurnool,2016-12-01,72.14,Andhra Pradesh
Kurnool,2016-12-17,75.07,Andhra Pradesh
Kurnool,2017-01-01,76.78,Andhra Pradesh
Kurnool,2017-01-16,77.33,Andhra Pradesh
Kurnool,2017-04-01,72.91,Andhra Pradesh
Kurnool,2017-04-16,74.75,Andhra Pradesh
Kurnool,2017-05-01,74.76,Andhra Pradesh
Kurnool,2017-05-16,71.93,Andhra Pradesh
Kurnool,2017-06-01,73.56,Andhra Pradesh
Kurnool,2017-06-16,71.79,Andhra Pradesh
Kurnool,2017-06-19,70.93,Andhra Pradesh
Kurnool,2017-06-21,70.83,Andhra Pradesh
Kurnool,2017-06-26,69.8,Andhra Pradesh
Kurnool,2017-06-30,69.55,Andhra Pradesh
Kurnool,2017-07-03,69.36,Andhra Pradesh
Kurnool,2017-07-10,70.08,Andhra Pradesh
Kurnool,2017-07-13,77.47,Andhra Pradesh
Kurnool,2017-07-17,70.44,Andhra Pradesh
Kurnool,2017-07-24,70.83,Andhra Pradesh
Kurnool,2017-08-01,71.49,Andhra Pradesh
Kurnool,2017-08-07,72.78,Andhra Pradesh
Kurnool,2017-08-14,74.11,Andhra Pradesh
Kurnool,2017-08-21,74.72,Andhra Pradesh
Kurnool,2017-08-28,75.28,Andhra Pradesh
Kurnool,2017-09-04,75.8,Andhra Pradesh
Kurnool,2017-09-11,76.49,Andhra Pradesh
Kurnool,2017-09-19,76.71,Andhra Pradesh
Kurnool,2017-09-25,76.6,Andhra Pradesh
Kurnool,2017-10-03,77.07,Andhra Pradesh
Kurnool,2017-10-04,74.52,Andhra Pradesh
Kurnool,2017-10-09,74.57,Andhra Pradesh
Kurnool,2017-10-16,74.41,Andhra Pradesh
Kurnool,2017-10-24,74.72,Andhra Pradesh
Kurnool,2017-10-30,75.21,Andhra Pradesh
Kurnool,2017-11-06,75.92,Andhra Pradesh
Kurnool,2017-11-13,75.99,Andhra Pradesh
Kurnool,2017-11-20,75.71,Andhra Pradesh
Kurnool,2017-11-27,75.47,Andhra Pradesh
Kurnool,2017-12-05,75.44,Andhra Pradesh
Kurnool,2017-12-11,75.31,Andhra Pradesh
Kurnool,2017-12-18,75.38,Andhra Pradesh
Kurnool,2017-12-26,75.83,Andhra Pradesh
Kurnool,2018-01-01,76.18,Andhra Pradesh
Kurnool,2018-01-02,76.65,Andhra Pradesh
Kurnool,2018-01-05,76.2,Andhra Pradesh
Kurnool,2018-01-08,76.65,Andhra Pradesh
Kurnool,2018-01-09,76.7,Andhra Pradesh
Kurnool,2018-01-10,76.77,Andhra Pradesh
Kurnool,2018-01-11,76.81,Andhra Pradesh
Kurnool,2018-01-12,76.87,Andhra Pradesh
Kurnool,2018-01-15,77.33,Andhra Pradesh
Kurnool,2018-01-16,77.42,Andhra Pradesh
Kurnool,2018-01-17,77.54,Andhra Pradesh
Kurnool,2018-01-18,77.72,Andhra Pradesh
Kurnool,2018-01-19,77.86,Andhra Pradesh
Kurnool,2018-01-22,78.41,Andhra Pradesh
Kurnool,2018-01-23,78.56,Andhra Pradesh
Kurnool,2018-01-24,78.61,Andhra Pradesh
Kurnool,2018-01-25,78.68,Andhra Pradesh
Kurnool,2018-01-29,79.04,Andhra Pradesh
Kurnool,2018-01-30,79.12,Andhra Pradesh
Kurnool,2018-02-01,79.25,Andhra Pradesh
Kurnool,2018-02-02,79.3,Andhra Pradesh
Kurnool,2018-02-05,79.52,Andhra Pradesh
Kurnool,2018-02-06,79.59,Andhra Pradesh
Kurnool,2018-02-08,79.58,Andhra Pradesh
Kurnool,2018-02-09,79.56,Andhra Pradesh
Kurnool,2018-02-12,79.21,Andhra Pradesh
Kurnool,2018-02-13,79.14,Andhra Pradesh
Kurnool,2018-02-15,78.98,Andhra Pradesh
Kurnool,2018-02-16,78.71,Andhra Pradesh
Kurnool,2018-02-19,78.09,Andhra Pradesh
Kurnool,2018-02-20,77.89,Andhra Pradesh
Kurnool,2018-02-21,77.88,Andhra Pradesh
Kurnool,2018-02-22,77.86,Andhra Pradesh
Kurnool,2018-02-23,77.77,Andhra Pradesh
Kurnool,2018-02-26,77.69,Andhra Pradesh
Kurnool,2018-02-27,77.67,Andhra Pradesh
Kurnool,2018-03-01,77.8,Andhra Pradesh
Kurnool,2018-03-02,77.99,Andhra Pradesh
Kurnool,2018-03-05,78.57,Andhra Pradesh
Kurnool,2018-03-06,78.65,Andhra Pradesh
Kurnool,2018-03-09,78.69,Andhra Pradesh
Kurnool,2018-03-12,78.71,Andhra Pradesh
Kurnool,2018-03-13,78.73,Andhra Pradesh
Kurnool,2018-03-15,78.71,Andhra Pradesh
Kurnool,2018-03-16,78.63,Andhra Pradesh
Kurnool,2018-03-19,78.44,Andhra Pradesh
Kurnool,2018-03-20,78.45,Andhra Pradesh
Kurnool,2018-03-22,78.51,Andhra Pradesh
Kurnool,2018-03-23,78.55,Andhra Pradesh
Kurnool,2018-03-26,79.06,Andhra Pradesh
Kurnool,2018-03-27,79.17,Andhra Pradesh
Kurnool,2018-03-29,79.36,Andhra Pradesh
Kurnool,2018-03-30,79.59,Andhra Pradesh
Kurnool,2018-04-02,80.1,Andhra Pradesh
Kurnool,2018-04-03,80.24,Andhra Pradesh
Kurnool,2018-04-05,80.27,Andhra Pradesh
Kurnool,2018-04-09,80.28,Andhra Pradesh
Kurnool,2018-04-10,80.27,Andhra Pradesh
Kurnool,2018-04-12,80.23,Andhra Pradesh
Kurnool,2018-04-13,80.2,Andhra Pradesh
Kurnool,2018-04-16,80.31,Andhra Pradesh
Kurnool,2018-04-19,80.36,Andhra Pradesh
Kurnool,2018-04-20,80.37,Andhra Pradesh
Kurnool,2018-04-23,80.8,Andhra Pradesh
Kurnool,2018-04-24,80.94,Andhra Pradesh
Kurnool,2018-05-15,81.31,Andhra Pradesh
Kurnool,2018-05-16,81.46,Andhra Pradesh
Kurnool,2018-05-17,81.69,Andhra Pradesh
Kurnool,2018-05-18,81.15,Andhra Pradesh
Kurnool,2018-05-21,82.97,Andhra Pradesh
Kurnool,2018-05-22,83.28,Andhra Pradesh
Kurnool,2018-05-23,83.59,Andhra Pradesh
Kurnool,2018-05-24,83.9,Andhra Pradesh
Kurnool,2018-05-25,84.27,Andhra Pradesh
Kurnool,2018-05-26,84.42,Andhra Pradesh
Kurnool,2018-05-27,84.57,Andhra Pradesh
Kurnool,2018-05-28,84.72,Andhra Pradesh
Kurnool,2018-05-29,84.89,Andhra Pradesh
Kurnool,2018-05-31,84.81,Andhra Pradesh
Kurnool,2018-06-01,84.74,Andhra Pradesh
Kurnool,2018-06-02,84.65,Andhra Pradesh
Kurnool,2018-06-03,84.56,Andhra Pradesh
Kurnool,2018-06-04,84.41,Andhra Pradesh
Kurnool,2018-06-05,84.27,Andhra Pradesh
Kurnool,2018-06-06,84.16,Andhra Pradesh
Kurnool,2018-06-07,84.07,Andhra Pradesh
Kurnool,2018-06-08,83.85,Andhra Pradesh
Kurnool,2018-06-09,83.44,Andhra Pradesh
Kurnool,2018-06-10,83.19,Andhra Pradesh
Kurnool,2018-06-11,82.99,Andhra Pradesh
Kurnool,2018-06-12,82.83,Andhra Pradesh
Kurnool,2018-06-15,82.75,Andhra Pradesh
Kurnool,2018-06-19,82.67,Andhra Pradesh
Kurnool,2018-06-21,82.55,Andhra Pradesh
Kurnool,2018-06-22,82.41,Andhra Pradesh
Kurnool,2018-06-23,82.32,Andhra Pradesh
Kurnool,2018-06-24,82.17,Andhra Pradesh
Kurnool,2018-06-25,82.07,Andhra Pradesh
Kurnool,2018-06-26,81.93,Andhra Pradesh
Kurnool,2018-07-05,82.09,Andhra Pradesh
Kurnool,2018-07-06,82.23,Andhra Pradesh
Kurnool,2018-07-09,82.76,Andhra Pradesh
Kurnool,2018-07-10,82.93,Andhra Pradesh
Kurnool,2018-07-12,83.0,Andhra Pradesh
Kurnool,2018-07-13,83.17,Andhra Pradesh
Kurnool,2018-07-16,83.24,Andhra Pradesh
Kurnool,2018-07-20,83.08,Andhra Pradesh
Kurnool,2018-07-23,82.75,Andhra Pradesh
Kurnool,2018-07-24,82.68,Andhra Pradesh
Kurnool,2018-07-30,82.7,Andhra Pradesh
Kurnool,2018-07-31,82.76,Andhra Pradesh
Kurnool,2018-08-02,82.92,Andhra Pradesh
Kurnool,2018-08-03,83.0,Andhra Pradesh
Kurnool,2018-08-06,83.48,Andhra Pradesh
Kurnool,2018-08-07,83.57,Andhra Pradesh
Kurnool,2018-08-13,83.65,Andhra Pradesh
Kurnool,2018-08-16,83.71,Andhra Pradesh
Kurnool,2018-08-20,84.02,Andhra Pradesh
Kurnool,2018-08-21,84.11,Andhra Pradesh
Kurnool,2018-08-24,84.2,Andhra Pradesh
Kurnool,2018-08-25,76.46,Andhra Pradesh
Kurnool,2018-08-26,76.54,Andhra Pradesh
Kurnool,2018-08-27,84.45,Andhra Pradesh
Kurnool,2018-08-28,84.59,Andhra Pradesh
Kurnool,2018-08-29,84.73,Andhra Pradesh
Kurnool,2018-08-30,84.85,Andhra Pradesh
Kurnool,2018-08-31,85.08,Andhra Pradesh
Kurnool,2018-09-03,85.77,Andhra Pradesh
Kurnool,2018-09-04,85.93,Andhra Pradesh
Kurnool,2018-09-06,86.14,Andhra Pradesh
Kurnool,2018-09-07,86.63,Andhra Pradesh
Kurnool,2018-09-10,87.39,Andhra Pradesh
Kurnool,2018-09-11,85.52,Andhra Pradesh
Kurnool,2018-09-13,85.65,Andhra Pradesh
Kurnool,2018-09-14,85.94,Andhra Pradesh
Kurnool,2018-09-15,86.3,Andhra Pradesh
Kurnool,2018-09-16,86.59,Andhra Pradesh
Kurnool,2018-09-17,86.74,Andhra Pradesh
Kurnool,2018-09-18,86.85,Andhra Pradesh
Kurnool,2018-09-20,86.91,Andhra Pradesh
Kurnool,2018-09-21,87.01,Andhra Pradesh
Kurnool,2018-09-23,87.29,Andhra Pradesh
Kurnool,2018-09-24,87.41,Andhra Pradesh
Kurnool,2018-09-25,87.55,Andhra Pradesh
Kurnool,2018-09-27,87.7,Andhra Pradesh
Kurnool,2018-09-28,87.92,Andhra Pradesh
Kurnool,2018-09-30,88.2,Andhra Pradesh
Kurnool,2018-10-01,88.43,Andhra Pradesh
Kurnool,2018-10-02,88.54,Andhra Pradesh
Kurnool,2018-10-04,88.69,Andhra Pradesh
Kurnool,2018-10-05,86.11,Andhra Pradesh
Kurnool,2018-10-06,86.3,Andhra Pradesh
Kurnool,2018-10-07,86.44,Andhra Pradesh
Kurnool,2018-10-08,86.66,Andhra Pradesh
Kurnool,2018-10-09,86.89,Andhra Pradesh
Kurnool,2018-10-11,87.0,Andhra Pradesh
Kurnool,2018-10-12,87.12,Andhra Pradesh
Kurnool,2018-10-13,87.31,Andhra Pradesh
Kurnool,2018-10-14,87.37,Andhra Pradesh
Kurnool,2018-10-16,87.48,Andhra Pradesh
Kurnool,2018-10-19,87.02,Andhra Pradesh
Kurnool,2018-10-20,86.62,Andhra Pradesh
Kurnool,2018-10-22,86.05,Andhra Pradesh
Kurnool,2018-10-23,85.95,Andhra Pradesh
Kurnool,2018-10-24,85.86,Andhra Pradesh
Kurnool,2018-10-25,85.7,Andhra Pradesh
Kurnool,2018-10-26,85.44,Andhra Pradesh
Kurnool,2018-10-29,84.31,Andhra Pradesh
Kurnool,2018-10-30,84.11,Andhra Pradesh
Kurnool,2018-11-01,83.92,Andhra Pradesh
Kurnool,2018-11-02,83.8,Andhra Pradesh
Kurnool,2018-11-05,83.19,Andhra Pradesh
Kurnool,2018-11-06,83.05,Andhra Pradesh
Kurnool,2018-11-12,82.16,Andhra Pradesh
Kurnool,2018-11-13,82.03,Andhra Pradesh
Kurnool,2018-11-15,81.87,Andhra Pradesh
Kurnool,2018-11-16,81.69,Andhra Pradesh
Kurnool,2018-11-19,81.09,Andhra Pradesh
Kurnool,2018-11-20,80.95,Andhra Pradesh
Kurnool,2018-11-22,80.53,Andhra Pradesh
Kurnool,2018-11-23,80.11,Andhra Pradesh
Kurnool,2018-11-26,79.0,Andhra Pradesh
Kurnool,2018-11-27,78.57,Andhra Pradesh
Kurnool,2018-11-28,78.06,Andhra Pradesh
Kurnool,2018-11-29,77.72,Andhra Pradesh
Kurnool,2018-11-30,77.34,Andhra Pradesh
Kurnool,2018-12-01,76.97,Andhra Pradesh
Kurnool,2018-12-02,76.65,Andhra Pradesh
Kurnool,2018-12-03,76.33,Andhra Pradesh
Kurnool,2018-12-04,76.11,Andhra Pradesh
Kurnool,2018-12-06,75.7,Andhra Pradesh
Kurnool,2018-12-07,75.29,Andhra Pradesh
Kurnool,2018-12-10,74.66,Andhra Pradesh
Kurnool,2018-12-11,74.5,Andhra Pradesh
Kurnool,2018-12-13,74.59,Andhra Pradesh
Kurnool,2018-12-17,74.84,Andhra Pradesh
Kurnool,2018-12-18,74.94,Andhra Pradesh
Kurnool,2018-12-21,74.76,Andhra Pradesh
Kurnool,2018-12-24,74.15,Andhra Pradesh
Kurnool,2018-12-25,74.07,Andhra Pradesh
Kurnool,2018-12-27,74.02,Andhra Pradesh
Kurnool,2018-12-28,73.83,Andhra Pradesh
Kurnool,2018-12-31,73.1,Andhra Pradesh
Kurnool,2019-01-02,72.99,Andhra Pradesh
Kurnool,2019-01-04,72.78,Andhra Pradesh
Kurnool,2019-01-07,72.84,Andhra Pradesh
Kurnool,2019-01-10,73.23,Andhra Pradesh
Kurnool,2019-01-11,73.43,Andhra Pradesh
Kurnool,2019-01-14,74.52,Andhra Pradesh
Kurnool,2019-01-16,74.72,Andhra Pradesh
Kurnool,2019-01-17,74.87,Andhra Pradesh
Kurnool,2019-01-18,74.95,Andhra Pradesh
Kurnool,2019-01-21,75.56,Andhra Pradesh
Kurnool,2019-01-22,75.69,Andhra Pradesh
Kurnool,2019-01-29,75.61,Andhra Pradesh
Kurnool,2019-01-31,75.5,Andhra Pradesh
Kurnool,2019-02-01,75.28,Andhra Pradesh
Kurnool,2019-02-05,74.76,Andhra Pradesh
Kurnool,2019-02-08,74.7,Andhra Pradesh
Kurnool,2019-02-11,74.65,Andhra Pradesh
Kurnool,2019-02-14,74.71,Andhra Pradesh
Kurnool,2019-02-15,74.78,Andhra Pradesh
Kurnool,2019-02-18,75.25,Andhra Pradesh
Kurnool,2019-02-19,75.35,Andhra Pradesh
Kurnool,2019-02-22,75.65,Andhra Pradesh
Kurnool,2019-02-25,75.94,Andhra Pradesh
Kurnool,2019-02-26,76.03,Andhra Pradesh
Kurnool,2019-02-28,76.1,Andhra Pradesh
Kurnool,2019-03-01,76.21,Andhra Pradesh
Kurnool,2019-03-04,76.58,Andhra Pradesh
Kurnool,2019-03-05,76.65,Andhra Pradesh
Kurnool,2019-03-11,76.88,Andhra Pradesh
Kurnool,2019-03-12,76.83,Andhra Pradesh
Kurnool,2019-03-14,76.9,Andhra Pradesh
Kurnool,2019-03-15,76.97,Andhra Pradesh
Kurnool,2019-03-18,77.21,Andhra Pradesh
Kurnool,2019-03-21,77.14,Andhra Pradesh
Kurnool,2019-03-22,77.19,Andhra Pradesh
Kurnool,2019-03-23,77.24,Andhra Pradesh
Kurnool,2019-03-24,77.29,Andhra Pradesh
Kurnool,2019-03-28,77.24,Andhra Pradesh
Kurnool,2019-04-01,77.32,Andhra Pradesh
Kurnool,2019-04-05,77.37,Andhra Pradesh
Kurnool,2019-04-08,77.31,Andhra Pradesh
Kurnool,2019-04-09,77.25,Andhra Pradesh
Kurnool,2019-04-12,77.32,Andhra Pradesh
Kurnool,2019-04-15,77.44,Andhra Pradesh
Kurnool,2019-04-16,77.39,Andhra Pradesh
Kurnool,2019-04-20,77.46,Andhra Pradesh
Kurnool,2019-04-22,77.41,Andhra Pradesh
Kurnool,2019-04-25,77.48,Andhra Pradesh
Kurnool,2019-04-27,77.54,Andhra Pradesh
Kurnool,2019-04-30,77.59,Andhra Pradesh
Kurnool,2019-05-02,77.49,Andhra Pradesh
Kurnool,2019-05-04,77.5,Andhra Pradesh
Kurnool,2019-05-05,77.44,Andhra Pradesh
Kurnool,2019-05-06,77.37,Andhra Pradesh
Kurnool,2019-05-09,77.2,Andhra Pradesh
Kurnool,2019-05-10,76.99,Andhra Pradesh
Kurnool,2019-05-11,76.49,Andhra Pradesh
Kurnool,2019-05-12,76.06,Andhra Pradesh
Kurnool,2019-05-13,75.75,Andhra Pradesh
Kurnool,2019-05-14,75.49,Andhra Pradesh
Kurnool,2019-05-17,75.42,Andhra Pradesh
Kurnool,2019-05-18,75.35,Andhra Pradesh
Kurnool,2019-05-20,75.44,Andhra Pradesh
Kurnool,2019-05-21,75.49,Andhra Pradesh
Kurnool,2019-05-23,75.58,Andhra Pradesh
Kurnool,2019-05-24,75.72,Andhra Pradesh
Kurnool,2019-05-25,75.86,Andhra Pradesh
Kurnool,2019-05-26,76.01,Andhra Pradesh
Kurnool,2019-05-27,76.11,Andhra Pradesh
Kurnool,2019-05-28,76.2,Andhra Pradesh
Kurnool,2019-05-30,76.14,Andhra Pradesh
Kurnool,2019-05-31,76.07,Andhra Pradesh
Kurnool,2019-06-01,76.04,Andhra Pradesh
Kurnool,2019-06-02,75.92,Andhra Pradesh
Kurnool,2019-06-03,75.71,Andhra Pradesh
Kurnool,2019-06-04,75.64,Andhra Pradesh
Kurnool,2019-06-06,75.47,Andhra Pradesh
Kurnool,2019-06-07,75.34,Andhra Pradesh
Kurnool,2019-06-10,74.81,Andhra Pradesh
Kurnool,2019-06-13,74.73,Andhra Pradesh
Kurnool,2019-06-14,74.56,Andhra Pradesh
Kurnool,2019-06-15,74.36,Andhra Pradesh
Kurnool,2019-06-16,74.3,Andhra Pradesh
Kurnool,2019-06-24,74.42,Andhra Pradesh
Kurnool,2019-06-27,74.49,Andhra Pradesh
Kurnool,2019-06-28,74.55,Andhra Pradesh
Kurnool,2019-06-29,74.66,Andhra Pradesh
Kurnool,2019-06-30,74.75,Andhra Pradesh
Kurnool,2019-07-01,74.85,Andhra Pradesh
Kurnool,2019-07-02,74.92,Andhra Pradesh
Kurnool,2019-07-06,77.44,Andhra Pradesh
Kurnool,2019-07-09,77.38,Andhra Pradesh
Kurnool,2019-07-13,77.47,Andhra Pradesh
Kurnool,2019-07-14,77.57,Andhra Pradesh
Kurnool,2019-07-15,77.7,Andhra Pradesh
Kurnool,2019-07-16,77.76,Andhra Pradesh
Kurnool,2019-07-18,77.85,Andhra Pradesh
Kurnool,2019-07-23,77.91,Andhra Pradesh
Kurnool,2019-07-25,77.85,Andhra Pradesh
Kurnool,2019-07-26,77.78,Andhra Pradesh
Kurnool,2019-07-27,77.73,Andhra Pradesh
Kurnool,2019-07-28,77.63,Andhra Pradesh
Kurnool,2019-07-29,77.47,Andhra Pradesh
Kurnool,2019-07-30,77.34,Andhra Pradesh
Kurnool,2019-08-01,77.3,Andhra Pradesh
Kurnool,2019-08-02,77.14,Andhra Pradesh
Kurnool,2019-08-03,77.06,Andhra Pradesh
Kurnool,2019-08-04,77.0,Andhra Pradesh
Kurnool,2019-08-05,76.85,Andhra Pradesh
Kurnool,2019-08-06,76.76,Andhra Pradesh
Kurnool,2019-08-08,76.71,Andhra Pradesh
Kurnool,2019-08-09,76.55,Andhra Pradesh
Kurnool,2019-08-11,76.46,Andhra Pradesh
Kurnool,2019-08-18,76.38,Andhra Pradesh
Kurnool,2019-08-19,76.3,Andhra Pradesh
Kurnool,2019-08-24,76.39,Andhra Pradesh
Kurnool,2019-08-25,76.46,Andhra Pradesh
Kurnool,2019-08-26,76.54,Andhra Pradesh
Kurnool,2019-08-27,76.54,Andhra Pradesh
Kurnool,2019-08-29,76.48,Andhra Pradesh
Kurnool,2019-09-05,76.45,Andhra Pradesh
Kurnool,2019-09-06,76.36,Andhra Pradesh
Kurnool,2019-09-07,76.27,Andhra Pradesh
Kurnool,2019-09-08,76.2,Andhra Pradesh
Kurnool,2019-09-10,76.25,Andhra Pradesh
Kurnool,2019-09-12,76.32,Andhra Pradesh
Kurnool,2019-09-13,76.39,Andhra Pradesh
Kurnool,2019-09-14,76.47,Andhra Pradesh
Kurnool,2019-09-15,76.53,Andhra Pradesh
Kurnool,2019-09-17,76.68,Andhra Pradesh
Kurnool,2019-09-18,76.93,Andhra Pradesh
Kurnool,2019-09-19,77.23,Andhra Pradesh
Kurnool,2019-09-20,77.59,Andhra Pradesh
Kurnool,2019-09-21,77.89,Andhra Pradesh
Kurnool,2019-09-22,78.17,Andhra Pradesh
Kurnool,2019-09-23,78.47,Andhra Pradesh
Kurnool,2019-09-24,78.69,Andhra Pradesh
Kurnool,2019-09-26,78.76,Andhra Pradesh
Kurnool,2019-09-27,78.91,Andhra Pradesh
Kurnool,2019-09-30,78.99,Andhra Pradesh
Kurnool,2019-10-01,79.21,Andhra Pradesh
Kurnool,2019-10-03,79.11,Andhra Pradesh
Kurnool,2019-10-04,78.93,Andhra Pradesh
Kurnool,2019-10-05,78.63,Andhra Pradesh
Kurnool,2019-10-07,78.34,Andhra Pradesh
Kurnool,2019-10-08,78.16,Andhra Pradesh
Kurnool,2019-10-10,78.11,Andhra Pradesh
Kurnool,2019-10-11,77.99,Andhra Pradesh
Kurnool,2019-10-12,77.89,Andhra Pradesh
Kurnool,2019-10-15,77.84,Andhra Pradesh
Kurnool,2019-10-22,77.78,Andhra Pradesh
Kurnool,2019-10-24,77.73,Andhra Pradesh
Kurnool,2019-10-25,77.62,Andhra Pradesh
Kurnool,2019-10-26,77.54,Andhra Pradesh
Kurnool,2019-10-29,77.48,Andhra Pradesh
Kurnool,2019-11-01,77.35,Andhra Pradesh
Kurnool,2019-11-02,77.27,Andhra Pradesh
Kurnool,2019-11-03,77.22,Andhra Pradesh
Kurnool,2019-11-04,77.13,Andhra Pradesh
Kurnool,2019-11-05,77.08,Andhra Pradesh
Kurnool,2019-11-08,77.19,Andhra Pradesh
Kurnool,2019-11-09,77.34,Andhra Pradesh
Kurnool,2019-11-10,77.55,Andhra Pradesh
Kurnool,2019-11-11,77.7,Andhra Pradesh
Kurnool,2019-11-13,77.8,Andhra Pradesh
Kurnool,2019-11-14,77.96,Andhra Pradesh
Kurnool,2019-11-15,78.14,Andhra Pradesh
Kurnool,2019-11-16,78.29,Andhra Pradesh
Kurnool,2019-11-17,78.41,Andhra Pradesh
Kurnool,2019-11-18,78.58,Andhra Pradesh
Kurnool,2019-11-19,78.73,Andhra Pradesh
Kurnool,2019-11-22,78.88,Andhra Pradesh
Kurnool,2019-11-23,78.98,Andhra Pradesh
Kurnool,2019-11-24,79.08,Andhra Pradesh
Kurnool,2019-11-25,79.2,Andhra Pradesh
Kurnool,2019-11-26,79.31,Andhra Pradesh
Kurnool,2019-11-29,79.36,Andhra Pradesh
Kurnool,2019-11-30,79.413,Andhra Pradesh
Kurnool,2019-12-01,79.53,Andhra Pradesh
Kurnool,2019-12-07,79.44,Andhra Pradesh
Kurnool,2019-12-08,79.53,Andhra Pradesh
Kurnool,2019-12-09,79.58,Andhra Pradesh
Kurnool,2019-12-10,79.59,Andhra Pradesh
Kurnool,2019-12-12,79.54,Andhra Pradesh
Kurnool,2019-12-13,79.48,Andhra Pradesh
Kurnool,2019-12-14,79.43,Andhra Pradesh
Kurnool,2019-12-15,79.33,Andhra Pradesh
Kurnool,2019-12-16,79.27,Andhra Pradesh
Kurnool,2019-12-17,79.22,Andhra Pradesh
Kurnool,2019-12-19,79.21,Andhra Pradesh
Kurnool,2019-12-26,79.26,Andhra Pradesh
Kurnool,2019-12-27,79.33,Andhra Pradesh
Kurnool,2019-12-29,79.47,Andhra Pradesh
Kurnool,2019-12-30,79.63,Andhra Pradesh
Kurnool,2019-12-31,79.74,Andhra Pradesh
Kurnool,2020-01-02,79.87,Andhra Pradesh
Kurnool,2020-01-03,79.97,Andhra Pradesh
Kurnool,2020-01-04,80.07,Andhra Pradesh
Kurnool,2020-01-05,80.17,Andhra Pradesh
Kurnool,2020-01-06,80.32,Andhra Pradesh
Kurnool,2020-01-07,80.47,Andhra Pradesh
Kurnool,2020-01-08,80.37,Andhra Pradesh
Kurnool,2020-01-09,80.45,Andhra Pradesh
Kurnool,2020-01-10,80.6,Andhra Pradesh
Kurnool,2020-01-11,80.65,Andhra Pradesh
Kurnool,2020-01-12,80.55,Andhra Pradesh
Kurnool,2020-01-13,80.44,Andhra Pradesh
Kurnool,2020-01-14,80.34,Andhra Pradesh
Kurnool,2020-01-16,80.18,Andhra Pradesh
Kurnool,2020-01-17,80.03,Andhra Pradesh
Kurnool,2020-01-18,79.88,Andhra Pradesh
Kurnool,2020-01-19,79.71,Andhra Pradesh
Kurnool,2020-01-20,79.59,Andhra Pradesh
Kurnool,2020-01-21,79.43,Andhra Pradesh
Kurnool,2020-01-22,79.43,Andhra Pradesh
Kurnool,2020-01-23,79.25,Andhra Pradesh
Kurnool,2020-01-24,79.03,Andhra Pradesh
Kurnool,2020-01-25,78.78,Andhra Pradesh
Kurnool,2020-01-26,78.48,Andhra Pradesh
Kurnool,2020-01-27,78.28,Andhra Pradesh
Kurnool,2020-01-28,78.17,Andhra Pradesh
Kurnool,2020-01-29,78.17,Andhra Pradesh
Kurnool,2020-01-30,77.93,Andhra Pradesh
Kurnool,2020-01-31,78.16,Andhra Pradesh
Kurnool,2020-02-01,78.01,Andhra Pradesh
Kurnool,2020-02-02,77.91,Andhra Pradesh
Kurnool,2020-02-03,77.86,Andhra Pradesh
Kurnool,2020-02-04,77.81,Andhra Pradesh
Kurnool,2020-02-05,77.81,Andhra Pradesh
Kurnool,2020-02-06,77.7,Andhra Pradesh
Kurnool,2020-02-07,77.47,Andhra Pradesh
Kurnool,2020-02-08,77.23,Andhra Pradesh
Kurnool,2020-02-09,76.99,Andhra Pradesh
Kurnool,2020-02-10,76.93,Andhra Pradesh
Kurnool,2020-02-11,76.76,Andhra Pradesh
Kurnool,2020-02-12,76.76,Andhra Pradesh
Kurnool,2020-02-13,76.76,Andhra Pradesh
Kurnool,2020-02-14,76.76,Andhra Pradesh
Kurnool,2020-02-15,76.76,Andhra Pradesh
Kurnool,2020-02-17,76.76,Andhra Pradesh
Kurnool,2020-02-18,76.7,Andhra Pradesh
Kurnool,2020-02-19,76.7,Andhra Pradesh
Kurnool,2020-02-20,76.7,Andhra Pradesh
Kurnool,2020-02-21,76.7,Andhra Pradesh
Kurnool,2020-02-24,76.83,Andhra Pradesh
Kurnool,2020-02-25,76.83,Andhra Pradesh
Kurnool,2020-02-26,76.83,Andhra Pradesh
Kurnool,2020-02-27,76.78,Andhra Pradesh
Kurnool,2020-02-28,76.78,Andhra Pradesh
Kurnool,2020-02-29,76.7,Andhra Pradesh
Kurnool,2020-03-01,77.04,Andhra Pradesh
Kurnool,2020-03-02,76.81,Andhra Pradesh
Kurnool,2020-03-03,76.76,Andhra Pradesh
Kurnool,2020-03-04,76.76,Andhra Pradesh
Kurnool,2020-03-05,76.61,Andhra Pradesh
Kurnool,2020-03-06,76.45,Andhra Pradesh
Kurnool,2020-03-07,76.33,Andhra Pradesh
Kurnool,2020-03-08,76.14,Andhra Pradesh
Kurnool,2020-03-09,75.89,Andhra Pradesh
Kurnool,2020-03-10,75.59,Andhra Pradesh
Kurnool,2020-03-11,75.59,Andhra Pradesh
Kurnool,2020-03-12,75.43,Andhra Pradesh
Kurnool,2020-03-13,75.28,Andhra Pradesh
Kurnool,2020-03-14,75.15,Andhra Pradesh
Kurnool,2020-03-15,75.02,Andhra Pradesh
Kurnool,2020-03-16,74.86,Andhra Pradesh
Kurnool,2020-03-17,74.86,Andhra Pradesh
Kurnool,2020-03-18,74.86,Andhra Pradesh
Kurnool,2020-03-19,74.86,Andhra Pradesh
Kurnool,2020-03-20,74.86,Andhra Pradesh
Kurnool,2020-03-21,74.86,Andhra Pradesh
Kurnool,2020-03-22,74.86,Andhra Pradesh
Kurnool,2020-03-23,74.86,Andhra Pradesh
Kurnool,2020-03-24,74.86,Andhra Pradesh
Kurnool,2020-03-25,74.86,Andhra Pradesh
Kurnool,2020-03-26,74.86,Andhra Pradesh
Kurnool,2020-03-27,74.86,Andhra Pradesh
Kurnool,2020-03-28,74.86,Andhra Pradesh
Kurnool,2020-03-29,74.86,Andhra Pradesh
Kurnool,2020-03-30,74.86,Andhra Pradesh
Kurnool,2020-03-31,74.86,Andhra Pradesh
Kurnool,2020-04-01,74.86,Andhra Pradesh
Kurnool,2020-04-02,74.86,Andhra Pradesh
Kurnool,2020-04-03,74.86,Andhra Pradesh
Kurnool,2020-04-04,74.86,Andhra Pradesh
Kurnool,2020-04-05,74.86,Andhra Pradesh
Kurnool,2020-04-06,74.86,Andhra Pradesh
Kurnool,2020-04-07,74.86,Andhra Pradesh
Kurnool,2020-04-08,74.86,Andhra Pradesh
Kurnool,2020-04-09,74.86,Andhra Pradesh
Kurnool,2020-04-10,74.86,Andhra Pradesh
Kurnool,2020-04-11,74.86,Andhra Pradesh
Kurnool,2020-04-12,74.86,Andhra Pradesh
Kurnool,2020-04-13,74.86,Andhra Pradesh
Kurnool,2020-04-14,74.86,Andhra Pradesh
Kurnool,2020-04-15,74.86,Andhra Pradesh
Kurnool,2020-04-16,74.86,Andhra Pradesh
Kurnool,2020-04-17,74.86,Andhra Pradesh
Kurnool,2020-04-18,74.86,Andhra Pradesh
Kurnool,2020-04-20,74.86,Andhra Pradesh
Kurnool,2020-04-21,74.86,Andhra Pradesh
Kurnool,2020-04-22,74.86,Andhra Pradesh
Kurnool,2020-04-23,74.86,Andhra Pradesh
Kurnool,2020-04-24,74.86,Andhra Pradesh
Kurnool,2020-04-25,74.86,Andhra Pradesh
Kurnool,2020-04-26,74.86,Andhra Pradesh
Kurnool,2020-04-27,74.86,Andhra Pradesh
Kurnool,2020-04-28,74.86,Andhra Pradesh
Kurnool,2020-04-29,74.86,Andhra Pradesh
Kurnool,2020-04-30,74.86,Andhra Pradesh
Kurnool,2020-05-01,74.86,Andhra Pradesh
Kurnool,2020-05-02,74.86,Andhra Pradesh
Kurnool,2020-05-03,74.86,Andhra Pradesh
Kurnool,2020-05-04,74.86,Andhra Pradesh
Kurnool,2020-05-05,74.86,Andhra Pradesh
Kurnool,2020-05-06,74.86,Andhra Pradesh
Kurnool,2020-05-07,74.86,Andhra Pradesh
Kurnool,2020-05-08,74.86,Andhra Pradesh
Kurnool,2020-05-09,74.86,Andhra Pradesh
Kurnool,2020-05-10,74.86,Andhra Pradesh
Kurnool,2020-05-11,74.86,Andhra Pradesh
Kurnool,2020-05-12,74.86,Andhra Pradesh
Kurnool,2020-05-13,74.86,Andhra Pradesh
Kurnool,2020-05-14,74.86,Andhra Pradesh
Kurnool,2020-05-15,74.86,Andhra Pradesh
Kurnool,2020-05-16,74.86,Andhra Pradesh
Kurnool,2020-05-17,74.86,Andhra Pradesh
Kurnool,2020-05-18,74.86,Andhra Pradesh
Kurnool,2020-05-19,74.86,Andhra Pradesh
Kurnool,2020-05-20,74.86,Andhra Pradesh
Kurnool,2020-05-21,74.86,Andhra Pradesh
Kurnool,2020-05-22,74.86,Andhra Pradesh
Kurnool,2020-05-23,74.86,Andhra Pradesh
Kurnool,2020-05-24,74.86,Andhra Pradesh
Kurnool,2020-05-25,74.86,Andhra Pradesh
Kurnool,2020-05-26,74.86,Andhra Pradesh
Kurnool,2020-05-27,74.86,Andhra Pradesh
Kurnool,2020-05-28,74.86,Andhra Pradesh
Kurnool,2020-05-29,74.86,Andhra Pradesh
Kurnool,2020-05-30,74.86,Andhra Pradesh
Kurnool,2020-05-31,74.86,Andhra Pradesh
Kurnool,2020-06-01,74.86,Andhra Pradesh
Kurnool,2020-06-02,74.86,Andhra Pradesh
Kurnool,2020-06-03,74.86,Andhra Pradesh
Kurnool,2020-06-04,74.86,Andhra Pradesh
Kurnool,2020-06-05,74.86,Andhra Pradesh
Kurnool,2020-06-06,74.86,Andhra Pradesh
Kurnool,2020-06-07,75.46,Andhra Pradesh
Kurnool,2020-06-08,76.06,Andhra Pradesh
Kurnool,2020-06-09,76.6,Andhra Pradesh
Kurnool,2020-06-10,77.0,Andhra Pradesh
Kurnool,2020-06-11,77.6,Andhra Pradesh
Kurnool,2020-06-12,78.2,Andhra Pradesh
Kurnool,2020-06-13,78.8,Andhra Pradesh
Kurnool,2020-06-14,79.4,Andhra Pradesh
Kurnool,2020-06-15,79.88,Andhra Pradesh
Kurnool,2020-06-16,80.35,Andhra Pradesh
Kurnool,2020-06-17,80.91,Andhra Pradesh
Kurnool,2020-06-18,81.44,Andhra Pradesh
Kurnool,2020-06-19,82.0,Andhra Pradesh
Kurnool,2020-06-20,82.51,Andhra Pradesh
Kurnool,2020-06-21,82.87,Andhra Pradesh
Kurnool,2020-06-22,83.2,Andhra Pradesh
Kurnool,2020-06-23,83.39,Andhra Pradesh
Kurnool,2020-06-24,83.39,Andhra Pradesh
Kurnool,2020-06-25,83.56,Andhra Pradesh
Kurnool,2020-06-26,83.77,Andhra Pradesh
Kurnool,2020-06-27,84.02,Andhra Pradesh
Kurnool,2020-06-28,84.02,Andhra Pradesh
Kurnool,2020-06-29,84.07,Andhra Pradesh
Kurnool,2020-06-30,84.07,Andhra Pradesh
Kurnool,2020-07-01,84.07,Andhra Pradesh
Kurnool,2020-07-02,84.07,Andhra Pradesh
Kurnool,2020-07-03,84.07,Andhra Pradesh
Kurnool,2020-07-04,84.07,Andhra Pradesh
Kurnool,2020-07-05,84.07,Andhra Pradesh
Kurnool,2020-07-06,84.07,Andhra Pradesh
Kurnool,2020-07-07,84.07,Andhra Pradesh
Kurnool,2020-07-08,84.07,Andhra Pradesh
Kurnool,2020-07-09,84.07,Andhra Pradesh
Kurnool,2020-07-10,84.07,Andhra Pradesh
Kurnool,2020-07-11,84.07,Andhra Pradesh
Kurnool,2020-07-12,84.07,Andhra Pradesh
Kurnool,2020-07-13,84.07,Andhra Pradesh
Kurnool,2020-07-15,84.07,Andhra Pradesh
Kurnool,2020-07-16,84.07,Andhra Pradesh
Kurnool,2020-07-17,84.09,Andhra Pradesh
Kurnool,2020-07-18,84.09,Andhra Pradesh
Kurnool,2020-07-19,84.09,Andhra Pradesh
Kurnool,2020-07-20,84.09,Andhra Pradesh
Kurnool,2020-07-21,84.09,Andhra Pradesh
Kurnool,2020-07-22,84.09,Andhra Pradesh
Kurnool,2020-07-23,84.09,Andhra Pradesh
Kurnool,2020-07-24,84.09,Andhra Pradesh
Kurnool,2020-07-25,85.34,Andhra Pradesh
Kurnool,2020-07-26,85.34,Andhra Pradesh
Kurnool,2020-07-27,85.34,Andhra Pradesh
Kurnool,2020-07-28,85.34,Andhra Pradesh
Kurnool,2020-07-29,85.34,Andhra Pradesh
Kurnool,2020-07-30,85.34,Andhra Pradesh
Kurnool,2020-07-31,85.34,Andhra Pradesh
Kurnool,2020-08-01,85.34,Andhra Pradesh
Kurnool,2020-08-02,85.34,Andhra Pradesh
Kurnool,2020-08-03,85.34,Andhra Pradesh
Kurnool,2020-08-04,85.34,Andhra Pradesh
Kurnool,2020-08-05,85.34,Andhra Pradesh
Kurnool,2020-08-06,85.34,Andhra Pradesh
Kurnool,2020-08-07,85.34,Andhra Pradesh
Kurnool,2020-08-08,85.34,Andhra Pradesh
Kurnool,2020-08-09,85.34,Andhra Pradesh
Kurnool,2020-08-10,85.34,Andhra Pradesh
Kurnool,2020-08-11,85.34,Andhra Pradesh
Kurnool,2020-08-12,85.34,Andhra Pradesh
Kurnool,2020-08-13,85.34,Andhra Pradesh
Kurnool,2020-08-14,85.34,Andhra Pradesh
Kurnool,2020-08-15,85.34,Andhra Pradesh
Kurnool,2020-08-16,85.61,Andhra Pradesh
Kurnool,2020-08-17,85.77,Andhra Pradesh
Kurnool,2020-08-18,85.93,Andhra Pradesh
Kurnool,2020-08-19,85.93,Andhra Pradesh
Kurnool,2020-08-20,86.03,Andhra Pradesh
Kurnool,2020-08-21,86.22,Andhra Pradesh
Kurnool,2020-08-22,86.38,Andhra Pradesh
Kurnool,2020-08-23,86.52,Andhra Pradesh
Kurnool,2020-08-24,86.65,Andhra Pradesh
Kurnool,2020-08-25,86.77,Andhra Pradesh
Kurnool,2020-08-26,86.77,Andhra Pradesh
Kurnool,2020-08-27,86.87,Andhra Pradesh
Kurnool,2020-08-28,86.97,Andhra Pradesh
Kurnool,2020-08-29,86.97,Andhra Pradesh
Kurnool,2020-08-30,87.07,Andhra Pradesh
Kurnool,2020-08-31,87.07,Andhra Pradesh
Kurnool,2020-09-01,87.12,Andhra Pradesh
Kurnool,2020-09-02,87.12,Andhra Pradesh
Kurnool,2020-09-03,87.12,Andhra Pradesh
Kurnool,2020-09-04,87.12,Andhra Pradesh
Kurnool,2020-09-05,87.12,Andhra Pradesh
Kurnool,2020-09-06,87.12,Andhra Pradesh
Kurnool,2020-09-07,87.12,Andhra Pradesh
Kurnool,2020-09-08,87.12,Andhra Pradesh
Kurnool,2020-09-09,87.12,Andhra Pradesh
Kurnool,2020-09-10,87.03,Andhra Pradesh
Kurnool,2020-09-11,87.03,Andhra Pradesh
Kurnool,2020-09-12,86.9,Andhra Pradesh
Kurnool,2020-09-13,86.9,Andhra Pradesh
Kurnool,2020-09-14,86.76,Andhra Pradesh
Kurnool,2020-09-15,86.58,Andhra Pradesh
Kurnool,2020-09-16,86.58,Andhra Pradesh
Kurnool,2020-09-17,86.43,Andhra Pradesh
Kurnool,2020-09-18,86.17,Andhra Pradesh
Kurnool,2020-09-19,87.49,Andhra Pradesh
Kurnool,2020-09-20,87.49,Andhra Pradesh
Kurnool,2020-09-21,87.49,Andhra Pradesh
Kurnool,2020-09-22,87.41,Andhra Pradesh
Kurnool,2020-09-23,87.41,Andhra Pradesh
Kurnool,2020-09-24,87.41,Andhra Pradesh
Kurnool,2020-09-25,87.41,Andhra Pradesh
Kurnool,2020-09-26,87.41,Andhra Pradesh
Kurnool,2020-09-27,87.41,Andhra Pradesh
Kurnool,2020-09-28,87.41,Andhra Pradesh
Kurnool,2020-09-29,87.41,Andhra Pradesh
Kurnool,2020-09-30,87.41,Andhra Pradesh
Kurnool,2020-10-01,87.41,Andhra Pradesh
Kurnool,2020-10-02,87.41,Andhra Pradesh
Kurnool,2020-10-03,87.41,Andhra Pradesh
Kurnool,2020-10-04,87.41,Andhra Pradesh
Kurnool,2020-10-05,87.41,Andhra Pradesh
Kurnool,2020-10-06,87.41,Andhra Pradesh
Kurnool,2020-10-07,87.41,Andhra Pradesh
Kurnool,2020-10-08,87.41,Andhra Pradesh
Kurnool,2020-10-09,87.41,Andhra Pradesh
Kurnool,2020-10-10,87.41,Andhra Pradesh
Kurnool,2020-10-11,87.41,Andhra Pradesh
Kurnool,2020-10-12,87.41,Andhra Pradesh
Kurnool,2020-10-13,87.41,Andhra Pradesh
Kurnool,2020-10-14,87.41,Andhra Pradesh
Kurnool,2020-10-15,87.41,Andhra Pradesh
Kurnool,2020-10-16,87.41,Andhra Pradesh
Kurnool,2020-10-17,87.41,Andhra Pradesh
Kurnool,2020-10-18,87.41,Andhra Pradesh
Kurnool,2020-10-19,87.41,Andhra Pradesh
Kurnool,2020-10-20,87.41,Andhra Pradesh
Kurnool,2020-10-21,87.41,Andhra Pradesh
Kurnool,2020-10-22,87.41,Andhra Pradesh
Kurnool,2020-10-23,87.41,Andhra Pradesh
Kurnool,2020-10-24,87.41,Andhra Pradesh
Kurnool,2020-10-25,87.41,Andhra Pradesh
Kurnool,2020-10-26,87.41,Andhra Pradesh
Kurnool,2020-10-27,87.41,Andhra Pradesh
Kurnool,2020-10-28,87.41,Andhra Pradesh
Kurnool,2020-10-29,87.41,Andhra Pradesh
Kurnool,2020-10-30,87.41,Andhra Pradesh
Kurnool,2020-10-31,87.41,Andhra Pradesh
Kurnool,2020-11-01,87.41,Andhra Pradesh
Kurnool,2020-11-02,87.41,Andhra Pradesh
Kurnool,2020-11-03,87.41,Andhra Pradesh
Kurnool,2020-11-04,87.41,Andhra Pradesh
Kurnool,2020-11-05,87.41,Andhra Pradesh
Kurnool,2020-11-06,87.41,Andhra Pradesh
Kurnool,2020-11-07,87.41,Andhra Pradesh
Kurnool,2020-11-08,87.41,Andhra Pradesh
Kurnool,2020-11-09,87.41,Andhra Pradesh
Kurnool,2020-11-10,87.41,Andhra Pradesh
Kurnool,2020-11-11,87.41,Andhra Pradesh
Kurnool,2020-11-12,87.41,Andhra Pradesh
Kurnool,2020-11-13,87.41,Andhra Pradesh
Kurnool,2020-11-14,87.41,Andhra Pradesh
Kurnool,2020-11-15,87.41,Andhra Pradesh
Kurnool,2020-11-16,87.41,Andhra Pradesh
Kurnool,2020-11-17,87.41,Andhra Pradesh
Kurnool,2020-11-18,87.41,Andhra Pradesh
Kurnool,2020-11-19,87.41,Andhra Pradesh
Kurnool,2020-11-20,87.65,Andhra Pradesh
Kurnool,2020-11-21,87.79,Andhra Pradesh
Kurnool,2020-11-22,87.84,Andhra Pradesh
Kurnool,2020-11-23,87.91,Andhra Pradesh
Kurnool,2020-11-24,87.97,Andhra Pradesh
Kurnool,2020-11-25,87.97,Andhra Pradesh
Kurnool,2020-11-26,88.08,Andhra Pradesh
Kurnool,2020-11-27,88.27,Andhra Pradesh
Kurnool,2020-11-28,88.51,Andhra Pradesh
Kurnool,2020-11-29,88.72,Andhra Pradesh
Kurnool,2020-11-30,88.72,Andhra Pradesh
Kurnool,2020-12-01,88.72,Andhra Pradesh
Kurnool,2020-12-02,88.87,Andhra Pradesh
Kurnool,2020-12-03,89.04,Andhra Pradesh
Kurnool,2020-12-04,89.24,Andhra Pradesh
Kurnool,2020-12-05,89.52,Andhra Pradesh
Kurnool,2020-12-06,89.8,Andhra Pradesh
Kurnool,2020-12-07,90.1,Andhra Pradesh
Kurnool,2020-12-08,90.1,Andhra Pradesh
Kurnool,2020-12-09,90.1,Andhra Pradesh
Kurnool,2020-12-10,90.1,Andhra Pradesh
Kurnool,2020-12-11,90.1,Andhra Pradesh
Kurnool,2020-12-12,90.1,Andhra Pradesh
Kurnool,2020-12-13,90.1,Andhra Pradesh
Kurnool,2020-12-14,90.1,Andhra Pradesh
Kurnool,2020-12-15,90.1,Andhra Pradesh
Kurnool,2020-12-16,90.1,Andhra Pradesh
Kurnool,2020-12-17,90.1,Andhra Pradesh
Kurnool,2020-12-18,90.1,Andhra Pradesh
Kurnool,2020-12-19,90.1,Andhra Pradesh
Kurnool,2020-12-20,90.1,Andhra Pradesh
Kurnool,2020-12-21,90.1,Andhra Pradesh
Kurnool,2020-12-22,90.1,Andhra Pradesh
Kurnool,2020-12-23,90.1,Andhra Pradesh
Kurnool,2020-12-24,90.1,Andhra Pradesh
Kurnool,2020-12-25,90.1,Andhra Pradesh
Kurnool,2020-12-26,90.1,Andhra Pradesh
Kurnool,2020-12-27,90.1,Andhra Pradesh
Kurnool,2020-12-28,90.1,Andhra Pradesh
Kurnool,2020-12-29,90.1,Andhra Pradesh
Kurnool,2020-12-30,90.1,Andhra Pradesh
Kurnool,2020-12-31,90.1,Andhra Pradesh
Kurnool,2021-01-01,90.1,Andhra Pradesh
Kurnool,2021-01-02,90.1,Andhra Pradesh
Kurnool,2021-01-03,90.1,Andhra Pradesh
Kurnool,2021-01-04,90.1,Andhra Pradesh
Kurnool,2021-01-05,90.1,Andhra Pradesh
Kurnool,2021-01-06,90.38,Andhra Pradesh
Kurnool,2021-01-07,90.63,Andhra Pradesh
Kurnool,2021-01-08,90.63,Andhra Pradesh
Kurnool,2021-01-09,90.63,Andhra Pradesh
Kurnool,2021-01-10,90.63,Andhra Pradesh
Kurnool,2021-01-11,90.63,Andhra Pradesh
Kurnool,2021-01-12,90.63,Andhra Pradesh
Kurnool,2021-01-13,90.88,Andhra Pradesh
Kurnool,2021-01-14,91.13,Andhra Pradesh
Kurnool,2021-01-15,91.13,Andhra Pradesh
Kurnool,2021-01-16,91.13,Andhra Pradesh
Kurnool,2021-01-17,91.13,Andhra Pradesh
Kurnool,2021-01-18,91.38,Andhra Pradesh
Kurnool,2021-01-19,91.64,Andhra Pradesh
Kurnool,2021-01-20,91.64,Andhra Pradesh
Kurnool,2021-01-21,91.64,Andhra Pradesh
Kurnool,2021-01-22,91.89,Andhra Pradesh
Kurnool,2021-01-23,92.14,Andhra Pradesh
Kurnool,2021-01-24,92.14,Andhra Pradesh
Kurnool,2021-01-25,92.14,Andhra Pradesh
Kurnool,2021-01-26,92.49,Andhra Pradesh
Kurnool,2021-01-27,92.74,Andhra Pradesh
Kurnool,2021-01-28,92.74,Andhra Pradesh
Kurnool,2021-01-29,92.74,Andhra Pradesh
Kurnool,2021-01-30,92.74,Andhra Pradesh
Kurnool,2021-01-31,92.74,Andhra Pradesh
Kurnool,2021-02-01,92.74,Andhra Pradesh
Kurnool,2021-02-02,92.74,Andhra Pradesh
Kurnool,2021-02-03,92.74,Andhra Pradesh
Kurnool,2021-02-04,93.01,Andhra Pradesh
Kurnool,2021-02-05,93.31,Andhra Pradesh
Kurnool,2021-02-06,93.31,Andhra Pradesh
Kurnool,2021-02-07,93.31,Andhra Pradesh
Kurnool,2021-02-08,93.31,Andhra Pradesh
Kurnool,2021-02-09,93.66,Andhra Pradesh
Kurnool,2021-02-10,93.96,Andhra Pradesh
Kurnool,2021-02-11,94.21,Andhra Pradesh
Kurnool,2021-02-12,94.5,Andhra Pradesh
Kurnool,2021-02-13,94.81,Andhra Pradesh
Kurnool,2021-02-14,95.1,Andhra Pradesh
Kurnool,2021-02-15,95.36,Andhra Pradesh
Kurnool,2021-02-16,95.66,Andhra Pradesh
Kurnool,2021-02-17,95.91,Andhra Pradesh
Kurnool,2021-02-18,96.25,Andhra Pradesh
Kurnool,2021-02-19,96.56,Andhra Pradesh
Kurnool,2021-02-20,96.96,Andhra Pradesh
Kurnool,2021-02-21,96.96,Andhra Pradesh
Kurnool,2021-02-22,96.96,Andhra Pradesh
Kurnool,2021-02-23,97.31,Andhra Pradesh
Kurnool,2021-02-24,97.31,Andhra Pradesh
Kurnool,2021-02-25,97.31,Andhra Pradesh
Kurnool,2021-02-26,97.31,Andhra Pradesh
Kurnool,2021-02-27,97.55,Andhra Pradesh
Kurnool,2021-02-28,97.55,Andhra Pradesh
Kurnool,2021-03-01,97.55,Andhra Pradesh
