city,date,rate,district
Nellore,2016-05-01,67.99,Andhra Pradesh
Nellore,2016-05-17,68.84,Andhra Pradesh
Nellore,2016-06-01,71.5,Andhra Pradesh
Nellore,2016-06-15,71.6,Andhra Pradesh
Nellore,2016-07-01,70.66,Andhra Pradesh
Nellore,2016-07-15,68.35,Andhra Pradesh
Nellore,2016-08-01,66.96,Andhra Pradesh
Nellore,2016-08-15,65.98,Andhra Pradesh
Nellore,2016-09-01,69.46,Andhra Pradesh
Nellore,2016-09-15,70.25,Andhra Pradesh
Nellore,2016-10-01,70.63,Andhra Pradesh
Nellore,2016-10-05,70.74,Andhra Pradesh
Nellore,2016-10-15,72.53,Andhra Pradesh
Nellore,2016-11-06,73.86,Andhra Pradesh
Nellore,2016-11-16,72.08,Andhra Pradesh
Nellore,2016-12-01,72.26,Andhra Pradesh
Nellore,2016-12-17,75.19,Andhra Pradesh
Nellore,2017-01-01,76.89,Andhra Pradesh
Nellore,2017-01-16,77.45,Andhra Pradesh
Nellore,2017-02-23,77.16,Andhra Pradesh
Nellore,2017-04-01,72.76,Andhra Pradesh
Nellore,2017-04-16,74.59,Andhra Pradesh
Nellore,2017-05-01,74.6,Andhra Pradesh
Nellore,2017-05-16,71.77,Andhra Pradesh
Nellore,2017-06-01,73.4,Andhra Pradesh
Nellore,2017-06-16,71.86,Andhra Pradesh
Nellore,2017-06-19,71.01,Andhra Pradesh
Nellore,2017-06-21,70.9,Andhra Pradesh
Nellore,2017-06-26,69.87,Andhra Pradesh
Nellore,2017-06-30,69.63,Andhra Pradesh
Nellore,2017-07-03,69.41,Andhra Pradesh
Nellore,2017-07-10,70.13,Andhra Pradesh
Nellore,2017-07-13,77.54,Andhra Pradesh
Nellore,2017-07-17,70.49,Andhra Pradesh
Nellore,2017-07-24,70.88,Andhra Pradesh
Nellore,2017-08-01,71.52,Andhra Pradesh
Nellore,2017-08-07,72.82,Andhra Pradesh
Nellore,2017-08-14,74.14,Andhra Pradesh
Nellore,2017-08-21,74.75,Andhra Pradesh
Nellore,2017-08-28,75.32,Andhra Pradesh
Nellore,2017-09-04,75.83,Andhra Pradesh
Nellore,2017-09-11,76.52,Andhra Pradesh
Nellore,2017-09-19,76.74,Andhra Pradesh
Nellore,2017-09-25,76.63,Andhra Pradesh
Nellore,2017-10-03,77.1,Andhra Pradesh
Nellore,2017-10-04,74.56,Andhra Pradesh
Nellore,2017-10-09,74.6,Andhra Pradesh
Nellore,2017-10-16,74.44,Andhra Pradesh
Nellore,2017-10-24,74.76,Andhra Pradesh
Nellore,2017-10-30,75.24,Andhra Pradesh
Nellore,2017-11-06,75.95,Andhra Pradesh
Nellore,2017-11-13,76.01,Andhra Pradesh
Nellore,2017-11-20,75.73,Andhra Pradesh
Nellore,2017-11-27,75.5,Andhra Pradesh
Nellore,2017-12-05,75.47,Andhra Pradesh
Nellore,2017-12-11,75.33,Andhra Pradesh
Nellore,2017-12-18,75.4,Andhra Pradesh
Nellore,2017-12-26,75.86,Andhra Pradesh
Nellore,2018-01-01,76.21,Andhra Pradesh
Nellore,2018-01-02,76.75,Andhra Pradesh
Nellore,2018-01-05,76.23,Andhra Pradesh
Nellore,2018-01-08,76.67,Andhra Pradesh
Nellore,2018-01-09,76.73,Andhra Pradesh
Nellore,2018-01-10,76.8,Andhra Pradesh
Nellore,2018-01-11,76.84,Andhra Pradesh
Nellore,2018-01-12,76.9,Andhra Pradesh
Nellore,2018-01-15,77.35,Andhra Pradesh
Nellore,2018-01-16,77.45,Andhra Pradesh
Nellore,2018-01-17,77.57,Andhra Pradesh
Nellore,2018-01-18,77.74,Andhra Pradesh
Nellore,2018-01-19,77.89,Andhra Pradesh
Nellore,2018-01-22,78.43,Andhra Pradesh
Nellore,2018-01-23,78.59,Andhra Pradesh
Nellore,2018-01-24,78.64,Andhra Pradesh
Nellore,2018-01-25,78.7,Andhra Pradesh
Nellore,2018-01-29,79.06,Andhra Pradesh
Nellore,2018-01-30,79.14,Andhra Pradesh
Nellore,2018-02-01,79.28,Andhra Pradesh
Nellore,2018-02-02,79.33,Andhra Pradesh
Nellore,2018-02-05,79.54,Andhra Pradesh
Nellore,2018-02-06,79.62,Andhra Pradesh
Nellore,2018-02-08,79.61,Andhra Pradesh
Nellore,2018-02-09,79.59,Andhra Pradesh
Nellore,2018-02-12,79.24,Andhra Pradesh
Nellore,2018-02-13,79.16,Andhra Pradesh
Nellore,2018-02-15,79.01,Andhra Pradesh
Nellore,2018-02-16,78.73,Andhra Pradesh
Nellore,2018-02-19,78.11,Andhra Pradesh
Nellore,2018-02-20,77.92,Andhra Pradesh
Nellore,2018-02-21,77.91,Andhra Pradesh
Nellore,2018-02-22,77.89,Andhra Pradesh
Nellore,2018-02-23,77.8,Andhra Pradesh
Nellore,2018-02-26,77.71,Andhra Pradesh
Nellore,2018-02-27,77.69,Andhra Pradesh
Nellore,2018-03-01,77.83,Andhra Pradesh
Nellore,2018-03-02,78.01,Andhra Pradesh
Nellore,2018-03-05,78.6,Andhra Pradesh
Nellore,2018-03-06,78.67,Andhra Pradesh
Nellore,2018-03-09,78.71,Andhra Pradesh
Nellore,2018-03-12,78.73,Andhra Pradesh
Nellore,2018-03-13,78.75,Andhra Pradesh
Nellore,2018-03-15,78.73,Andhra Pradesh
Nellore,2018-03-16,78.65,Andhra Pradesh
Nellore,2018-03-19,78.47,Andhra Pradesh
Nellore,2018-03-20,78.48,Andhra Pradesh
Nellore,2018-03-22,78.54,Andhra Pradesh
Nellore,2018-03-23,78.58,Andhra Pradesh
Nellore,2018-03-26,79.08,Andhra Pradesh
Nellore,2018-03-27,79.2,Andhra Pradesh
Nellore,2018-03-29,79.38,Andhra Pradesh
Nellore,2018-03-30,79.62,Andhra Pradesh
Nellore,2018-04-02,80.13,Andhra Pradesh
Nellore,2018-04-03,80.26,Andhra Pradesh
Nellore,2018-04-05,80.29,Andhra Pradesh
Nellore,2018-04-09,80.3,Andhra Pradesh
Nellore,2018-04-10,80.29,Andhra Pradesh
Nellore,2018-04-12,80.25,Andhra Pradesh
Nellore,2018-04-13,80.22,Andhra Pradesh
Nellore,2018-04-16,80.34,Andhra Pradesh
Nellore,2018-04-19,80.39,Andhra Pradesh
Nellore,2018-04-20,80.4,Andhra Pradesh
Nellore,2018-04-23,80.83,Andhra Pradesh
Nellore,2018-04-24,80.96,Andhra Pradesh
Nellore,2018-05-14,81.2,Andhra Pradesh
Nellore,2018-05-15,81.35,Andhra Pradesh
Nellore,2018-05-16,81.5,Andhra Pradesh
Nellore,2018-05-17,81.73,Andhra Pradesh
Nellore,2018-05-18,81.2,Andhra Pradesh
Nellore,2018-05-21,83.02,Andhra Pradesh
Nellore,2018-05-22,83.33,Andhra Pradesh
Nellore,2018-05-23,83.63,Andhra Pradesh
Nellore,2018-05-24,83.94,Andhra Pradesh
Nellore,2018-05-25,84.31,Andhra Pradesh
Nellore,2018-05-26,84.46,Andhra Pradesh
Nellore,2018-05-27,84.61,Andhra Pradesh
Nellore,2018-05-28,84.77,Andhra Pradesh
Nellore,2018-05-29,84.93,Andhra Pradesh
Nellore,2018-05-31,84.85,Andhra Pradesh
Nellore,2018-06-01,84.79,Andhra Pradesh
Nellore,2018-06-02,84.69,Andhra Pradesh
Nellore,2018-06-03,84.6,Andhra Pradesh
Nellore,2018-06-04,84.45,Andhra Pradesh
Nellore,2018-06-05,84.31,Andhra Pradesh
Nellore,2018-06-06,84.2,Andhra Pradesh
Nellore,2018-06-07,84.11,Andhra Pradesh
Nellore,2018-06-08,83.89,Andhra Pradesh
Nellore,2018-06-09,83.48,Andhra Pradesh
Nellore,2018-06-10,83.23,Andhra Pradesh
Nellore,2018-06-11,83.03,Andhra Pradesh
Nellore,2018-06-12,82.87,Andhra Pradesh
Nellore,2018-06-15,82.79,Andhra Pradesh
Nellore,2018-06-19,82.71,Andhra Pradesh
Nellore,2018-06-21,82.6,Andhra Pradesh
Nellore,2018-06-22,82.45,Andhra Pradesh
Nellore,2018-06-23,82.36,Andhra Pradesh
Nellore,2018-06-24,82.21,Andhra Pradesh
Nellore,2018-06-25,82.11,Andhra Pradesh
Nellore,2018-06-26,81.97,Andhra Pradesh
Nellore,2018-07-05,82.13,Andhra Pradesh
Nellore,2018-07-06,82.28,Andhra Pradesh
Nellore,2018-07-09,82.8,Andhra Pradesh
Nellore,2018-07-10,82.98,Andhra Pradesh
Nellore,2018-07-12,83.04,Andhra Pradesh
Nellore,2018-07-13,83.21,Andhra Pradesh
Nellore,2018-07-16,83.29,Andhra Pradesh
Nellore,2018-07-20,83.13,Andhra Pradesh
Nellore,2018-07-23,82.8,Andhra Pradesh
Nellore,2018-07-24,82.73,Andhra Pradesh
Nellore,2018-07-30,82.75,Andhra Pradesh
Nellore,2018-07-31,82.81,Andhra Pradesh
Nellore,2018-08-02,82.99,Andhra Pradesh
Nellore,2018-08-03,83.06,Andhra Pradesh
Nellore,2018-08-06,83.55,Andhra Pradesh
Nellore,2018-08-07,83.64,Andhra Pradesh
Nellore,2018-08-13,83.72,Andhra Pradesh
Nellore,2018-08-16,83.77,Andhra Pradesh
Nellore,2018-08-20,84.08,Andhra Pradesh
Nellore,2018-08-21,84.18,Andhra Pradesh
Nellore,2018-08-24,84.27,Andhra Pradesh
Nellore,2018-08-25,76.52,Andhra Pradesh
Nellore,2018-08-26,76.61,Andhra Pradesh
Nellore,2018-08-27,84.52,Andhra Pradesh
Nellore,2018-08-28,84.66,Andhra Pradesh
Nellore,2018-08-29,84.79,Andhra Pradesh
Nellore,2018-08-30,84.92,Andhra Pradesh
Nellore,2018-08-31,85.14,Andhra Pradesh
Nellore,2018-09-03,85.83,Andhra Pradesh
Nellore,2018-09-04,86.0,Andhra Pradesh
Nellore,2018-09-06,86.2,Andhra Pradesh
Nellore,2018-09-07,86.7,Andhra Pradesh
Nellore,2018-09-10,87.46,Andhra Pradesh
Nellore,2018-09-11,85.59,Andhra Pradesh
Nellore,2018-09-13,85.72,Andhra Pradesh
Nellore,2018-09-14,86.01,Andhra Pradesh
Nellore,2018-09-15,86.37,Andhra Pradesh
Nellore,2018-09-16,86.66,Andhra Pradesh
Nellore,2018-09-17,86.81,Andhra Pradesh
Nellore,2018-09-18,86.91,Andhra Pradesh
Nellore,2018-09-20,86.98,Andhra Pradesh
Nellore,2018-09-21,87.08,Andhra Pradesh
Nellore,2018-09-23,87.36,Andhra Pradesh
Nellore,2018-09-24,87.48,Andhra Pradesh
Nellore,2018-09-25,87.62,Andhra Pradesh
Nellore,2018-09-27,87.76,Andhra Pradesh
Nellore,2018-09-28,87.99,Andhra Pradesh
Nellore,2018-09-30,88.27,Andhra Pradesh
Nellore,2018-10-01,88.5,Andhra Pradesh
Nellore,2018-10-02,88.61,Andhra Pradesh
Nellore,2018-10-04,88.75,Andhra Pradesh
Nellore,2018-10-05,86.18,Andhra Pradesh
Nellore,2018-10-06,86.37,Andhra Pradesh
Nellore,2018-10-07,86.51,Andhra Pradesh
Nellore,2018-10-08,86.73,Andhra Pradesh
Nellore,2018-10-09,86.96,Andhra Pradesh
Nellore,2018-10-11,87.07,Andhra Pradesh
Nellore,2018-10-12,87.19,Andhra Pradesh
Nellore,2018-10-13,87.37,Andhra Pradesh
Nellore,2018-10-14,87.44,Andhra Pradesh
Nellore,2018-10-16,87.55,Andhra Pradesh
Nellore,2018-10-19,87.09,Andhra Pradesh
Nellore,2018-10-20,86.68,Andhra Pradesh
Nellore,2018-10-22,86.12,Andhra Pradesh
Nellore,2018-10-23,86.02,Andhra Pradesh
Nellore,2018-10-24,85.92,Andhra Pradesh
Nellore,2018-10-25,85.77,Andhra Pradesh
Nellore,2018-10-26,85.51,Andhra Pradesh
Nellore,2018-10-29,84.38,Andhra Pradesh
Nellore,2018-10-30,84.17,Andhra Pradesh
Nellore,2018-11-01,83.99,Andhra Pradesh
Nellore,2018-11-02,83.9,Andhra Pradesh
Nellore,2018-11-05,83.29,Andhra Pradesh
Nellore,2018-11-06,83.14,Andhra Pradesh
Nellore,2018-11-12,82.26,Andhra Pradesh
Nellore,2018-11-13,82.12,Andhra Pradesh
Nellore,2018-11-15,81.97,Andhra Pradesh
Nellore,2018-11-16,81.78,Andhra Pradesh
Nellore,2018-11-19,81.19,Andhra Pradesh
Nellore,2018-11-20,81.04,Andhra Pradesh
Nellore,2018-11-22,80.62,Andhra Pradesh
Nellore,2018-11-23,80.21,Andhra Pradesh
Nellore,2018-11-26,79.1,Andhra Pradesh
Nellore,2018-11-27,78.67,Andhra Pradesh
Nellore,2018-11-28,78.15,Andhra Pradesh
Nellore,2018-11-29,77.81,Andhra Pradesh
Nellore,2018-11-30,77.43,Andhra Pradesh
Nellore,2018-12-01,77.07,Andhra Pradesh
Nellore,2018-12-02,76.75,Andhra Pradesh
Nellore,2018-12-03,76.42,Andhra Pradesh
Nellore,2018-12-04,76.21,Andhra Pradesh
Nellore,2018-12-06,75.8,Andhra Pradesh
Nellore,2018-12-07,75.38,Andhra Pradesh
Nellore,2018-12-10,74.76,Andhra Pradesh
Nellore,2018-12-11,74.59,Andhra Pradesh
Nellore,2018-12-13,74.68,Andhra Pradesh
Nellore,2018-12-17,74.93,Andhra Pradesh
Nellore,2018-12-18,75.03,Andhra Pradesh
Nellore,2018-12-21,74.86,Andhra Pradesh
Nellore,2018-12-24,74.24,Andhra Pradesh
Nellore,2018-12-25,74.17,Andhra Pradesh
Nellore,2018-12-27,74.12,Andhra Pradesh
Nellore,2018-12-28,73.92,Andhra Pradesh
Nellore,2018-12-31,73.19,Andhra Pradesh
Nellore,2019-01-02,73.09,Andhra Pradesh
Nellore,2019-01-04,72.87,Andhra Pradesh
Nellore,2019-01-07,72.93,Andhra Pradesh
Nellore,2019-01-10,73.32,Andhra Pradesh
Nellore,2019-01-11,73.52,Andhra Pradesh
Nellore,2019-01-14,74.61,Andhra Pradesh
Nellore,2019-01-16,74.82,Andhra Pradesh
Nellore,2019-01-17,74.96,Andhra Pradesh
Nellore,2019-01-18,75.04,Andhra Pradesh
Nellore,2019-01-21,75.65,Andhra Pradesh
Nellore,2019-01-22,75.78,Andhra Pradesh
Nellore,2019-01-29,75.7,Andhra Pradesh
Nellore,2019-01-31,75.6,Andhra Pradesh
Nellore,2019-02-01,75.38,Andhra Pradesh
Nellore,2019-02-05,74.86,Andhra Pradesh
Nellore,2019-02-08,74.8,Andhra Pradesh
Nellore,2019-02-11,74.75,Andhra Pradesh
Nellore,2019-02-14,74.81,Andhra Pradesh
Nellore,2019-02-15,74.88,Andhra Pradesh
Nellore,2019-02-18,75.35,Andhra Pradesh
Nellore,2019-02-19,75.45,Andhra Pradesh
Nellore,2019-02-22,75.75,Andhra Pradesh
Nellore,2019-02-25,76.04,Andhra Pradesh
Nellore,2019-02-26,76.13,Andhra Pradesh
Nellore,2019-02-28,76.2,Andhra Pradesh
Nellore,2019-03-01,76.31,Andhra Pradesh
Nellore,2019-03-04,76.68,Andhra Pradesh
Nellore,2019-03-05,76.75,Andhra Pradesh
Nellore,2019-03-11,76.98,Andhra Pradesh
Nellore,2019-03-12,76.93,Andhra Pradesh
Nellore,2019-03-14,77.0,Andhra Pradesh
Nellore,2019-03-15,77.07,Andhra Pradesh
Nellore,2019-03-18,77.31,Andhra Pradesh
Nellore,2019-03-21,77.24,Andhra Pradesh
Nellore,2019-03-22,77.29,Andhra Pradesh
Nellore,2019-03-23,77.34,Andhra Pradesh
Nellore,2019-03-24,77.39,Andhra Pradesh
Nellore,2019-03-28,77.34,Andhra Pradesh
Nellore,2019-04-01,77.42,Andhra Pradesh
Nellore,2019-04-05,77.47,Andhra Pradesh
Nellore,2019-04-08,77.41,Andhra Pradesh
Nellore,2019-04-09,77.36,Andhra Pradesh
Nellore,2019-04-12,77.42,Andhra Pradesh
Nellore,2019-04-15,77.54,Andhra Pradesh
Nellore,2019-04-16,77.49,Andhra Pradesh
Nellore,2019-04-20,77.56,Andhra Pradesh
Nellore,2019-04-22,77.51,Andhra Pradesh
Nellore,2019-04-25,77.58,Andhra Pradesh
Nellore,2019-04-27,77.65,Andhra Pradesh
Nellore,2019-04-30,77.7,Andhra Pradesh
Nellore,2019-05-02,77.58,Andhra Pradesh
Nellore,2019-05-04,77.59,Andhra Pradesh
Nellore,2019-05-05,77.53,Andhra Pradesh
Nellore,2019-05-06,77.45,Andhra Pradesh
Nellore,2019-05-09,77.29,Andhra Pradesh
Nellore,2019-05-10,77.07,Andhra Pradesh
Nellore,2019-05-11,76.58,Andhra Pradesh
Nellore,2019-05-12,76.15,Andhra Pradesh
Nellore,2019-05-13,75.84,Andhra Pradesh
Nellore,2019-05-14,75.58,Andhra Pradesh
Nellore,2019-05-17,75.5,Andhra Pradesh
Nellore,2019-05-18,75.43,Andhra Pradesh
Nellore,2019-05-20,75.52,Andhra Pradesh
Nellore,2019-05-21,75.57,Andhra Pradesh
Nellore,2019-05-23,75.65,Andhra Pradesh
Nellore,2019-05-24,75.8,Andhra Pradesh
Nellore,2019-05-25,75.94,Andhra Pradesh
Nellore,2019-05-26,76.08,Andhra Pradesh
Nellore,2019-05-27,76.19,Andhra Pradesh
Nellore,2019-05-28,76.28,Andhra Pradesh
Nellore,2019-05-30,76.22,Andhra Pradesh
Nellore,2019-05-31,76.15,Andhra Pradesh
Nellore,2019-06-01,76.11,Andhra Pradesh
Nellore,2019-06-02,75.98,Andhra Pradesh
Nellore,2019-06-03,75.78,Andhra Pradesh
Nellore,2019-06-04,75.71,Andhra Pradesh
Nellore,2019-06-06,75.54,Andhra Pradesh
Nellore,2019-06-07,75.41,Andhra Pradesh
Nellore,2019-06-10,74.88,Andhra Pradesh
Nellore,2019-06-13,74.8,Andhra Pradesh
Nellore,2019-06-14,74.63,Andhra Pradesh
Nellore,2019-06-15,74.43,Andhra Pradesh
Nellore,2019-06-16,74.37,Andhra Pradesh
Nellore,2019-06-24,74.49,Andhra Pradesh
Nellore,2019-06-27,74.56,Andhra Pradesh
Nellore,2019-06-28,74.62,Andhra Pradesh
Nellore,2019-06-29,74.73,Andhra Pradesh
Nellore,2019-06-30,74.82,Andhra Pradesh
Nellore,2019-07-01,74.92,Andhra Pradesh
Nellore,2019-07-02,74.99,Andhra Pradesh
Nellore,2019-07-06,77.51,Andhra Pradesh
Nellore,2019-07-09,77.45,Andhra Pradesh
Nellore,2019-07-13,77.54,Andhra Pradesh
Nellore,2019-07-14,77.64,Andhra Pradesh
Nellore,2019-07-15,77.77,Andhra Pradesh
Nellore,2019-07-16,77.83,Andhra Pradesh
Nellore,2019-07-18,77.91,Andhra Pradesh
Nellore,2019-07-23,77.98,Andhra Pradesh
Nellore,2019-07-25,77.91,Andhra Pradesh
Nellore,2019-07-26,77.85,Andhra Pradesh
Nellore,2019-07-27,77.8,Andhra Pradesh
Nellore,2019-07-28,77.7,Andhra Pradesh
Nellore,2019-07-29,77.54,Andhra Pradesh
Nellore,2019-07-30,77.41,Andhra Pradesh
Nellore,2019-08-01,77.35,Andhra Pradesh
Nellore,2019-08-02,77.18,Andhra Pradesh
Nellore,2019-08-03,77.11,Andhra Pradesh
Nellore,2019-08-04,77.07,Andhra Pradesh
Nellore,2019-08-05,76.91,Andhra Pradesh
Nellore,2019-08-06,76.82,Andhra Pradesh
Nellore,2019-08-08,76.77,Andhra Pradesh
Nellore,2019-08-09,76.62,Andhra Pradesh
Nellore,2019-08-11,76.52,Andhra Pradesh
Nellore,2019-08-18,76.44,Andhra Pradesh
Nellore,2019-08-19,76.37,Andhra Pradesh
Nellore,2019-08-24,76.45,Andhra Pradesh
Nellore,2019-08-25,76.52,Andhra Pradesh
Nellore,2019-08-26,76.61,Andhra Pradesh
Nellore,2019-08-27,76.61,Andhra Pradesh
Nellore,2019-08-29,76.54,Andhra Pradesh
Nellore,2019-09-05,76.52,Andhra Pradesh
Nellore,2019-09-06,76.42,Andhra Pradesh
Nellore,2019-09-07,76.33,Andhra Pradesh
Nellore,2019-09-08,76.27,Andhra Pradesh
Nellore,2019-09-10,76.32,Andhra Pradesh
Nellore,2019-09-12,76.38,Andhra Pradesh
Nellore,2019-09-13,76.45,Andhra Pradesh
Nellore,2019-09-14,76.54,Andhra Pradesh
Nellore,2019-09-15,76.6,Andhra Pradesh
Nellore,2019-09-17,76.74,Andhra Pradesh
Nellore,2019-09-18,77.0,Andhra Pradesh
Nellore,2019-09-19,77.3,Andhra Pradesh
Nellore,2019-09-20,77.66,Andhra Pradesh
Nellore,2019-09-21,77.96,Andhra Pradesh
Nellore,2019-09-22,78.23,Andhra Pradesh
Nellore,2019-09-23,78.53,Andhra Pradesh
Nellore,2019-09-24,78.76,Andhra Pradesh
Nellore,2019-09-26,78.82,Andhra Pradesh
Nellore,2019-09-27,78.98,Andhra Pradesh
Nellore,2019-09-30,79.06,Andhra Pradesh
Nellore,2019-10-01,79.29,Andhra Pradesh
Nellore,2019-10-03,79.18,Andhra Pradesh
Nellore,2019-10-04,79.0,Andhra Pradesh
Nellore,2019-10-05,78.7,Andhra Pradesh
Nellore,2019-10-07,78.41,Andhra Pradesh
Nellore,2019-10-08,78.24,Andhra Pradesh
Nellore,2019-10-10,78.19,Andhra Pradesh
Nellore,2019-10-11,78.06,Andhra Pradesh
Nellore,2019-10-12,77.96,Andhra Pradesh
Nellore,2019-10-15,77.91,Andhra Pradesh
Nellore,2019-10-22,77.86,Andhra Pradesh
Nellore,2019-10-24,77.8,Andhra Pradesh
Nellore,2019-10-25,77.69,Andhra Pradesh
Nellore,2019-10-26,77.61,Andhra Pradesh
Nellore,2019-10-29,77.55,Andhra Pradesh
Nellore,2019-11-01,77.42,Andhra Pradesh
Nellore,2019-11-02,77.34,Andhra Pradesh
Nellore,2019-11-03,77.29,Andhra Pradesh
Nellore,2019-11-04,77.21,Andhra Pradesh
Nellore,2019-11-05,77.15,Andhra Pradesh
Nellore,2019-11-08,77.26,Andhra Pradesh
Nellore,2019-11-09,77.41,Andhra Pradesh
Nellore,2019-11-10,77.62,Andhra Pradesh
Nellore,2019-11-11,77.77,Andhra Pradesh
Nellore,2019-11-13,77.87,Andhra Pradesh
Nellore,2019-11-14,78.03,Andhra Pradesh
Nellore,2019-11-15,78.21,Andhra Pradesh
Nellore,2019-11-16,78.36,Andhra Pradesh
Nellore,2019-11-17,78.48,Andhra Pradesh
Nellore,2019-11-18,78.65,Andhra Pradesh
Nellore,2019-11-19,78.8,Andhra Pradesh
Nellore,2019-11-22,78.96,Andhra Pradesh
Nellore,2019-11-23,79.05,Andhra Pradesh
Nellore,2019-11-24,79.15,Andhra Pradesh
Nellore,2019-11-25,79.27,Andhra Pradesh
Nellore,2019-11-26,79.38,Andhra Pradesh
Nellore,2019-11-29,79.43,Andhra Pradesh
Nellore,2019-11-30,79.483,Andhra Pradesh
Nellore,2019-12-01,79.6,Andhra Pradesh
Nellore,2019-12-07,79.51,Andhra Pradesh
Nellore,2019-12-08,79.6,Andhra Pradesh
Nellore,2019-12-09,79.65,Andhra Pradesh
Nellore,2019-12-10,79.66,Andhra Pradesh
Nellore,2019-12-12,79.61,Andhra Pradesh
Nellore,2019-12-13,79.55,Andhra Pradesh
Nellore,2019-12-14,79.5,Andhra Pradesh
Nellore,2019-12-15,79.4,Andhra Pradesh
Nellore,2019-12-16,79.34,Andhra Pradesh
Nellore,2019-12-17,79.29,Andhra Pradesh
Nellore,2019-12-19,79.28,Andhra Pradesh
Nellore,2019-12-26,79.33,Andhra Pradesh
Nellore,2019-12-27,79.4,Andhra Pradesh
Nellore,2019-12-29,79.54,Andhra Pradesh
Nellore,2019-12-30,79.7,Andhra Pradesh
Nellore,2019-12-31,79.81,Andhra Pradesh
Nellore,2020-01-02,79.94,Andhra Pradesh
Nellore,2020-01-03,80.04,Andhra Pradesh
Nellore,2020-01-04,80.14,Andhra Pradesh
Nellore,2020-01-05,80.24,Andhra Pradesh
Nellore,2020-01-06,80.39,Andhra Pradesh
Nellore,2020-01-07,80.54,Andhra Pradesh
Nellore,2020-01-08,80.44,Andhra Pradesh
Nellore,2020-01-09,80.52,Andhra Pradesh
Nellore,2020-01-10,80.67,Andhra Pradesh
Nellore,2020-01-11,80.72,Andhra Pradesh
Nellore,2020-01-12,80.62,Andhra Pradesh
Nellore,2020-01-13,80.51,Andhra Pradesh
Nellore,2020-01-14,80.41,Andhra Pradesh
Nellore,2020-01-16,80.25,Andhra Pradesh
Nellore,2020-01-17,80.11,Andhra Pradesh
Nellore,2020-01-18,79.95,Andhra Pradesh
Nellore,2020-01-19,79.78,Andhra Pradesh
Nellore,2020-01-20,79.66,Andhra Pradesh
Nellore,2020-01-21,79.5,Andhra Pradesh
Nellore,2020-01-22,79.5,Andhra Pradesh
Nellore,2020-01-23,79.32,Andhra Pradesh
Nellore,2020-01-24,79.1,Andhra Pradesh
Nellore,2020-01-25,78.85,Andhra Pradesh
Nellore,2020-01-26,78.55,Andhra Pradesh
Nellore,2020-01-27,78.36,Andhra Pradesh
Nellore,2020-01-28,78.24,Andhra Pradesh
Nellore,2020-01-29,78.24,Andhra Pradesh
Nellore,2020-01-30,78.0,Andhra Pradesh
Nellore,2020-01-31,78.23,Andhra Pradesh
Nellore,2020-02-01,78.09,Andhra Pradesh
Nellore,2020-02-02,77.99,Andhra Pradesh
Nellore,2020-02-03,77.93,Andhra Pradesh
Nellore,2020-02-04,77.88,Andhra Pradesh
Nellore,2020-02-05,77.88,Andhra Pradesh
Nellore,2020-02-06,77.77,Andhra Pradesh
Nellore,2020-02-07,77.55,Andhra Pradesh
Nellore,2020-02-08,77.3,Andhra Pradesh
Nellore,2020-02-09,77.07,Andhra Pradesh
Nellore,2020-02-10,76.87,Andhra Pradesh
Nellore,2020-02-11,76.7,Andhra Pradesh
Nellore,2020-02-12,76.7,Andhra Pradesh
Nellore,2020-02-13,76.7,Andhra Pradesh
Nellore,2020-02-14,76.7,Andhra Pradesh
Nellore,2020-02-15,76.7,Andhra Pradesh
Nellore,2020-02-17,76.7,Andhra Pradesh
Nellore,2020-02-18,76.65,Andhra Pradesh
Nellore,2020-02-19,76.65,Andhra Pradesh
Nellore,2020-02-20,76.65,Andhra Pradesh
Nellore,2020-02-21,76.65,Andhra Pradesh
Nellore,2020-02-24,76.78,Andhra Pradesh
Nellore,2020-02-25,76.78,Andhra Pradesh
Nellore,2020-02-26,76.78,Andhra Pradesh
Nellore,2020-02-27,76.72,Andhra Pradesh
Nellore,2020-02-28,76.72,Andhra Pradesh
Nellore,2020-02-29,76.65,Andhra Pradesh
Nellore,2020-03-01,76.99,Andhra Pradesh
Nellore,2020-03-02,76.76,Andhra Pradesh
Nellore,2020-03-03,76.71,Andhra Pradesh
Nellore,2020-03-04,76.71,Andhra Pradesh
Nellore,2020-03-05,76.56,Andhra Pradesh
Nellore,2020-03-06,76.4,Andhra Pradesh
Nellore,2020-03-07,76.28,Andhra Pradesh
Nellore,2020-03-08,76.08,Andhra Pradesh
Nellore,2020-03-09,75.84,Andhra Pradesh
Nellore,2020-03-10,75.54,Andhra Pradesh
Nellore,2020-03-11,75.54,Andhra Pradesh
Nellore,2020-03-12,75.37,Andhra Pradesh
Nellore,2020-03-13,75.23,Andhra Pradesh
Nellore,2020-03-14,75.1,Andhra Pradesh
Nellore,2020-03-15,74.97,Andhra Pradesh
Nellore,2020-03-16,74.81,Andhra Pradesh
Nellore,2020-03-17,74.81,Andhra Pradesh
Nellore,2020-03-18,74.81,Andhra Pradesh
Nellore,2020-03-19,74.81,Andhra Pradesh
Nellore,2020-03-20,74.81,Andhra Pradesh
Nellore,2020-03-21,74.81,Andhra Pradesh
Nellore,2020-03-22,74.81,Andhra Pradesh
Nellore,2020-03-23,74.81,Andhra Pradesh
Nellore,2020-03-24,74.81,Andhra Pradesh
Nellore,2020-03-25,74.81,Andhra Pradesh
Nellore,2020-03-26,74.81,Andhra Pradesh
Nellore,2020-03-27,74.81,Andhra Pradesh
Nellore,2020-03-28,74.81,Andhra Pradesh
Nellore,2020-03-29,74.81,Andhra Pradesh
Nellore,2020-03-30,74.81,Andhra Pradesh
Nellore,2020-03-31,74.81,Andhra Pradesh
Nellore,2020-04-01,74.81,Andhra Pradesh
Nellore,2020-04-02,74.81,Andhra Pradesh
Nellore,2020-04-03,74.81,Andhra Pradesh
Nellore,2020-04-04,74.81,Andhra Pradesh
Nellore,2020-04-05,74.81,Andhra Pradesh
Nellore,2020-04-06,74.81,Andhra Pradesh
Nellore,2020-04-07,74.81,Andhra Pradesh
Nellore,2020-04-08,74.81,Andhra Pradesh
Nellore,2020-04-09,74.81,Andhra Pradesh
Nellore,2020-04-10,74.81,Andhra Pradesh
Nellore,2020-04-11,74.81,Andhra Pradesh
Nellore,2020-04-12,74.81,Andhra Pradesh
Nellore,2020-04-13,74.81,Andhra Pradesh
Nellore,2020-04-14,74.81,Andhra Pradesh
Nellore,2020-04-15,74.81,Andhra Pradesh
Nellore,2020-04-16,74.81,Andhra Pradesh
Nellore,2020-04-17,74.81,Andhra Pradesh
Nellore,2020-04-18,74.81,Andhra Pradesh
Nellore,2020-04-20,74.81,Andhra Pradesh
Nellore,2020-04-21,74.81,Andhra Pradesh
Nellore,2020-04-22,74.81,Andhra Pradesh
Nellore,2020-04-23,74.81,Andhra Pradesh
Nellore,2020-04-24,74.81,Andhra Pradesh
Nellore,2020-04-25,74.81,Andhra Pradesh
Nellore,2020-04-26,74.81,Andhra Pradesh
Nellore,2020-04-27,74.81,Andhra Pradesh
Nellore,2020-04-28,74.81,Andhra Pradesh
Nellore,2020-04-29,74.81,Andhra Pradesh
Nellore,2020-04-30,74.81,Andhra Pradesh
Nellore,2020-05-01,74.81,Andhra Pradesh
Nellore,2020-05-02,74.81,Andhra Pradesh
Nellore,2020-05-03,74.81,Andhra Pradesh
Nellore,2020-05-04,74.81,Andhra Pradesh
Nellore,2020-05-05,74.81,Andhra Pradesh
Nellore,2020-05-06,74.81,Andhra Pradesh
Nellore,2020-05-07,74.81,Andhra Pradesh
Nellore,2020-05-08,74.81,Andhra Pradesh
Nellore,2020-05-09,74.81,Andhra Pradesh
Nellore,2020-05-10,74.81,Andhra Pradesh
Nellore,2020-05-11,74.81,Andhra Pradesh
Nellore,2020-05-12,74.81,Andhra Pradesh
Nellore,2020-05-13,74.81,Andhra Pradesh
Nellore,2020-05-14,74.81,Andhra Pradesh
Nellore,2020-05-15,74.81,Andhra Pradesh
Nellore,2020-05-16,74.81,Andhra Pradesh
Nellore,2020-05-17,74.81,Andhra Pradesh
Nellore,2020-05-18,74.81,Andhra Pradesh
Nellore,2020-05-19,74.81,Andhra Pradesh
Nellore,2020-05-20,74.81,Andhra Pradesh
Nellore,2020-05-21,74.81,Andhra Pradesh
Nellore,2020-05-22,74.81,Andhra Pradesh
Nellore,2020-05-23,74.81,Andhra Pradesh
Nellore,2020-05-24,74.81,Andhra Pradesh
Nellore,2020-05-25,74.81,Andhra Pradesh
Nellore,2020-05-26,74.81,Andhra Pradesh
Nellore,2020-05-27,74.81,Andhra Pradesh
Nellore,2020-05-28,74.81,Andhra Pradesh
Nellore,2020-05-29,74.81,Andhra Pradesh
Nellore,2020-05-30,74.81,Andhra Pradesh
Nellore,2020-05-31,74.81,Andhra Pradesh
Nellore,2020-06-01,74.81,Andhra Pradesh
Nellore,2020-06-02,74.81,Andhra Pradesh
Nellore,2020-06-03,74.81,Andhra Pradesh
Nellore,2020-06-04,74.81,Andhra Pradesh
Nellore,2020-06-05,74.81,Andhra Pradesh
Nellore,2020-06-06,74.81,Andhra Pradesh
Nellore,2020-06-07,75.41,Andhra Pradesh
Nellore,2020-06-08,76.01,Andhra Pradesh
Nellore,2020-06-09,76.55,Andhra Pradesh
Nellore,2020-06-10,76.95,Andhra Pradesh
Nellore,2020-06-11,77.55,Andhra Pradesh
Nellore,2020-06-12,78.15,Andhra Pradesh
Nellore,2020-06-13,78.75,Andhra Pradesh
Nellore,2020-06-14,79.35,Andhra Pradesh
Nellore,2020-06-15,79.82,Andhra Pradesh
Nellore,2020-06-16,80.3,Andhra Pradesh
Nellore,2020-06-17,80.85,Andhra Pradesh
Nellore,2020-06-18,81.38,Andhra Pradesh
Nellore,2020-06-19,81.95,Andhra Pradesh
Nellore,2020-06-20,82.46,Andhra Pradesh
Nellore,2020-06-21,82.81,Andhra Pradesh
Nellore,2020-06-22,83.14,Andhra Pradesh
Nellore,2020-06-23,83.34,Andhra Pradesh
Nellore,2020-06-24,83.34,Andhra Pradesh
Nellore,2020-06-25,83.5,Andhra Pradesh
Nellore,2020-06-26,83.71,Andhra Pradesh
Nellore,2020-06-27,83.96,Andhra Pradesh
Nellore,2020-06-28,83.96,Andhra Pradesh
Nellore,2020-06-29,84.01,Andhra Pradesh
Nellore,2020-06-30,84.01,Andhra Pradesh
Nellore,2020-07-01,84.01,Andhra Pradesh
Nellore,2020-07-02,84.01,Andhra Pradesh
Nellore,2020-07-03,84.01,Andhra Pradesh
Nellore,2020-07-04,84.01,Andhra Pradesh
Nellore,2020-07-05,84.01,Andhra Pradesh
Nellore,2020-07-06,84.01,Andhra Pradesh
Nellore,2020-07-07,84.01,Andhra Pradesh
Nellore,2020-07-08,84.01,Andhra Pradesh
Nellore,2020-07-09,84.01,Andhra Pradesh
Nellore,2020-07-10,84.01,Andhra Pradesh
Nellore,2020-07-11,84.01,Andhra Pradesh
Nellore,2020-07-12,84.01,Andhra Pradesh
Nellore,2020-07-13,84.01,Andhra Pradesh
Nellore,2020-07-15,84.01,Andhra Pradesh
Nellore,2020-07-16,84.01,Andhra Pradesh
Nellore,2020-07-17,84.01,Andhra Pradesh
Nellore,2020-07-18,84.01,Andhra Pradesh
Nellore,2020-07-19,84.01,Andhra Pradesh
Nellore,2020-07-20,84.01,Andhra Pradesh
Nellore,2020-07-21,84.01,Andhra Pradesh
Nellore,2020-07-22,84.01,Andhra Pradesh
Nellore,2020-07-23,84.01,Andhra Pradesh
Nellore,2020-07-24,84.01,Andhra Pradesh
Nellore,2020-07-25,85.26,Andhra Pradesh
Nellore,2020-07-26,85.26,Andhra Pradesh
Nellore,2020-07-27,85.26,Andhra Pradesh
Nellore,2020-07-28,85.26,Andhra Pradesh
Nellore,2020-07-29,85.26,Andhra Pradesh
Nellore,2020-07-30,85.26,Andhra Pradesh
Nellore,2020-07-31,85.26,Andhra Pradesh
Nellore,2020-08-01,85.26,Andhra Pradesh
Nellore,2020-08-02,85.26,Andhra Pradesh
Nellore,2020-08-03,85.26,Andhra Pradesh
Nellore,2020-08-04,85.26,Andhra Pradesh
Nellore,2020-08-05,85.26,Andhra Pradesh
Nellore,2020-08-06,85.26,Andhra Pradesh
Nellore,2020-08-07,85.26,Andhra Pradesh
Nellore,2020-08-08,85.26,Andhra Pradesh
Nellore,2020-08-09,85.26,Andhra Pradesh
Nellore,2020-08-10,85.26,Andhra Pradesh
Nellore,2020-08-11,85.26,Andhra Pradesh
Nellore,2020-08-12,85.26,Andhra Pradesh
Nellore,2020-08-13,85.26,Andhra Pradesh
Nellore,2020-08-14,85.26,Andhra Pradesh
Nellore,2020-08-15,85.26,Andhra Pradesh
Nellore,2020-08-16,85.57,Andhra Pradesh
Nellore,2020-08-17,85.73,Andhra Pradesh
Nellore,2020-08-18,85.89,Andhra Pradesh
Nellore,2020-08-19,85.89,Andhra Pradesh
Nellore,2020-08-20,85.99,Andhra Pradesh
Nellore,2020-08-21,86.19,Andhra Pradesh
Nellore,2020-08-22,86.35,Andhra Pradesh
Nellore,2020-08-23,86.49,Andhra Pradesh
Nellore,2020-08-24,86.62,Andhra Pradesh
Nellore,2020-08-25,86.73,Andhra Pradesh
Nellore,2020-08-26,86.73,Andhra Pradesh
Nellore,2020-08-27,86.83,Andhra Pradesh
Nellore,2020-08-28,86.93,Andhra Pradesh
Nellore,2020-08-29,86.93,Andhra Pradesh
Nellore,2020-08-30,87.03,Andhra Pradesh
Nellore,2020-08-31,87.03,Andhra Pradesh
Nellore,2020-09-01,87.08,Andhra Pradesh
Nellore,2020-09-02,87.08,Andhra Pradesh
Nellore,2020-09-03,87.08,Andhra Pradesh
Nellore,2020-09-04,87.08,Andhra Pradesh
Nellore,2020-09-05,87.08,Andhra Pradesh
Nellore,2020-09-06,87.08,Andhra Pradesh
Nellore,2020-09-07,87.08,Andhra Pradesh
Nellore,2020-09-08,87.08,Andhra Pradesh
Nellore,2020-09-09,87.08,Andhra Pradesh
Nellore,2020-09-10,86.99,Andhra Pradesh
Nellore,2020-09-11,86.99,Andhra Pradesh
Nellore,2020-09-12,86.86,Andhra Pradesh
Nellore,2020-09-13,86.86,Andhra Pradesh
Nellore,2020-09-14,86.72,Andhra Pradesh
Nellore,2020-09-15,86.55,Andhra Pradesh
Nellore,2020-09-16,86.55,Andhra Pradesh
Nellore,2020-09-17,86.4,Andhra Pradesh
Nellore,2020-09-18,86.14,Andhra Pradesh
Nellore,2020-09-19,87.46,Andhra Pradesh
Nellore,2020-09-20,87.46,Andhra Pradesh
Nellore,2020-09-21,87.46,Andhra Pradesh
Nellore,2020-09-22,87.38,Andhra Pradesh
Nellore,2020-09-23,87.38,Andhra Pradesh
Nellore,2020-09-24,87.38,Andhra Pradesh
Nellore,2020-09-25,87.38,Andhra Pradesh
Nellore,2020-09-26,87.38,Andhra Pradesh
Nellore,2020-09-27,87.38,Andhra Pradesh
Nellore,2020-09-28,87.38,Andhra Pradesh
Nellore,2020-09-29,87.38,Andhra Pradesh
Nellore,2020-09-30,87.38,Andhra Pradesh
Nellore,2020-10-01,87.38,Andhra Pradesh
Nellore,2020-10-02,87.38,Andhra Pradesh
Nellore,2020-10-03,87.38,Andhra Pradesh
Nellore,2020-10-04,87.38,Andhra Pradesh
Nellore,2020-10-05,87.38,Andhra Pradesh
Nellore,2020-10-06,87.38,Andhra Pradesh
Nellore,2020-10-07,87.38,Andhra Pradesh
Nellore,2020-10-08,87.38,Andhra Pradesh
Nellore,2020-10-09,87.38,Andhra Pradesh
Nellore,2020-10-10,87.38,Andhra Pradesh
Nellore,2020-10-11,87.38,Andhra Pradesh
Nellore,2020-10-12,87.38,Andhra Pradesh
Nellore,2020-10-13,87.38,Andhra Pradesh
Nellore,2020-10-14,87.38,Andhra Pradesh
Nellore,2020-10-15,87.38,Andhra Pradesh
Nellore,2020-10-16,87.38,Andhra Pradesh
Nellore,2020-10-17,87.38,Andhra Pradesh
Nellore,2020-10-18,87.38,Andhra Pradesh
Nellore,2020-10-19,87.38,Andhra Pradesh
Nellore,2020-10-20,87.38,Andhra Pradesh
Nellore,2020-10-21,87.38,Andhra Pradesh
Nellore,2020-10-22,87.38,Andhra Pradesh
Nellore,2020-10-23,87.38,Andhra Pradesh
Nellore,2020-10-24,87.38,Andhra Pradesh
Nellore,2020-10-25,87.38,Andhra Pradesh
Nellore,2020-10-26,87.38,Andhra Pradesh
Nellore,2020-10-27,87.38,Andhra Pradesh
Nellore,2020-10-28,87.38,Andhra Pradesh
Nellore,2020-10-29,87.38,Andhra Pradesh
Nellore,2020-10-30,87.38,Andhra Pradesh
Nellore,2020-10-31,87.38,Andhra Pradesh
Nellore,2020-11-01,87.38,Andhra Pradesh
Nellore,2020-11-02,87.38,Andhra Pradesh
Nellore,2020-11-03,87.38,Andhra Pradesh
Nellore,2020-11-04,87.38,Andhra Pradesh
Nellore,2020-11-05,87.38,Andhra Pradesh
Nellore,2020-11-06,87.38,Andhra Pradesh
Nellore,2020-11-07,87.38,Andhra Pradesh
Nellore,2020-11-08,87.38,Andhra Pradesh
Nellore,2020-11-09,87.38,Andhra Pradesh
Nellore,2020-11-10,87.38,Andhra Pradesh
Nellore,2020-11-11,87.38,Andhra Pradesh
Nellore,2020-11-12,87.38,Andhra Pradesh
Nellore,2020-11-13,87.38,Andhra Pradesh
Nellore,2020-11-14,87.38,Andhra Pradesh
Nellore,2020-11-15,87.38,Andhra Pradesh
Nellore,2020-11-16,87.38,Andhra Pradesh
Nellore,2020-11-17,87.38,Andhra Pradesh
Nellore,2020-11-18,87.38,Andhra Pradesh
Nellore,2020-11-19,87.38,Andhra Pradesh
Nellore,2020-11-20,87.65,Andhra Pradesh
Nellore,2020-11-21,87.78,Andhra Pradesh
Nellore,2020-11-22,87.83,Andhra Pradesh
Nellore,2020-11-23,87.9,Andhra Pradesh
Nellore,2020-11-24,87.96,Andhra Pradesh
Nellore,2020-11-25,87.96,Andhra Pradesh
Nellore,2020-11-26,88.07,Andhra Pradesh
Nellore,2020-11-27,88.27,Andhra Pradesh
Nellore,2020-11-28,88.51,Andhra Pradesh
Nellore,2020-11-29,88.72,Andhra Pradesh
Nellore,2020-11-30,88.72,Andhra Pradesh
Nellore,2020-12-01,88.72,Andhra Pradesh
Nellore,2020-12-02,88.87,Andhra Pradesh
Nellore,2020-12-03,89.04,Andhra Pradesh
Nellore,2020-12-04,89.24,Andhra Pradesh
Nellore,2020-12-05,89.51,Andhra Pradesh
Nellore,2020-12-06,89.79,Andhra Pradesh
Nellore,2020-12-07,90.09,Andhra Pradesh
Nellore,2020-12-08,90.09,Andhra Pradesh
Nellore,2020-12-09,90.09,Andhra Pradesh
Nellore,2020-12-10,90.09,Andhra Pradesh
Nellore,2020-12-11,90.09,Andhra Pradesh
Nellore,2020-12-12,90.09,Andhra Pradesh
Nellore,2020-12-13,90.09,Andhra Pradesh
Nellore,2020-12-14,90.09,Andhra Pradesh
Nellore,2020-12-15,90.09,Andhra Pradesh
Nellore,2020-12-16,90.09,Andhra Pradesh
Nellore,2020-12-17,90.09,Andhra Pradesh
Nellore,2020-12-18,90.09,Andhra Pradesh
Nellore,2020-12-19,90.09,Andhra Pradesh
Nellore,2020-12-20,90.09,Andhra Pradesh
Nellore,2020-12-21,90.09,Andhra Pradesh
Nellore,2020-12-22,90.09,Andhra Pradesh
Nellore,2020-12-23,90.09,Andhra Pradesh
Nellore,2020-12-24,90.09,Andhra Pradesh
Nellore,2020-12-25,90.09,Andhra Pradesh
Nellore,2020-12-26,90.09,Andhra Pradesh
Nellore,2020-12-27,90.09,Andhra Pradesh
Nellore,2020-12-28,90.09,Andhra Pradesh
Nellore,2020-12-29,90.09,Andhra Pradesh
Nellore,2020-12-30,90.09,Andhra Pradesh
Nellore,2020-12-31,90.09,Andhra Pradesh
Nellore,2021-01-01,90.09,Andhra Pradesh
Nellore,2021-01-02,90.09,Andhra Pradesh
Nellore,2021-01-03,90.09,Andhra Pradesh
Nellore,2021-01-04,90.09,Andhra Pradesh
Nellore,2021-01-05,90.09,Andhra Pradesh
Nellore,2021-01-06,90.38,Andhra Pradesh
Nellore,2021-01-07,90.63,Andhra Pradesh
Nellore,2021-01-08,90.63,Andhra Pradesh
Nellore,2021-01-09,90.63,Andhra Pradesh
Nellore,2021-01-10,90.63,Andhra Pradesh
Nellore,2021-01-11,90.63,Andhra Pradesh
Nellore,2021-01-12,90.63,Andhra Pradesh
Nellore,2021-01-13,90.88,Andhra Pradesh
Nellore,2021-01-14,91.13,Andhra Pradesh
Nellore,2021-01-15,91.13,Andhra Pradesh
Nellore,2021-01-16,91.13,Andhra Pradesh
Nellore,2021-01-17,91.13,Andhra Pradesh
Nellore,2021-01-18,91.38,Andhra Pradesh
Nellore,2021-01-19,91.63,Andhra Pradesh
Nellore,2021-01-20,91.63,Andhra Pradesh
Nellore,2021-01-21,91.63,Andhra Pradesh
Nellore,2021-01-22,91.88,Andhra Pradesh
Nellore,2021-01-23,92.13,Andhra Pradesh
Nellore,2021-01-24,92.13,Andhra Pradesh
Nellore,2021-01-25,92.13,Andhra Pradesh
Nellore,2021-01-26,92.49,Andhra Pradesh
Nellore,2021-01-27,92.74,Andhra Pradesh
Nellore,2021-01-28,92.74,Andhra Pradesh
Nellore,2021-01-29,92.74,Andhra Pradesh
Nellore,2021-01-30,92.74,Andhra Pradesh
Nellore,2021-01-31,92.74,Andhra Pradesh
Nellore,2021-02-01,92.74,Andhra Pradesh
Nellore,2021-02-02,92.74,Andhra Pradesh
Nellore,2021-02-03,92.74,Andhra Pradesh
Nellore,2021-02-04,92.97,Andhra Pradesh
Nellore,2021-02-05,93.27,Andhra Pradesh
Nellore,2021-02-06,93.27,Andhra Pradesh
Nellore,2021-02-07,93.27,Andhra Pradesh
Nellore,2021-02-08,93.27,Andhra Pradesh
Nellore,2021-02-09,93.62,Andhra Pradesh
Nellore,2021-02-10,93.92,Andhra Pradesh
Nellore,2021-02-11,94.17,Andhra Pradesh
Nellore,2021-02-12,94.46,Andhra Pradesh
Nellore,2021-02-13,94.77,Andhra Pradesh
Nellore,2021-02-14,95.06,Andhra Pradesh
Nellore,2021-02-15,95.32,Andhra Pradesh
Nellore,2021-02-16,95.62,Andhra Pradesh
Nellore,2021-02-17,95.87,Andhra Pradesh
Nellore,2021-02-18,96.21,Andhra Pradesh
Nellore,2021-02-19,96.52,Andhra Pradesh
Nellore,2021-02-20,96.92,Andhra Pradesh
Nellore,2021-02-21,96.92,Andhra Pradesh
Nellore,2021-02-22,96.92,Andhra Pradesh
Nellore,2021-02-23,97.27,Andhra Pradesh
Nellore,2021-02-24,97.27,Andhra Pradesh
Nellore,2021-02-25,97.27,Andhra Pradesh
Nellore,2021-02-26,97.27,Andhra Pradesh
Nellore,2021-02-27,97.51,Andhra Pradesh
Nellore,2021-02-28,97.51,Andhra Pradesh
Nellore,2021-03-01,97.51,Andhra Pradesh
