city,date,rate,district
Hyderabad,2012-05-24,81.44,Andhra Pradesh
Hyderabad,2012-06-03,78.11,Andhra Pradesh
Hyderabad,2012-06-29,74.89,Andhra Pradesh
Hyderabad,2012-07-24,75.8,Andhra Pradesh
Hyderabad,2012-07-25,75.42,Andhra Pradesh
Hyderabad,2012-10-09,74.68,Andhra Pradesh
Hyderabad,2012-10-27,74.98,Andhra Pradesh
Hyderabad,2012-11-16,73.73,Andhra Pradesh
Hyderabad,2013-01-18,73.41,Andhra Pradesh
Hyderabad,2013-02-16,75.37,Andhra Pradesh
Hyderabad,2013-03-02,77.21,Andhra Pradesh
Hyderabad,2013-03-16,74.59,Andhra Pradesh
Hyderabad,2013-04-02,73.44,Andhra Pradesh
Hyderabad,2013-04-16,72.14,Andhra Pradesh
Hyderabad,2013-05-01,68.86,Andhra Pradesh
Hyderabad,2013-06-01,69.84,Andhra Pradesh
Hyderabad,2013-06-16,72.46,Andhra Pradesh
Hyderabad,2013-06-29,74.9,Andhra Pradesh
Hyderabad,2013-07-15,76.94,Andhra Pradesh
Hyderabad,2013-08-01,77.85,Andhra Pradesh
Hyderabad,2013-09-01,80.93,Andhra Pradesh
Hyderabad,2013-09-14,83.07,Andhra Pradesh
Hyderabad,2013-10-01,79.08,Andhra Pradesh
Hyderabad,2013-11-01,77.57,Andhra Pradesh
Hyderabad,2013-12-21,78.1,Andhra Pradesh
Hyderabad,2014-01-04,79.11,Andhra Pradesh
Hyderabad,2014-03-01,79.9,Andhra Pradesh
Hyderabad,2014-04-01,78.92,Andhra Pradesh
Hyderabad,2014-04-16,78.0,Andhra Pradesh
Hyderabad,2014-06-07,78.11,Andhra Pradesh
Hyderabad,2014-06-25,78.17,Andhra Pradesh
Hyderabad,2014-07-01,80.41,Andhra Pradesh
Hyderabad,2014-08-01,79.22,Andhra Pradesh
Hyderabad,2014-08-15,76.84,Andhra Pradesh
Hyderabad,2014-08-31,74.86,Andhra Pradesh
Hyderabad,2014-10-01,74.15,Andhra Pradesh
Hyderabad,2014-10-15,72.83,Andhra Pradesh
Hyderabad,2014-11-01,70.19,Andhra Pradesh
Hyderabad,2014-12-01,69.19,Andhra Pradesh
Hyderabad,2014-12-16,67.02,Andhra Pradesh
Hyderabad,2015-01-17,64.37,Andhra Pradesh
Hyderabad,2015-02-01,66.38,Andhra Pradesh
Hyderabad,2015-02-04,63.81,Andhra Pradesh
Hyderabad,2015-02-06,63.73,Andhra Pradesh
Hyderabad,2015-02-16,64.65,Andhra Pradesh
Hyderabad,2015-03-01,68.23,Andhra Pradesh
Hyderabad,2015-04-02,67.69,Andhra Pradesh
Hyderabad,2015-04-15,66.79,Andhra Pradesh
Hyderabad,2015-05-01,71.21,Andhra Pradesh
Hyderabad,2015-05-16,74.73,Andhra Pradesh
Hyderabad,2015-06-16,75.45,Andhra Pradesh
Hyderabad,2015-07-01,75.11,Andhra Pradesh
Hyderabad,2015-07-15,72.52,Andhra Pradesh
Hyderabad,2015-08-01,69.82,Andhra Pradesh
Hyderabad,2015-08-15,68.45,Andhra Pradesh
Hyderabad,2015-09-01,66.29,Andhra Pradesh
Hyderabad,2015-11-01,65.76,Andhra Pradesh
Hyderabad,2015-11-16,66.07,Andhra Pradesh
Hyderabad,2015-12-01,65.47,Andhra Pradesh
Hyderabad,2015-12-16,64.92,Andhra Pradesh
Hyderabad,2016-01-01,64.24,Andhra Pradesh
Hyderabad,2016-01-16,63.9,Andhra Pradesh
Hyderabad,2016-02-01,63.85,Andhra Pradesh
Hyderabad,2016-02-17,63.84,Andhra Pradesh
Hyderabad,2016-03-09,60.63,Andhra Pradesh
Hyderabad,2016-03-17,63.9,Andhra Pradesh
Hyderabad,2016-04-05,66.22,Andhra Pradesh
Hyderabad,2016-04-16,65.18,Andhra Pradesh
Hyderabad,2016-05-01,66.29,Andhra Pradesh
Hyderabad,2016-05-17,67.17,Andhra Pradesh
Hyderabad,2016-06-01,69.91,Andhra Pradesh
Hyderabad,2016-06-16,69.96,Andhra Pradesh
Hyderabad,2016-07-01,69.06,Andhra Pradesh
Hyderabad,2016-07-15,66.67,Andhra Pradesh
Hyderabad,2016-08-01,65.22,Andhra Pradesh
Hyderabad,2016-08-15,64.16,Andhra Pradesh
Hyderabad,2016-09-01,67.75,Andhra Pradesh
Hyderabad,2016-09-15,68.56,Andhra Pradesh
Hyderabad,2016-10-01,68.95,Andhra Pradesh
Hyderabad,2016-10-05,69.07,Andhra Pradesh
Hyderabad,2016-10-15,70.91,Andhra Pradesh
Hyderabad,2016-11-06,72.25,Andhra Pradesh
Hyderabad,2016-11-16,70.4,Andhra Pradesh
Hyderabad,2016-12-01,70.58,Andhra Pradesh
Hyderabad,2016-12-17,73.61,Andhra Pradesh
Hyderabad,2017-01-01,75.37,Andhra Pradesh
Hyderabad,2017-01-16,75.94,Andhra Pradesh
Hyderabad,2017-04-01,70.81,Andhra Pradesh
Hyderabad,2017-04-16,72.7,Andhra Pradesh
Hyderabad,2017-05-01,72.72,Andhra Pradesh
Hyderabad,2017-05-16,69.8,Andhra Pradesh
Hyderabad,2017-06-01,71.49,Andhra Pradesh
Hyderabad,2017-06-16,69.61,Andhra Pradesh
Hyderabad,2017-06-19,68.73,Andhra Pradesh
Hyderabad,2017-06-20,68.57,Andhra Pradesh
Hyderabad,2017-06-21,68.62,Andhra Pradesh
Hyderabad,2017-06-22,68.46,Andhra Pradesh
Hyderabad,2017-06-23,68.23,Andhra Pradesh
Hyderabad,2017-06-26,67.56,Andhra Pradesh
Hyderabad,2017-06-27,67.42,Andhra Pradesh
Hyderabad,2017-06-28,67.46,Andhra Pradesh
Hyderabad,2017-06-29,67.42,Andhra Pradesh
Hyderabad,2017-06-30,67.3,Andhra Pradesh
Hyderabad,2017-07-03,67.11,Andhra Pradesh
Hyderabad,2017-07-04,67.01,Andhra Pradesh
Hyderabad,2017-07-05,67.06,Andhra Pradesh
Hyderabad,2017-07-06,67.13,Andhra Pradesh
Hyderabad,2017-07-07,67.27,Andhra Pradesh
Hyderabad,2017-07-10,67.85,Andhra Pradesh
Hyderabad,2017-07-11,67.91,Andhra Pradesh
Hyderabad,2017-07-12,67.96,Andhra Pradesh
Hyderabad,2017-07-13,67.89,Andhra Pradesh
Hyderabad,2017-07-14,67.87,Andhra Pradesh
Hyderabad,2017-07-17,68.22,Andhra Pradesh
Hyderabad,2017-07-18,68.2,Andhra Pradesh
Hyderabad,2017-07-19,68.28,Andhra Pradesh
Hyderabad,2017-07-20,68.33,Andhra Pradesh
Hyderabad,2017-07-21,68.28,Andhra Pradesh
Hyderabad,2017-07-24,68.62,Andhra Pradesh
Hyderabad,2017-07-25,68.67,Andhra Pradesh
Hyderabad,2017-07-26,68.59,Andhra Pradesh
Hyderabad,2017-07-27,68.61,Andhra Pradesh
Hyderabad,2017-07-28,68.72,Andhra Pradesh
Hyderabad,2017-07-31,69.32,Andhra Pradesh
Hyderabad,2017-08-01,69.31,Andhra Pradesh
Hyderabad,2017-08-04,69.87,Andhra Pradesh
Hyderabad,2017-08-07,70.65,Andhra Pradesh
Hyderabad,2017-08-08,70.66,Andhra Pradesh
Hyderabad,2017-08-09,70.73,Andhra Pradesh
Hyderabad,2017-08-10,70.89,Andhra Pradesh
Hyderabad,2017-08-11,71.22,Andhra Pradesh
Hyderabad,2017-08-14,72.02,Andhra Pradesh
Hyderabad,2017-08-16,72.14,Andhra Pradesh
Hyderabad,2017-08-17,72.25,Andhra Pradesh
Hyderabad,2017-08-18,72.31,Andhra Pradesh
Hyderabad,2017-08-21,72.64,Andhra Pradesh
Hyderabad,2017-08-22,72.7,Andhra Pradesh
Hyderabad,2017-08-23,72.85,Andhra Pradesh
Hyderabad,2017-08-24,72.93,Andhra Pradesh
Hyderabad,2017-08-28,73.23,Andhra Pradesh
Hyderabad,2017-08-29,73.18,Andhra Pradesh
Hyderabad,2017-08-30,73.26,Andhra Pradesh
Hyderabad,2017-08-31,73.29,Andhra Pradesh
Hyderabad,2017-09-01,73.34,Andhra Pradesh
Hyderabad,2017-09-04,73.73,Andhra Pradesh
Hyderabad,2017-09-05,73.81,Andhra Pradesh
Hyderabad,2017-09-07,73.91,Andhra Pradesh
Hyderabad,2017-09-08,74.0,Andhra Pradesh
Hyderabad,2017-09-11,74.41,Andhra Pradesh
Hyderabad,2017-09-12,74.52,Andhra Pradesh
Hyderabad,2017-09-13,74.49,Andhra Pradesh
Hyderabad,2017-09-14,74.54,Andhra Pradesh
Hyderabad,2017-09-15,74.58,Andhra Pradesh
Hyderabad,2017-09-19,74.64,Andhra Pradesh
Hyderabad,2017-09-20,74.68,Andhra Pradesh
Hyderabad,2017-09-21,74.64,Andhra Pradesh
Hyderabad,2017-09-22,74.62,Andhra Pradesh
Hyderabad,2017-09-25,74.53,Andhra Pradesh
Hyderabad,2017-09-26,74.56,Andhra Pradesh
Hyderabad,2017-09-27,74.53,Andhra Pradesh
Hyderabad,2017-09-28,74.61,Andhra Pradesh
Hyderabad,2017-09-29,74.72,Andhra Pradesh
Hyderabad,2017-10-03,75.01,Andhra Pradesh
Hyderabad,2017-10-04,72.4,Andhra Pradesh
Hyderabad,2017-10-05,72.36,Andhra Pradesh
Hyderabad,2017-10-06,72.38,Andhra Pradesh
Hyderabad,2017-10-09,72.44,Andhra Pradesh
Hyderabad,2017-10-10,72.48,Andhra Pradesh
Hyderabad,2017-10-11,72.51,Andhra Pradesh
Hyderabad,2017-10-12,72.44,Andhra Pradesh
Hyderabad,2017-10-13,72.46,Andhra Pradesh
Hyderabad,2017-10-16,72.27,Andhra Pradesh
Hyderabad,2017-10-17,72.24,Andhra Pradesh
Hyderabad,2017-10-18,72.28,Andhra Pradesh
Hyderabad,2017-10-24,72.6,Andhra Pradesh
Hyderabad,2017-10-25,72.66,Andhra Pradesh
Hyderabad,2017-10-26,72.69,Andhra Pradesh
Hyderabad,2017-10-30,73.1,Andhra Pradesh
Hyderabad,2017-10-31,73.2,Andhra Pradesh
Hyderabad,2017-11-02,73.32,Andhra Pradesh
Hyderabad,2017-11-03,73.42,Andhra Pradesh
Hyderabad,2017-11-06,73.87,Andhra Pradesh
Hyderabad,2017-11-07,73.91,Andhra Pradesh
Hyderabad,2017-11-09,73.96,Andhra Pradesh
Hyderabad,2017-11-10,74.04,Andhra Pradesh
Hyderabad,2017-11-13,73.97,Andhra Pradesh
Hyderabad,2017-11-14,73.83,Andhra Pradesh
Hyderabad,2017-11-15,73.78,Andhra Pradesh
Hyderabad,2017-11-16,73.75,Andhra Pradesh
Hyderabad,2017-11-17,73.7,Andhra Pradesh
Hyderabad,2017-11-20,73.68,Andhra Pradesh
Hyderabad,2017-11-21,73.62,Andhra Pradesh
Hyderabad,2017-11-22,73.57,Andhra Pradesh
Hyderabad,2017-11-23,73.51,Andhra Pradesh
Hyderabad,2017-11-24,73.49,Andhra Pradesh
Hyderabad,2017-11-27,73.44,Andhra Pradesh
Hyderabad,2017-11-28,73.33,Andhra Pradesh
Hyderabad,2017-11-29,73.41,Andhra Pradesh
Hyderabad,2017-11-30,73.31,Andhra Pradesh
Hyderabad,2017-12-01,73.29,Andhra Pradesh
Hyderabad,2017-12-05,73.4,Andhra Pradesh
Hyderabad,2017-12-06,73.31,Andhra Pradesh
Hyderabad,2017-12-07,73.3,Andhra Pradesh
Hyderabad,2017-12-08,73.26,Andhra Pradesh
Hyderabad,2017-12-11,73.27,Andhra Pradesh
Hyderabad,2017-12-12,73.15,Andhra Pradesh
Hyderabad,2017-12-13,73.13,Andhra Pradesh
Hyderabad,2017-12-15,73.16,Andhra Pradesh
Hyderabad,2017-12-18,73.34,Andhra Pradesh
Hyderabad,2017-12-19,73.42,Andhra Pradesh
Hyderabad,2017-12-20,73.51,Andhra Pradesh
Hyderabad,2017-12-21,73.5,Andhra Pradesh
Hyderabad,2017-12-22,73.59,Andhra Pradesh
Hyderabad,2017-12-26,73.81,Andhra Pradesh
Hyderabad,2017-12-27,73.82,Andhra Pradesh
Hyderabad,2017-12-28,73.92,Andhra Pradesh
Hyderabad,2017-12-29,74.01,Andhra Pradesh
Hyderabad,2018-01-01,74.17,Andhra Pradesh
Hyderabad,2018-01-02,74.09,Andhra Pradesh
Hyderabad,2018-01-03,74.17,Andhra Pradesh
Hyderabad,2018-01-05,74.19,Andhra Pradesh
Hyderabad,2018-01-08,74.65,Andhra Pradesh
Hyderabad,2018-01-09,74.7,Andhra Pradesh
Hyderabad,2018-01-10,74.78,Andhra Pradesh
Hyderabad,2018-01-11,74.82,Andhra Pradesh
Hyderabad,2018-01-12,74.88,Andhra Pradesh
Hyderabad,2018-01-15,75.35,Andhra Pradesh
Hyderabad,2018-01-16,75.45,Andhra Pradesh
Hyderabad,2018-01-17,75.57,Andhra Pradesh
Hyderabad,2018-01-18,75.75,Andhra Pradesh
Hyderabad,2018-01-19,75.9,Andhra Pradesh
Hyderabad,2018-01-22,76.47,Andhra Pradesh
Hyderabad,2018-01-23,76.63,Andhra Pradesh
Hyderabad,2018-01-24,76.68,Andhra Pradesh
Hyderabad,2018-01-25,76.74,Andhra Pradesh
Hyderabad,2018-01-29,77.11,Andhra Pradesh
Hyderabad,2018-01-30,77.2,Andhra Pradesh
Hyderabad,2018-02-01,77.34,Andhra Pradesh
Hyderabad,2018-02-02,77.39,Andhra Pradesh
Hyderabad,2018-02-05,77.61,Andhra Pradesh
Hyderabad,2018-02-06,77.69,Andhra Pradesh
Hyderabad,2018-02-08,77.68,Andhra Pradesh
Hyderabad,2018-02-09,77.66,Andhra Pradesh
Hyderabad,2018-02-12,77.29,Andhra Pradesh
Hyderabad,2018-02-13,77.22,Andhra Pradesh
Hyderabad,2018-02-15,77.06,Andhra Pradesh
Hyderabad,2018-02-16,76.77,Andhra Pradesh
Hyderabad,2018-02-19,76.14,Andhra Pradesh
Hyderabad,2018-02-20,75.93,Andhra Pradesh
Hyderabad,2018-02-21,75.92,Andhra Pradesh
Hyderabad,2018-02-22,75.9,Andhra Pradesh
Hyderabad,2018-02-23,75.81,Andhra Pradesh
Hyderabad,2018-02-26,75.72,Andhra Pradesh
Hyderabad,2018-02-27,75.7,Andhra Pradesh
Hyderabad,2018-03-01,75.84,Andhra Pradesh
Hyderabad,2018-03-02,76.03,Andhra Pradesh
Hyderabad,2018-03-05,76.64,Andhra Pradesh
Hyderabad,2018-03-06,76.71,Andhra Pradesh
Hyderabad,2018-03-09,76.75,Andhra Pradesh
Hyderabad,2018-03-12,76.78,Andhra Pradesh
Hyderabad,2018-03-13,76.8,Andhra Pradesh
Hyderabad,2018-03-15,76.78,Andhra Pradesh
Hyderabad,2018-03-16,76.69,Andhra Pradesh
Hyderabad,2018-03-19,76.5,Andhra Pradesh
Hyderabad,2018-03-20,76.51,Andhra Pradesh
Hyderabad,2018-03-22,76.57,Andhra Pradesh
Hyderabad,2018-03-23,76.62,Andhra Pradesh
Hyderabad,2018-03-26,77.14,Andhra Pradesh
Hyderabad,2018-03-27,77.25,Andhra Pradesh
Hyderabad,2018-03-29,77.44,Andhra Pradesh
Hyderabad,2018-03-30,77.69,Andhra Pradesh
Hyderabad,2018-04-02,78.21,Andhra Pradesh
Hyderabad,2018-04-03,78.35,Andhra Pradesh
Hyderabad,2018-04-05,78.39,Andhra Pradesh
Hyderabad,2018-04-09,78.4,Andhra Pradesh
Hyderabad,2018-04-10,78.39,Andhra Pradesh
Hyderabad,2018-04-12,78.34,Andhra Pradesh
Hyderabad,2018-04-13,78.31,Andhra Pradesh
Hyderabad,2018-04-16,78.43,Andhra Pradesh
Hyderabad,2018-04-19,78.48,Andhra Pradesh
Hyderabad,2018-04-20,78.49,Andhra Pradesh
Hyderabad,2018-04-23,78.94,Andhra Pradesh
Hyderabad,2018-04-24,79.08,Andhra Pradesh
Hyderabad,2018-05-14,79.27,Andhra Pradesh
Hyderabad,2018-05-15,79.43,Andhra Pradesh
Hyderabad,2018-05-16,79.59,Andhra Pradesh
Hyderabad,2018-05-17,79.82,Andhra Pradesh
Hyderabad,2018-05-18,79.27,Andhra Pradesh
Hyderabad,2018-05-21,81.15,Andhra Pradesh
Hyderabad,2018-05-22,81.47,Andhra Pradesh
Hyderabad,2018-05-23,81.79,Andhra Pradesh
Hyderabad,2018-05-24,82.11,Andhra Pradesh
Hyderabad,2018-05-25,82.49,Andhra Pradesh
Hyderabad,2018-05-26,82.64,Andhra Pradesh
Hyderabad,2018-05-27,82.8,Andhra Pradesh
Hyderabad,2018-05-28,82.96,Andhra Pradesh
Hyderabad,2018-05-29,83.13,Andhra Pradesh
Hyderabad,2018-05-31,83.04,Andhra Pradesh
Hyderabad,2018-06-01,82.98,Andhra Pradesh
Hyderabad,2018-06-02,82.88,Andhra Pradesh
Hyderabad,2018-06-03,82.79,Andhra Pradesh
Hyderabad,2018-06-04,82.63,Andhra Pradesh
Hyderabad,2018-06-05,82.49,Andhra Pradesh
Hyderabad,2018-06-06,82.37,Andhra Pradesh
Hyderabad,2018-06-07,82.28,Andhra Pradesh
Hyderabad,2018-06-08,82.05,Andhra Pradesh
Hyderabad,2018-06-09,81.63,Andhra Pradesh
Hyderabad,2018-06-10,81.37,Andhra Pradesh
Hyderabad,2018-06-11,81.16,Andhra Pradesh
Hyderabad,2018-06-12,81.0,Andhra Pradesh
Hyderabad,2018-06-15,80.92,Andhra Pradesh
Hyderabad,2018-06-19,80.83,Andhra Pradesh
Hyderabad,2018-06-21,80.71,Andhra Pradesh
Hyderabad,2018-06-22,80.57,Andhra Pradesh
Hyderabad,2018-06-23,80.47,Andhra Pradesh
Hyderabad,2018-06-24,80.32,Andhra Pradesh
Hyderabad,2018-06-25,80.22,Andhra Pradesh
Hyderabad,2018-06-26,80.07,Andhra Pradesh
Hyderabad,2018-07-05,80.24,Andhra Pradesh
Hyderabad,2018-07-06,80.39,Andhra Pradesh
Hyderabad,2018-07-09,80.93,Andhra Pradesh
Hyderabad,2018-07-10,81.11,Andhra Pradesh
Hyderabad,2018-07-12,81.17,Andhra Pradesh
Hyderabad,2018-07-13,81.35,Andhra Pradesh
Hyderabad,2018-07-16,81.44,Andhra Pradesh
Hyderabad,2018-07-20,81.27,Andhra Pradesh
Hyderabad,2018-07-23,80.93,Andhra Pradesh
Hyderabad,2018-07-24,80.86,Andhra Pradesh
Hyderabad,2018-07-30,80.88,Andhra Pradesh
Hyderabad,2018-07-31,80.94,Andhra Pradesh
Hyderabad,2018-08-02,81.08,Andhra Pradesh
Hyderabad,2018-08-03,81.16,Andhra Pradesh
Hyderabad,2018-08-06,81.66,Andhra Pradesh
Hyderabad,2018-08-07,81.75,Andhra Pradesh
Hyderabad,2018-08-13,81.84,Andhra Pradesh
Hyderabad,2018-08-16,81.89,Andhra Pradesh
Hyderabad,2018-08-20,82.21,Andhra Pradesh
Hyderabad,2018-08-21,82.3,Andhra Pradesh
Hyderabad,2018-08-24,82.4,Andhra Pradesh
Hyderabad,2018-08-25,76.47,Andhra Pradesh
Hyderabad,2018-08-26,76.55,Andhra Pradesh
Hyderabad,2018-08-27,82.66,Andhra Pradesh
Hyderabad,2018-08-28,82.8,Andhra Pradesh
Hyderabad,2018-08-29,82.94,Andhra Pradesh
Hyderabad,2018-08-30,83.07,Andhra Pradesh
Hyderabad,2018-08-31,83.3,Andhra Pradesh
Hyderabad,2018-09-03,84.01,Andhra Pradesh
Hyderabad,2018-09-04,84.18,Andhra Pradesh
Hyderabad,2018-09-06,84.4,Andhra Pradesh
Hyderabad,2018-09-07,84.91,Andhra Pradesh
Hyderabad,2018-09-10,85.69,Andhra Pradesh
Hyderabad,2018-09-11,85.84,Andhra Pradesh
Hyderabad,2018-09-13,85.98,Andhra Pradesh
Hyderabad,2018-09-14,86.28,Andhra Pradesh
Hyderabad,2018-09-15,86.65,Andhra Pradesh
Hyderabad,2018-09-16,86.95,Andhra Pradesh
Hyderabad,2018-09-17,87.11,Andhra Pradesh
Hyderabad,2018-09-18,87.21,Andhra Pradesh
Hyderabad,2018-09-20,87.28,Andhra Pradesh
Hyderabad,2018-09-21,87.38,Andhra Pradesh
Hyderabad,2018-09-23,87.67,Andhra Pradesh
Hyderabad,2018-09-24,87.79,Andhra Pradesh
Hyderabad,2018-09-25,87.94,Andhra Pradesh
Hyderabad,2018-09-27,88.09,Andhra Pradesh
Hyderabad,2018-09-28,88.32,Andhra Pradesh
Hyderabad,2018-09-30,88.61,Andhra Pradesh
Hyderabad,2018-10-01,88.85,Andhra Pradesh
Hyderabad,2018-10-02,88.96,Andhra Pradesh
Hyderabad,2018-10-04,89.11,Andhra Pradesh
Hyderabad,2018-10-05,86.45,Andhra Pradesh
Hyderabad,2018-10-06,86.65,Andhra Pradesh
Hyderabad,2018-10-07,86.79,Andhra Pradesh
Hyderabad,2018-10-08,87.02,Andhra Pradesh
Hyderabad,2018-10-09,87.26,Andhra Pradesh
Hyderabad,2018-10-11,87.37,Andhra Pradesh
Hyderabad,2018-10-12,87.5,Andhra Pradesh
Hyderabad,2018-10-13,87.69,Andhra Pradesh
Hyderabad,2018-10-14,87.75,Andhra Pradesh
Hyderabad,2018-10-16,87.87,Andhra Pradesh
Hyderabad,2018-10-18,87.64,Andhra Pradesh
Hyderabad,2018-10-19,87.39,Andhra Pradesh
Hyderabad,2018-10-20,86.98,Andhra Pradesh
Hyderabad,2018-10-22,86.39,Andhra Pradesh
Hyderabad,2018-10-23,86.28,Andhra Pradesh
Hyderabad,2018-10-24,86.19,Andhra Pradesh
Hyderabad,2018-10-25,86.03,Andhra Pradesh
Hyderabad,2018-10-26,85.76,Andhra Pradesh
Hyderabad,2018-10-29,84.6,Andhra Pradesh
Hyderabad,2018-10-30,84.38,Andhra Pradesh
Hyderabad,2018-11-01,84.19,Andhra Pradesh
Hyderabad,2018-11-02,84.02,Andhra Pradesh
Hyderabad,2018-11-05,83.39,Andhra Pradesh
Hyderabad,2018-11-06,83.24,Andhra Pradesh
Hyderabad,2018-11-12,82.33,Andhra Pradesh
Hyderabad,2018-11-13,82.19,Andhra Pradesh
Hyderabad,2018-11-15,82.03,Andhra Pradesh
Hyderabad,2018-11-16,81.84,Andhra Pradesh
Hyderabad,2018-11-19,81.23,Andhra Pradesh
Hyderabad,2018-11-20,81.08,Andhra Pradesh
Hyderabad,2018-11-22,80.64,Andhra Pradesh
Hyderabad,2018-11-23,80.22,Andhra Pradesh
Hyderabad,2018-11-26,79.07,Andhra Pradesh
Hyderabad,2018-11-27,78.62,Andhra Pradesh
Hyderabad,2018-11-28,78.09,Andhra Pradesh
Hyderabad,2018-11-29,77.74,Andhra Pradesh
Hyderabad,2018-11-30,77.35,Andhra Pradesh
Hyderabad,2018-12-01,76.98,Andhra Pradesh
Hyderabad,2018-12-02,76.64,Andhra Pradesh
Hyderabad,2018-12-03,76.31,Andhra Pradesh
Hyderabad,2018-12-04,76.09,Andhra Pradesh
Hyderabad,2018-12-06,75.66,Andhra Pradesh
Hyderabad,2018-12-07,75.24,Andhra Pradesh
Hyderabad,2018-12-10,74.59,Andhra Pradesh
Hyderabad,2018-12-11,74.42,Andhra Pradesh
Hyderabad,2018-12-13,74.51,Andhra Pradesh
Hyderabad,2018-12-17,74.77,Andhra Pradesh
Hyderabad,2018-12-18,74.88,Andhra Pradesh
Hyderabad,2018-12-21,74.69,Andhra Pradesh
Hyderabad,2018-12-24,74.06,Andhra Pradesh
Hyderabad,2018-12-25,73.98,Andhra Pradesh
Hyderabad,2018-12-27,73.93,Andhra Pradesh
Hyderabad,2018-12-28,73.73,Andhra Pradesh
Hyderabad,2018-12-31,72.97,Andhra Pradesh
Hyderabad,2019-01-02,72.87,Andhra Pradesh
Hyderabad,2019-01-04,72.64,Andhra Pradesh
Hyderabad,2019-01-07,72.71,Andhra Pradesh
Hyderabad,2019-01-10,73.11,Andhra Pradesh
Hyderabad,2019-01-11,73.31,Andhra Pradesh
Hyderabad,2019-01-14,74.44,Andhra Pradesh
Hyderabad,2019-01-16,74.65,Andhra Pradesh
Hyderabad,2019-01-17,74.8,Andhra Pradesh
Hyderabad,2019-01-18,74.89,Andhra Pradesh
Hyderabad,2019-01-21,75.51,Andhra Pradesh
Hyderabad,2019-01-22,75.65,Andhra Pradesh
Hyderabad,2019-01-29,75.57,Andhra Pradesh
Hyderabad,2019-01-31,75.46,Andhra Pradesh
Hyderabad,2019-02-01,75.21,Andhra Pradesh
Hyderabad,2019-02-05,74.68,Andhra Pradesh
Hyderabad,2019-02-08,74.62,Andhra Pradesh
Hyderabad,2019-02-11,74.56,Andhra Pradesh
Hyderabad,2019-02-14,74.63,Andhra Pradesh
Hyderabad,2019-02-15,74.7,Andhra Pradesh
Hyderabad,2019-02-18,75.18,Andhra Pradesh
Hyderabad,2019-02-19,75.29,Andhra Pradesh
Hyderabad,2019-02-22,75.59,Andhra Pradesh
Hyderabad,2019-02-25,75.89,Andhra Pradesh
Hyderabad,2019-02-26,75.99,Andhra Pradesh
Hyderabad,2019-02-28,76.06,Andhra Pradesh
Hyderabad,2019-03-01,76.17,Andhra Pradesh
Hyderabad,2019-03-04,76.56,Andhra Pradesh
Hyderabad,2019-03-05,76.63,Andhra Pradesh
Hyderabad,2019-03-11,76.86,Andhra Pradesh
Hyderabad,2019-03-12,76.81,Andhra Pradesh
Hyderabad,2019-03-14,76.89,Andhra Pradesh
Hyderabad,2019-03-15,76.96,Andhra Pradesh
Hyderabad,2019-03-18,77.2,Andhra Pradesh
Hyderabad,2019-03-21,77.13,Andhra Pradesh
Hyderabad,2019-03-22,77.18,Andhra Pradesh
Hyderabad,2019-03-23,77.24,Andhra Pradesh
Hyderabad,2019-03-24,77.29,Andhra Pradesh
Hyderabad,2019-03-28,77.24,Andhra Pradesh
Hyderabad,2019-04-01,77.32,Andhra Pradesh
Hyderabad,2019-04-05,77.37,Andhra Pradesh
Hyderabad,2019-04-08,77.31,Andhra Pradesh
Hyderabad,2019-04-09,77.25,Andhra Pradesh
Hyderabad,2019-04-12,77.32,Andhra Pradesh
Hyderabad,2019-04-15,77.44,Andhra Pradesh
Hyderabad,2019-04-16,77.39,Andhra Pradesh
Hyderabad,2019-04-20,77.47,Andhra Pradesh
Hyderabad,2019-04-22,77.41,Andhra Pradesh
Hyderabad,2019-04-25,77.49,Andhra Pradesh
Hyderabad,2019-04-27,77.55,Andhra Pradesh
Hyderabad,2019-04-30,77.6,Andhra Pradesh
Hyderabad,2019-05-02,77.53,Andhra Pradesh
Hyderabad,2019-05-04,77.54,Andhra Pradesh
Hyderabad,2019-05-05,77.47,Andhra Pradesh
Hyderabad,2019-05-06,77.4,Andhra Pradesh
Hyderabad,2019-05-09,77.23,Andhra Pradesh
Hyderabad,2019-05-10,77.01,Andhra Pradesh
Hyderabad,2019-05-11,76.5,Andhra Pradesh
Hyderabad,2019-05-12,76.05,Andhra Pradesh
Hyderabad,2019-05-13,75.73,Andhra Pradesh
Hyderabad,2019-05-14,75.47,Andhra Pradesh
Hyderabad,2019-05-17,75.38,Andhra Pradesh
Hyderabad,2019-05-18,75.31,Andhra Pradesh
Hyderabad,2019-05-20,75.4,Andhra Pradesh
Hyderabad,2019-05-21,75.45,Andhra Pradesh
Hyderabad,2019-05-23,75.54,Andhra Pradesh
Hyderabad,2019-05-24,75.69,Andhra Pradesh
Hyderabad,2019-05-25,75.84,Andhra Pradesh
Hyderabad,2019-05-26,75.99,Andhra Pradesh
Hyderabad,2019-05-27,76.09,Andhra Pradesh
Hyderabad,2019-05-28,76.19,Andhra Pradesh
Hyderabad,2019-05-30,76.12,Andhra Pradesh
Hyderabad,2019-05-31,76.05,Andhra Pradesh
Hyderabad,2019-06-02,75.96,Andhra Pradesh
Hyderabad,2019-06-03,75.75,Andhra Pradesh
Hyderabad,2019-06-04,75.67,Andhra Pradesh
Hyderabad,2019-06-06,75.5,Andhra Pradesh
Hyderabad,2019-06-07,75.37,Andhra Pradesh
Hyderabad,2019-06-10,74.82,Andhra Pradesh
Hyderabad,2019-06-13,74.74,Andhra Pradesh
Hyderabad,2019-06-14,74.56,Andhra Pradesh
Hyderabad,2019-06-15,74.36,Andhra Pradesh
Hyderabad,2019-06-16,74.29,Andhra Pradesh
Hyderabad,2019-06-24,74.42,Andhra Pradesh
Hyderabad,2019-06-27,74.5,Andhra Pradesh
Hyderabad,2019-06-28,74.55,Andhra Pradesh
Hyderabad,2019-06-29,74.66,Andhra Pradesh
Hyderabad,2019-06-30,74.76,Andhra Pradesh
Hyderabad,2019-07-01,74.86,Andhra Pradesh
Hyderabad,2019-07-02,74.94,Andhra Pradesh
Hyderabad,2019-07-06,77.53,Andhra Pradesh
Hyderabad,2019-07-09,77.48,Andhra Pradesh
Hyderabad,2019-07-13,77.57,Andhra Pradesh
Hyderabad,2019-07-14,77.67,Andhra Pradesh
Hyderabad,2019-07-15,77.8,Andhra Pradesh
Hyderabad,2019-07-16,77.87,Andhra Pradesh
Hyderabad,2019-07-18,77.95,Andhra Pradesh
Hyderabad,2019-07-23,78.02,Andhra Pradesh
Hyderabad,2019-07-25,77.95,Andhra Pradesh
Hyderabad,2019-07-26,77.89,Andhra Pradesh
Hyderabad,2019-07-27,77.84,Andhra Pradesh
Hyderabad,2019-07-28,77.73,Andhra Pradesh
Hyderabad,2019-07-29,77.57,Andhra Pradesh
Hyderabad,2019-07-30,77.43,Andhra Pradesh
Hyderabad,2019-08-01,77.37,Andhra Pradesh
Hyderabad,2019-08-02,77.2,Andhra Pradesh
Hyderabad,2019-08-03,77.12,Andhra Pradesh
Hyderabad,2019-08-04,77.03,Andhra Pradesh
Hyderabad,2019-08-05,76.87,Andhra Pradesh
Hyderabad,2019-08-06,76.78,Andhra Pradesh
Hyderabad,2019-08-08,76.72,Andhra Pradesh
Hyderabad,2019-08-09,76.56,Andhra Pradesh
Hyderabad,2019-08-11,76.47,Andhra Pradesh
Hyderabad,2019-08-18,76.38,Andhra Pradesh
Hyderabad,2019-08-19,76.31,Andhra Pradesh
Hyderabad,2019-08-24,76.39,Andhra Pradesh
Hyderabad,2019-08-25,76.47,Andhra Pradesh
Hyderabad,2019-08-26,76.55,Andhra Pradesh
Hyderabad,2019-08-27,76.55,Andhra Pradesh
Hyderabad,2019-08-29,76.49,Andhra Pradesh
Hyderabad,2019-09-05,76.46,Andhra Pradesh
Hyderabad,2019-09-06,76.36,Andhra Pradesh
Hyderabad,2019-09-07,76.27,Andhra Pradesh
Hyderabad,2019-09-08,76.2,Andhra Pradesh
Hyderabad,2019-09-10,76.26,Andhra Pradesh
Hyderabad,2019-09-12,76.32,Andhra Pradesh
Hyderabad,2019-09-13,76.4,Andhra Pradesh
Hyderabad,2019-09-14,76.48,Andhra Pradesh
Hyderabad,2019-09-15,76.54,Andhra Pradesh
Hyderabad,2019-09-17,76.69,Andhra Pradesh
Hyderabad,2019-09-18,76.96,Andhra Pradesh
Hyderabad,2019-09-19,77.27,Andhra Pradesh
Hyderabad,2019-09-20,77.64,Andhra Pradesh
Hyderabad,2019-09-21,77.95,Andhra Pradesh
Hyderabad,2019-09-22,78.23,Andhra Pradesh
Hyderabad,2019-09-23,78.54,Andhra Pradesh
Hyderabad,2019-09-24,78.77,Andhra Pradesh
Hyderabad,2019-09-26,78.84,Andhra Pradesh
Hyderabad,2019-09-27,79.0,Andhra Pradesh
Hyderabad,2019-09-30,79.08,Andhra Pradesh
Hyderabad,2019-10-01,79.31,Andhra Pradesh
Hyderabad,2019-10-03,79.21,Andhra Pradesh
Hyderabad,2019-10-04,79.01,Andhra Pradesh
Hyderabad,2019-10-05,78.71,Andhra Pradesh
Hyderabad,2019-10-07,78.41,Andhra Pradesh
Hyderabad,2019-10-08,78.23,Andhra Pradesh
Hyderabad,2019-10-10,78.18,Andhra Pradesh
Hyderabad,2019-10-11,78.05,Andhra Pradesh
Hyderabad,2019-10-12,77.94,Andhra Pradesh
Hyderabad,2019-10-15,77.89,Andhra Pradesh
Hyderabad,2019-10-22,77.84,Andhra Pradesh
Hyderabad,2019-10-24,77.78,Andhra Pradesh
Hyderabad,2019-10-25,77.67,Andhra Pradesh
Hyderabad,2019-10-26,77.58,Andhra Pradesh
Hyderabad,2019-10-29,77.52,Andhra Pradesh
Hyderabad,2019-11-01,77.39,Andhra Pradesh
Hyderabad,2019-11-02,77.31,Andhra Pradesh
Hyderabad,2019-11-03,77.26,Andhra Pradesh
Hyderabad,2019-11-04,77.17,Andhra Pradesh
Hyderabad,2019-11-05,77.11,Andhra Pradesh
Hyderabad,2019-11-08,77.22,Andhra Pradesh
Hyderabad,2019-11-09,77.38,Andhra Pradesh
Hyderabad,2019-11-10,77.59,Andhra Pradesh
Hyderabad,2019-11-11,77.75,Andhra Pradesh
Hyderabad,2019-11-13,77.86,Andhra Pradesh
Hyderabad,2019-11-14,78.02,Andhra Pradesh
Hyderabad,2019-11-15,78.21,Andhra Pradesh
Hyderabad,2019-11-16,78.36,Andhra Pradesh
Hyderabad,2019-11-17,78.48,Andhra Pradesh
Hyderabad,2019-11-18,78.65,Andhra Pradesh
Hyderabad,2019-11-19,78.81,Andhra Pradesh
Hyderabad,2019-11-22,78.97,Andhra Pradesh
Hyderabad,2019-11-23,79.07,Andhra Pradesh
Hyderabad,2019-11-24,79.17,Andhra Pradesh
Hyderabad,2019-11-25,79.3,Andhra Pradesh
Hyderabad,2019-11-26,79.41,Andhra Pradesh
Hyderabad,2019-11-29,79.46,Andhra Pradesh
Hyderabad,2019-11-30,79.513,Andhra Pradesh
Hyderabad,2019-12-01,79.64,Andhra Pradesh
Hyderabad,2019-12-07,79.55,Andhra Pradesh
Hyderabad,2019-12-08,79.64,Andhra Pradesh
Hyderabad,2019-12-09,79.69,Andhra Pradesh
Hyderabad,2019-12-10,79.7,Andhra Pradesh
Hyderabad,2019-12-12,79.65,Andhra Pradesh
Hyderabad,2019-12-13,79.59,Andhra Pradesh
Hyderabad,2019-12-14,79.53,Andhra Pradesh
Hyderabad,2019-12-15,79.43,Andhra Pradesh
Hyderabad,2019-12-16,79.38,Andhra Pradesh
Hyderabad,2019-12-17,79.33,Andhra Pradesh
Hyderabad,2019-12-19,79.31,Andhra Pradesh
Hyderabad,2019-12-26,79.36,Andhra Pradesh
Hyderabad,2019-12-27,79.43,Andhra Pradesh
Hyderabad,2019-12-29,79.58,Andhra Pradesh
Hyderabad,2019-12-30,79.75,Andhra Pradesh
Hyderabad,2019-12-31,79.85,Andhra Pradesh
Hyderabad,2020-01-02,79.99,Andhra Pradesh
Hyderabad,2020-01-03,80.1,Andhra Pradesh
Hyderabad,2020-01-04,80.2,Andhra Pradesh
Hyderabad,2020-01-05,80.3,Andhra Pradesh
Hyderabad,2020-01-06,80.46,Andhra Pradesh
Hyderabad,2020-01-07,80.61,Andhra Pradesh
Hyderabad,2020-01-08,80.51,Andhra Pradesh
Hyderabad,2020-01-09,80.59,Andhra Pradesh
Hyderabad,2020-01-10,80.74,Andhra Pradesh
Hyderabad,2020-01-11,80.8,Andhra Pradesh
Hyderabad,2020-01-12,80.7,Andhra Pradesh
Hyderabad,2020-01-13,80.57,Andhra Pradesh
Hyderabad,2020-01-14,80.47,Andhra Pradesh
Hyderabad,2020-01-16,80.31,Andhra Pradesh
Hyderabad,2020-01-17,80.16,Andhra Pradesh
Hyderabad,2020-01-18,80.0,Andhra Pradesh
Hyderabad,2020-01-19,79.82,Andhra Pradesh
Hyderabad,2020-01-20,79.7,Andhra Pradesh
Hyderabad,2020-01-21,79.54,Andhra Pradesh
Hyderabad,2020-01-22,79.54,Andhra Pradesh
Hyderabad,2020-01-23,79.36,Andhra Pradesh
Hyderabad,2020-01-24,79.14,Andhra Pradesh
Hyderabad,2020-01-25,78.89,Andhra Pradesh
Hyderabad,2020-01-26,78.59,Andhra Pradesh
Hyderabad,2020-01-27,78.35,Andhra Pradesh
Hyderabad,2020-01-28,78.24,Andhra Pradesh
Hyderabad,2020-01-29,78.24,Andhra Pradesh
Hyderabad,2020-01-30,78.0,Andhra Pradesh
Hyderabad,2020-01-31,77.89,Andhra Pradesh
Hyderabad,2020-02-01,77.74,Andhra Pradesh
Hyderabad,2020-02-02,77.64,Andhra Pradesh
Hyderabad,2020-02-03,77.58,Andhra Pradesh
Hyderabad,2020-02-04,77.53,Andhra Pradesh
Hyderabad,2020-02-05,77.53,Andhra Pradesh
Hyderabad,2020-02-06,77.42,Andhra Pradesh
Hyderabad,2020-02-07,77.2,Andhra Pradesh
Hyderabad,2020-02-08,76.96,Andhra Pradesh
Hyderabad,2020-02-09,76.72,Andhra Pradesh
Hyderabad,2020-02-10,76.58,Andhra Pradesh
Hyderabad,2020-02-11,76.41,Andhra Pradesh
Hyderabad,2020-02-12,76.41,Andhra Pradesh
Hyderabad,2020-02-13,76.41,Andhra Pradesh
Hyderabad,2020-02-14,76.41,Andhra Pradesh
Hyderabad,2020-02-15,76.41,Andhra Pradesh
Hyderabad,2020-02-17,76.41,Andhra Pradesh
Hyderabad,2020-02-18,76.36,Andhra Pradesh
Hyderabad,2020-02-19,76.36,Andhra Pradesh
Hyderabad,2020-02-20,76.36,Andhra Pradesh
Hyderabad,2020-02-21,76.36,Andhra Pradesh
Hyderabad,2020-02-24,76.48,Andhra Pradesh
Hyderabad,2020-02-25,76.48,Andhra Pradesh
Hyderabad,2020-02-26,76.48,Andhra Pradesh
Hyderabad,2020-02-27,76.43,Andhra Pradesh
Hyderabad,2020-02-28,76.43,Andhra Pradesh
Hyderabad,2020-02-29,76.36,Andhra Pradesh
Hyderabad,2020-03-01,76.21,Andhra Pradesh
Hyderabad,2020-03-02,75.97,Andhra Pradesh
Hyderabad,2020-03-03,75.92,Andhra Pradesh
Hyderabad,2020-03-04,75.92,Andhra Pradesh
Hyderabad,2020-03-05,75.76,Andhra Pradesh
Hyderabad,2020-03-06,75.6,Andhra Pradesh
Hyderabad,2020-03-07,75.47,Andhra Pradesh
Hyderabad,2020-03-08,75.27,Andhra Pradesh
Hyderabad,2020-03-09,75.02,Andhra Pradesh
Hyderabad,2020-03-10,74.72,Andhra Pradesh
Hyderabad,2020-03-11,74.72,Andhra Pradesh
Hyderabad,2020-03-12,74.54,Andhra Pradesh
Hyderabad,2020-03-13,74.39,Andhra Pradesh
Hyderabad,2020-03-14,74.26,Andhra Pradesh
Hyderabad,2020-03-15,74.12,Andhra Pradesh
Hyderabad,2020-03-16,73.95,Andhra Pradesh
Hyderabad,2020-03-17,73.95,Andhra Pradesh
Hyderabad,2020-03-18,73.95,Andhra Pradesh
Hyderabad,2020-03-19,73.95,Andhra Pradesh
Hyderabad,2020-03-20,73.95,Andhra Pradesh
Hyderabad,2020-03-21,73.95,Andhra Pradesh
Hyderabad,2020-03-22,73.95,Andhra Pradesh
Hyderabad,2020-03-23,73.95,Andhra Pradesh
Hyderabad,2020-03-24,73.95,Andhra Pradesh
Hyderabad,2020-03-25,73.95,Andhra Pradesh
Hyderabad,2020-03-26,73.95,Andhra Pradesh
Hyderabad,2020-03-27,73.95,Andhra Pradesh
Hyderabad,2020-03-28,73.95,Andhra Pradesh
Hyderabad,2020-03-29,73.95,Andhra Pradesh
Hyderabad,2020-03-30,73.95,Andhra Pradesh
Hyderabad,2020-03-31,73.95,Andhra Pradesh
Hyderabad,2020-04-01,73.95,Andhra Pradesh
Hyderabad,2020-04-02,73.95,Andhra Pradesh
Hyderabad,2020-04-03,73.95,Andhra Pradesh
Hyderabad,2020-04-04,73.95,Andhra Pradesh
Hyderabad,2020-04-05,73.95,Andhra Pradesh
Hyderabad,2020-04-06,73.95,Andhra Pradesh
Hyderabad,2020-04-07,73.95,Andhra Pradesh
Hyderabad,2020-04-08,73.95,Andhra Pradesh
Hyderabad,2020-04-09,73.95,Andhra Pradesh
Hyderabad,2020-04-10,73.95,Andhra Pradesh
Hyderabad,2020-04-11,73.95,Andhra Pradesh
Hyderabad,2020-04-12,73.95,Andhra Pradesh
Hyderabad,2020-04-13,73.95,Andhra Pradesh
Hyderabad,2020-04-14,73.95,Andhra Pradesh
Hyderabad,2020-04-15,73.95,Andhra Pradesh
Hyderabad,2020-04-16,73.95,Andhra Pradesh
Hyderabad,2020-04-17,73.95,Andhra Pradesh
Hyderabad,2020-04-18,73.95,Andhra Pradesh
Hyderabad,2020-04-20,73.95,Andhra Pradesh
Hyderabad,2020-04-21,73.95,Andhra Pradesh
Hyderabad,2020-04-22,73.95,Andhra Pradesh
Hyderabad,2020-04-23,73.95,Andhra Pradesh
Hyderabad,2020-04-24,73.95,Andhra Pradesh
Hyderabad,2020-04-25,73.95,Andhra Pradesh
Hyderabad,2020-04-26,73.95,Andhra Pradesh
Hyderabad,2020-04-27,73.95,Andhra Pradesh
Hyderabad,2020-04-28,73.95,Andhra Pradesh
Hyderabad,2020-04-29,73.95,Andhra Pradesh
Hyderabad,2020-04-30,73.95,Andhra Pradesh
Hyderabad,2020-05-01,73.95,Andhra Pradesh
Hyderabad,2020-05-02,73.95,Andhra Pradesh
Hyderabad,2020-05-03,73.95,Andhra Pradesh
Hyderabad,2020-05-04,73.95,Andhra Pradesh
Hyderabad,2020-05-05,73.95,Andhra Pradesh
Hyderabad,2020-05-06,73.95,Andhra Pradesh
Hyderabad,2020-05-07,73.95,Andhra Pradesh
Hyderabad,2020-05-08,73.95,Andhra Pradesh
Hyderabad,2020-05-09,73.95,Andhra Pradesh
Hyderabad,2020-05-10,73.95,Andhra Pradesh
Hyderabad,2020-05-11,73.95,Andhra Pradesh
Hyderabad,2020-05-12,73.95,Andhra Pradesh
Hyderabad,2020-05-13,73.95,Andhra Pradesh
Hyderabad,2020-05-14,73.95,Andhra Pradesh
Hyderabad,2020-05-15,73.95,Andhra Pradesh
Hyderabad,2020-05-16,73.95,Andhra Pradesh
Hyderabad,2020-05-17,73.95,Andhra Pradesh
Hyderabad,2020-05-18,73.95,Andhra Pradesh
Hyderabad,2020-05-19,73.95,Andhra Pradesh
Hyderabad,2020-05-20,73.95,Andhra Pradesh
Hyderabad,2020-05-21,73.95,Andhra Pradesh
Hyderabad,2020-05-22,73.95,Andhra Pradesh
Hyderabad,2020-05-23,73.95,Andhra Pradesh
Hyderabad,2020-05-24,73.95,Andhra Pradesh
Hyderabad,2020-05-25,73.95,Andhra Pradesh
Hyderabad,2020-05-26,73.95,Andhra Pradesh
Hyderabad,2020-05-27,73.95,Andhra Pradesh
Hyderabad,2020-05-28,73.95,Andhra Pradesh
Hyderabad,2020-05-29,73.95,Andhra Pradesh
Hyderabad,2020-05-30,73.95,Andhra Pradesh
Hyderabad,2020-05-31,73.95,Andhra Pradesh
Hyderabad,2020-06-01,73.95,Andhra Pradesh
Hyderabad,2020-06-02,73.95,Andhra Pradesh
Hyderabad,2020-06-03,73.95,Andhra Pradesh
Hyderabad,2020-06-04,73.95,Andhra Pradesh
Hyderabad,2020-06-05,73.95,Andhra Pradesh
Hyderabad,2020-06-06,73.95,Andhra Pradesh
Hyderabad,2020-06-07,74.55,Andhra Pradesh
Hyderabad,2020-06-08,75.15,Andhra Pradesh
Hyderabad,2020-06-09,75.69,Andhra Pradesh
Hyderabad,2020-06-10,76.09,Andhra Pradesh
Hyderabad,2020-06-11,76.69,Andhra Pradesh
Hyderabad,2020-06-12,77.29,Andhra Pradesh
Hyderabad,2020-06-13,77.89,Andhra Pradesh
Hyderabad,2020-06-14,78.49,Andhra Pradesh
Hyderabad,2020-06-15,79.15,Andhra Pradesh
Hyderabad,2020-06-16,79.63,Andhra Pradesh
Hyderabad,2020-06-17,80.2,Andhra Pradesh
Hyderabad,2020-06-18,80.75,Andhra Pradesh
Hyderabad,2020-06-19,81.33,Andhra Pradesh
Hyderabad,2020-06-20,81.86,Andhra Pradesh
Hyderabad,2020-06-21,82.23,Andhra Pradesh
Hyderabad,2020-06-22,82.57,Andhra Pradesh
Hyderabad,2020-06-23,82.77,Andhra Pradesh
Hyderabad,2020-06-24,82.77,Andhra Pradesh
Hyderabad,2020-06-25,82.94,Andhra Pradesh
Hyderabad,2020-06-26,83.16,Andhra Pradesh
Hyderabad,2020-06-27,83.41,Andhra Pradesh
Hyderabad,2020-06-28,83.41,Andhra Pradesh
Hyderabad,2020-06-29,83.47,Andhra Pradesh
Hyderabad,2020-06-30,83.47,Andhra Pradesh
Hyderabad,2020-07-01,83.47,Andhra Pradesh
Hyderabad,2020-07-02,83.47,Andhra Pradesh
Hyderabad,2020-07-03,83.47,Andhra Pradesh
Hyderabad,2020-07-04,83.47,Andhra Pradesh
Hyderabad,2020-07-05,83.47,Andhra Pradesh
Hyderabad,2020-07-06,83.47,Andhra Pradesh
Hyderabad,2020-07-07,83.47,Andhra Pradesh
Hyderabad,2020-07-08,83.47,Andhra Pradesh
Hyderabad,2020-07-09,83.47,Andhra Pradesh
Hyderabad,2020-07-10,83.47,Andhra Pradesh
Hyderabad,2020-07-11,83.47,Andhra Pradesh
Hyderabad,2020-07-12,83.47,Andhra Pradesh
Hyderabad,2020-07-13,83.47,Andhra Pradesh
Hyderabad,2020-07-15,83.47,Andhra Pradesh
Hyderabad,2020-07-16,83.47,Andhra Pradesh
Hyderabad,2020-07-17,83.47,Andhra Pradesh
Hyderabad,2020-07-18,83.47,Andhra Pradesh
Hyderabad,2020-07-19,83.47,Andhra Pradesh
Hyderabad,2020-07-20,83.47,Andhra Pradesh
Hyderabad,2020-07-21,83.47,Andhra Pradesh
Hyderabad,2020-07-22,83.47,Andhra Pradesh
Hyderabad,2020-07-23,83.47,Andhra Pradesh
Hyderabad,2020-07-24,83.47,Andhra Pradesh
Hyderabad,2020-07-25,83.47,Andhra Pradesh
Hyderabad,2020-07-26,83.47,Andhra Pradesh
Hyderabad,2020-07-27,83.47,Andhra Pradesh
Hyderabad,2020-07-28,83.47,Andhra Pradesh
Hyderabad,2020-07-29,83.47,Andhra Pradesh
Hyderabad,2020-07-30,83.47,Andhra Pradesh
Hyderabad,2020-07-31,83.47,Andhra Pradesh
Hyderabad,2020-08-01,83.47,Andhra Pradesh
Hyderabad,2020-08-02,83.47,Andhra Pradesh
Hyderabad,2020-08-03,83.47,Andhra Pradesh
Hyderabad,2020-08-04,83.47,Andhra Pradesh
Hyderabad,2020-08-05,83.47,Andhra Pradesh
Hyderabad,2020-08-06,83.47,Andhra Pradesh
Hyderabad,2020-08-07,83.47,Andhra Pradesh
Hyderabad,2020-08-08,83.47,Andhra Pradesh
Hyderabad,2020-08-09,83.47,Andhra Pradesh
Hyderabad,2020-08-10,83.47,Andhra Pradesh
Hyderabad,2020-08-11,83.47,Andhra Pradesh
Hyderabad,2020-08-12,83.47,Andhra Pradesh
Hyderabad,2020-08-13,83.47,Andhra Pradesh
Hyderabad,2020-08-14,83.47,Andhra Pradesh
Hyderabad,2020-08-15,83.47,Andhra Pradesh
Hyderabad,2020-08-16,83.81,Andhra Pradesh
Hyderabad,2020-08-17,83.97,Andhra Pradesh
Hyderabad,2020-08-18,84.13,Andhra Pradesh
Hyderabad,2020-08-19,84.13,Andhra Pradesh
Hyderabad,2020-08-20,84.24,Andhra Pradesh
Hyderabad,2020-08-21,84.44,Andhra Pradesh
Hyderabad,2020-08-22,84.61,Andhra Pradesh
Hyderabad,2020-08-23,84.75,Andhra Pradesh
Hyderabad,2020-08-24,84.89,Andhra Pradesh
Hyderabad,2020-08-25,85.0,Andhra Pradesh
Hyderabad,2020-08-26,85.0,Andhra Pradesh
Hyderabad,2020-08-27,85.11,Andhra Pradesh
Hyderabad,2020-08-28,85.21,Andhra Pradesh
Hyderabad,2020-08-29,85.21,Andhra Pradesh
Hyderabad,2020-08-30,85.31,Andhra Pradesh
Hyderabad,2020-08-31,85.31,Andhra Pradesh
Hyderabad,2020-09-01,85.37,Andhra Pradesh
Hyderabad,2020-09-02,85.37,Andhra Pradesh
Hyderabad,2020-09-03,85.37,Andhra Pradesh
Hyderabad,2020-09-04,85.37,Andhra Pradesh
Hyderabad,2020-09-05,85.37,Andhra Pradesh
Hyderabad,2020-09-06,85.37,Andhra Pradesh
Hyderabad,2020-09-07,85.37,Andhra Pradesh
Hyderabad,2020-09-08,85.37,Andhra Pradesh
Hyderabad,2020-09-09,85.37,Andhra Pradesh
Hyderabad,2020-09-10,85.27,Andhra Pradesh
Hyderabad,2020-09-11,85.27,Andhra Pradesh
Hyderabad,2020-09-12,85.14,Andhra Pradesh
Hyderabad,2020-09-13,85.14,Andhra Pradesh
Hyderabad,2020-09-14,84.99,Andhra Pradesh
Hyderabad,2020-09-15,84.82,Andhra Pradesh
Hyderabad,2020-09-16,84.82,Andhra Pradesh
Hyderabad,2020-09-17,84.66,Andhra Pradesh
Hyderabad,2020-09-18,84.39,Andhra Pradesh
Hyderabad,2020-09-19,84.39,Andhra Pradesh
Hyderabad,2020-09-20,84.39,Andhra Pradesh
Hyderabad,2020-09-21,84.39,Andhra Pradesh
Hyderabad,2020-09-22,84.31,Andhra Pradesh
Hyderabad,2020-09-23,84.31,Andhra Pradesh
Hyderabad,2020-09-24,84.31,Andhra Pradesh
Hyderabad,2020-09-25,84.31,Andhra Pradesh
Hyderabad,2020-09-26,84.31,Andhra Pradesh
Hyderabad,2020-09-27,84.31,Andhra Pradesh
Hyderabad,2020-09-28,84.31,Andhra Pradesh
Hyderabad,2020-09-29,84.31,Andhra Pradesh
Hyderabad,2020-09-30,84.31,Andhra Pradesh
Hyderabad,2020-10-01,84.31,Andhra Pradesh
Hyderabad,2020-10-02,84.31,Andhra Pradesh
Hyderabad,2020-10-03,84.31,Andhra Pradesh
Hyderabad,2020-10-04,84.31,Andhra Pradesh
Hyderabad,2020-10-05,84.31,Andhra Pradesh
Hyderabad,2020-10-06,84.31,Andhra Pradesh
Hyderabad,2020-10-07,84.31,Andhra Pradesh
Hyderabad,2020-10-08,84.31,Andhra Pradesh
Hyderabad,2020-10-09,84.31,Andhra Pradesh
Hyderabad,2020-10-10,84.31,Andhra Pradesh
Hyderabad,2020-10-11,84.31,Andhra Pradesh
Hyderabad,2020-10-12,84.31,Andhra Pradesh
Hyderabad,2020-10-13,84.31,Andhra Pradesh
Hyderabad,2020-10-14,84.31,Andhra Pradesh
Hyderabad,2020-10-15,84.31,Andhra Pradesh
Hyderabad,2020-10-16,84.31,Andhra Pradesh
Hyderabad,2020-10-17,84.31,Andhra Pradesh
Hyderabad,2020-10-18,84.31,Andhra Pradesh
Hyderabad,2020-10-19,84.31,Andhra Pradesh
Hyderabad,2020-10-20,84.31,Andhra Pradesh
Hyderabad,2020-10-21,84.31,Andhra Pradesh
Hyderabad,2020-10-22,84.31,Andhra Pradesh
Hyderabad,2020-10-23,84.31,Andhra Pradesh
Hyderabad,2020-10-24,84.31,Andhra Pradesh
Hyderabad,2020-10-25,84.31,Andhra Pradesh
Hyderabad,2020-10-26,84.31,Andhra Pradesh
Hyderabad,2020-10-27,84.31,Andhra Pradesh
Hyderabad,2020-10-28,84.31,Andhra Pradesh
Hyderabad,2020-10-29,84.31,Andhra Pradesh
Hyderabad,2020-10-30,84.31,Andhra Pradesh
Hyderabad,2020-10-31,84.31,Andhra Pradesh
Hyderabad,2020-11-01,84.31,Andhra Pradesh
Hyderabad,2020-11-02,84.31,Andhra Pradesh
Hyderabad,2020-11-03,84.31,Andhra Pradesh
Hyderabad,2020-11-04,84.31,Andhra Pradesh
Hyderabad,2020-11-05,84.31,Andhra Pradesh
Hyderabad,2020-11-06,84.31,Andhra Pradesh
Hyderabad,2020-11-07,84.31,Andhra Pradesh
Hyderabad,2020-11-08,84.31,Andhra Pradesh
Hyderabad,2020-11-09,84.31,Andhra Pradesh
Hyderabad,2020-11-10,84.31,Andhra Pradesh
Hyderabad,2020-11-11,84.31,Andhra Pradesh
Hyderabad,2020-11-12,84.31,Andhra Pradesh
Hyderabad,2020-11-13,84.31,Andhra Pradesh
Hyderabad,2020-11-14,84.31,Andhra Pradesh
Hyderabad,2020-11-15,84.31,Andhra Pradesh
Hyderabad,2020-11-16,84.31,Andhra Pradesh
Hyderabad,2020-11-17,84.31,Andhra Pradesh
Hyderabad,2020-11-18,84.31,Andhra Pradesh
Hyderabad,2020-11-19,84.31,Andhra Pradesh
Hyderabad,2020-11-20,84.5,Andhra Pradesh
Hyderabad,2020-11-21,84.63,Andhra Pradesh
Hyderabad,2020-11-22,84.69,Andhra Pradesh
Hyderabad,2020-11-23,84.76,Andhra Pradesh
Hyderabad,2020-11-24,84.82,Andhra Pradesh
Hyderabad,2020-11-25,84.82,Andhra Pradesh
Hyderabad,2020-11-26,84.93,Andhra Pradesh
Hyderabad,2020-11-27,85.13,Andhra Pradesh
Hyderabad,2020-11-28,85.38,Andhra Pradesh
Hyderabad,2020-11-29,85.6,Andhra Pradesh
Hyderabad,2020-11-30,85.6,Andhra Pradesh
Hyderabad,2020-12-01,85.6,Andhra Pradesh
Hyderabad,2020-12-02,85.75,Andhra Pradesh
Hyderabad,2020-12-03,85.93,Andhra Pradesh
Hyderabad,2020-12-04,86.14,Andhra Pradesh
Hyderabad,2020-12-05,86.42,Andhra Pradesh
Hyderabad,2020-12-06,86.71,Andhra Pradesh
Hyderabad,2020-12-07,87.02,Andhra Pradesh
Hyderabad,2020-12-08,87.02,Andhra Pradesh
Hyderabad,2020-12-09,87.02,Andhra Pradesh
Hyderabad,2020-12-10,87.02,Andhra Pradesh
Hyderabad,2020-12-11,87.02,Andhra Pradesh
Hyderabad,2020-12-12,87.02,Andhra Pradesh
Hyderabad,2020-12-13,87.02,Andhra Pradesh
Hyderabad,2020-12-14,87.02,Andhra Pradesh
Hyderabad,2020-12-15,87.02,Andhra Pradesh
Hyderabad,2020-12-16,87.02,Andhra Pradesh
Hyderabad,2020-12-17,87.02,Andhra Pradesh
Hyderabad,2020-12-18,87.02,Andhra Pradesh
Hyderabad,2020-12-19,87.02,Andhra Pradesh
Hyderabad,2020-12-20,87.02,Andhra Pradesh
Hyderabad,2020-12-21,87.02,Andhra Pradesh
Hyderabad,2020-12-22,87.02,Andhra Pradesh
Hyderabad,2020-12-23,87.02,Andhra Pradesh
Hyderabad,2020-12-24,87.02,Andhra Pradesh
Hyderabad,2020-12-25,87.02,Andhra Pradesh
Hyderabad,2020-12-26,87.02,Andhra Pradesh
Hyderabad,2020-12-27,87.02,Andhra Pradesh
Hyderabad,2020-12-28,87.02,Andhra Pradesh
Hyderabad,2020-12-29,87.02,Andhra Pradesh
Hyderabad,2020-12-30,87.02,Andhra Pradesh
Hyderabad,2020-12-31,87.02,Andhra Pradesh
Hyderabad,2021-01-01,87.02,Andhra Pradesh
Hyderabad,2021-01-02,87.02,Andhra Pradesh
Hyderabad,2021-01-03,87.02,Andhra Pradesh
Hyderabad,2021-01-04,87.02,Andhra Pradesh
Hyderabad,2021-01-05,87.02,Andhra Pradesh
Hyderabad,2021-01-06,87.31,Andhra Pradesh
Hyderabad,2021-01-07,87.57,Andhra Pradesh
Hyderabad,2021-01-08,87.57,Andhra Pradesh
Hyderabad,2021-01-09,87.57,Andhra Pradesh
Hyderabad,2021-01-10,87.57,Andhra Pradesh
Hyderabad,2021-01-11,87.57,Andhra Pradesh
Hyderabad,2021-01-12,87.57,Andhra Pradesh
Hyderabad,2021-01-13,87.83,Andhra Pradesh
Hyderabad,2021-01-14,88.09,Andhra Pradesh
Hyderabad,2021-01-15,88.09,Andhra Pradesh
Hyderabad,2021-01-16,88.09,Andhra Pradesh
Hyderabad,2021-01-17,88.09,Andhra Pradesh
Hyderabad,2021-01-18,88.35,Andhra Pradesh
Hyderabad,2021-01-19,88.61,Andhra Pradesh
Hyderabad,2021-01-20,88.61,Andhra Pradesh
Hyderabad,2021-01-21,88.61,Andhra Pradesh
Hyderabad,2021-01-22,88.87,Andhra Pradesh
Hyderabad,2021-01-23,89.13,Andhra Pradesh
Hyderabad,2021-01-24,89.13,Andhra Pradesh
Hyderabad,2021-01-25,89.13,Andhra Pradesh
Hyderabad,2021-01-26,89.49,Andhra Pradesh
Hyderabad,2021-01-27,89.75,Andhra Pradesh
Hyderabad,2021-01-28,89.75,Andhra Pradesh
Hyderabad,2021-01-29,89.75,Andhra Pradesh
Hyderabad,2021-01-30,89.75,Andhra Pradesh
Hyderabad,2021-01-31,89.75,Andhra Pradesh
Hyderabad,2021-02-01,89.75,Andhra Pradesh
Hyderabad,2021-02-02,89.75,Andhra Pradesh
Hyderabad,2021-02-03,89.75,Andhra Pradesh
Hyderabad,2021-02-04,90.08,Andhra Pradesh
Hyderabad,2021-02-05,90.39,Andhra Pradesh
Hyderabad,2021-02-06,90.39,Andhra Pradesh
Hyderabad,2021-02-07,90.39,Andhra Pradesh
Hyderabad,2021-02-08,90.39,Andhra Pradesh
Hyderabad,2021-02-09,90.76,Andhra Pradesh
Hyderabad,2021-02-10,91.07,Andhra Pradesh
Hyderabad,2021-02-11,91.33,Andhra Pradesh
Hyderabad,2021-02-12,91.63,Andhra Pradesh
Hyderabad,2021-02-13,91.94,Andhra Pradesh
Hyderabad,2021-02-14,92.24,Andhra Pradesh
Hyderabad,2021-02-15,92.51,Andhra Pradesh
Hyderabad,2021-02-16,92.82,Andhra Pradesh
Hyderabad,2021-02-17,93.08,Andhra Pradesh
Hyderabad,2021-02-18,93.43,Andhra Pradesh
Hyderabad,2021-02-19,93.76,Andhra Pradesh
Hyderabad,2021-02-20,94.16,Andhra Pradesh
Hyderabad,2021-02-21,94.16,Andhra Pradesh
Hyderabad,2021-02-22,94.16,Andhra Pradesh
Hyderabad,2021-02-23,94.52,Andhra Pradesh
Hyderabad,2021-02-24,94.52,Andhra Pradesh
Hyderabad,2021-02-25,94.52,Andhra Pradesh
Hyderabad,2021-02-26,94.52,Andhra Pradesh
Hyderabad,2021-02-27,94.77,Andhra Pradesh
Hyderabad,2021-02-28,94.77,Andhra Pradesh
Hyderabad,2021-03-01,94.77,Andhra Pradesh
