city,date,rate,district
Itanagar,2012-05-24,72.32,Arunachal Pradesh
Itanagar,2012-06-03,70.3,Arunachal Pradesh
Itanagar,2012-06-29,67.35,Arunachal Pradesh
Itanagar,2012-07-24,68.19,Arunachal Pradesh
Itanagar,2012-10-09,67.52,Arunachal Pradesh
Itanagar,2012-10-27,67.87,Arunachal Pradesh
Itanagar,2012-11-01,67.89,Arunachal Pradesh
Itanagar,2012-11-16,66.75,Arunachal Pradesh
Itanagar,2013-01-18,66.46,Arunachal Pradesh
Itanagar,2013-02-16,68.26,Arunachal Pradesh
Itanagar,2013-03-02,69.94,Arunachal Pradesh
Itanagar,2013-03-16,67.54,Arunachal Pradesh
Itanagar,2013-04-02,66.52,Arunachal Pradesh
Itanagar,2013-04-16,65.32,Arunachal Pradesh
Itanagar,2013-05-01,62.32,Arunachal Pradesh
Itanagar,2013-06-01,63.22,Arunachal Pradesh
Itanagar,2013-06-16,65.62,Arunachal Pradesh
Itanagar,2013-06-29,67.81,Arunachal Pradesh
Itanagar,2013-07-15,69.66,Arunachal Pradesh
Itanagar,2013-08-01,70.5,Arunachal Pradesh
Itanagar,2013-09-01,73.32,Arunachal Pradesh
Itanagar,2013-09-14,75.28,Arunachal Pradesh
Itanagar,2013-10-01,71.62,Arunachal Pradesh
Itanagar,2013-11-01,70.24,Arunachal Pradesh
Itanagar,2013-12-21,70.72,Arunachal Pradesh
Itanagar,2014-01-04,71.64,Arunachal Pradesh
Itanagar,2014-03-01,72.36,Arunachal Pradesh
Itanagar,2014-04-01,71.46,Arunachal Pradesh
Itanagar,2014-04-16,70.62,Arunachal Pradesh
Itanagar,2014-06-07,70.72,Arunachal Pradesh
Itanagar,2014-06-25,70.77,Arunachal Pradesh
Itanagar,2014-07-01,72.82,Arunachal Pradesh
Itanagar,2014-08-01,71.73,Arunachal Pradesh
Itanagar,2014-08-15,69.55,Arunachal Pradesh
Itanagar,2014-08-31,67.73,Arunachal Pradesh
Itanagar,2014-10-01,67.08,Arunachal Pradesh
Itanagar,2014-10-15,65.87,Arunachal Pradesh
Itanagar,2014-11-01,63.46,Arunachal Pradesh
Itanagar,2014-12-01,62.56,Arunachal Pradesh
Itanagar,2014-12-16,60.56,Arunachal Pradesh
Itanagar,2015-01-17,58.13,Arunachal Pradesh
Itanagar,2015-02-04,55.79,Arunachal Pradesh
Itanagar,2015-02-16,56.71,Arunachal Pradesh
Itanagar,2015-03-01,60.04,Arunachal Pradesh
Itanagar,2015-04-02,59.5,Arunachal Pradesh
Itanagar,2015-04-15,58.7,Arunachal Pradesh
Itanagar,2015-05-01,62.66,Arunachal Pradesh
Itanagar,2015-05-16,65.78,Arunachal Pradesh
Itanagar,2015-06-16,66.48,Arunachal Pradesh
Itanagar,2015-07-01,66.21,Arunachal Pradesh
Itanagar,2015-07-15,63.83,Arunachal Pradesh
Itanagar,2015-08-01,61.5,Arunachal Pradesh
Itanagar,2015-08-15,60.29,Arunachal Pradesh
Itanagar,2015-09-01,58.37,Arunachal Pradesh
Itanagar,2015-11-01,57.87,Arunachal Pradesh
Itanagar,2015-11-16,58.21,Arunachal Pradesh
Itanagar,2015-12-01,57.66,Arunachal Pradesh
Itanagar,2015-12-16,57.17,Arunachal Pradesh
Itanagar,2016-01-01,56.56,Arunachal Pradesh
Itanagar,2016-01-16,56.26,Arunachal Pradesh
Itanagar,2016-02-01,56.23,Arunachal Pradesh
Itanagar,2016-02-17,56.92,Arunachal Pradesh
Itanagar,2016-03-01,55.92,Arunachal Pradesh
Itanagar,2016-03-09,53.07,Arunachal Pradesh
Itanagar,2016-03-17,55.98,Arunachal Pradesh
Itanagar,2016-04-05,58.04,Arunachal Pradesh
Itanagar,2016-04-16,57.35,Arunachal Pradesh
Itanagar,2016-05-01,58.35,Arunachal Pradesh
Itanagar,2016-05-17,59.13,Arunachal Pradesh
Itanagar,2016-06-01,61.57,Arunachal Pradesh
Itanagar,2016-06-15,61.61,Arunachal Pradesh
Itanagar,2016-10-05,60.84,Arunachal Pradesh
Itanagar,2016-11-06,65.71,Arunachal Pradesh
Itanagar,2016-11-16,61.97,Arunachal Pradesh
Itanagar,2017-04-16,64.61,Arunachal Pradesh
Itanagar,2017-06-20,61.07,Arunachal Pradesh
Itanagar,2017-06-22,60.97,Arunachal Pradesh
Itanagar,2017-06-23,60.77,Arunachal Pradesh
Itanagar,2017-06-27,60.05,Arunachal Pradesh
Itanagar,2017-07-04,59.65,Arunachal Pradesh
Itanagar,2017-07-07,59.89,Arunachal Pradesh
Itanagar,2017-07-11,60.45,Arunachal Pradesh
Itanagar,2017-07-13,60.43,Arunachal Pradesh
Itanagar,2017-07-14,60.42,Arunachal Pradesh
Itanagar,2017-07-18,60.72,Arunachal Pradesh
Itanagar,2017-07-20,60.76,Arunachal Pradesh
Itanagar,2017-07-21,60.78,Arunachal Pradesh
Itanagar,2017-07-25,61.06,Arunachal Pradesh
Itanagar,2017-07-27,61.07,Arunachal Pradesh
Itanagar,2017-07-28,61.17,Arunachal Pradesh
Itanagar,2017-07-31,61.71,Arunachal Pradesh
Itanagar,2017-08-02,61.92,Arunachal Pradesh
Itanagar,2017-08-04,62.42,Arunachal Pradesh
Itanagar,2017-08-08,63.13,Arunachal Pradesh
Itanagar,2017-08-09,63.19,Arunachal Pradesh
Itanagar,2017-08-10,63.33,Arunachal Pradesh
Itanagar,2017-08-11,63.62,Arunachal Pradesh
Itanagar,2017-08-16,64.44,Arunachal Pradesh
Itanagar,2017-08-17,64.54,Arunachal Pradesh
Itanagar,2017-08-18,64.59,Arunachal Pradesh
Itanagar,2017-08-22,64.94,Arunachal Pradesh
Itanagar,2017-08-23,65.0,Arunachal Pradesh
Itanagar,2017-08-24,65.14,Arunachal Pradesh
Itanagar,2017-08-29,65.37,Arunachal Pradesh
Itanagar,2017-08-31,65.4,Arunachal Pradesh
Itanagar,2017-09-01,65.51,Arunachal Pradesh
Itanagar,2017-09-05,65.93,Arunachal Pradesh
Itanagar,2017-09-07,66.01,Arunachal Pradesh
Itanagar,2017-09-08,66.1,Arunachal Pradesh
Itanagar,2017-09-12,66.56,Arunachal Pradesh
Itanagar,2017-09-14,66.57,Arunachal Pradesh
Itanagar,2017-09-15,66.61,Arunachal Pradesh
Itanagar,2017-09-20,66.7,Arunachal Pradesh
Itanagar,2017-09-22,66.65,Arunachal Pradesh
Itanagar,2017-09-26,66.59,Arunachal Pradesh
Itanagar,2017-09-28,66.64,Arunachal Pradesh
Itanagar,2017-09-29,66.73,Arunachal Pradesh
Itanagar,2017-10-04,64.68,Arunachal Pradesh
Itanagar,2017-10-06,64.66,Arunachal Pradesh
Itanagar,2017-10-10,64.74,Arunachal Pradesh
Itanagar,2017-10-11,64.77,Arunachal Pradesh
Itanagar,2017-10-13,64.72,Arunachal Pradesh
Itanagar,2017-10-18,64.56,Arunachal Pradesh
Itanagar,2017-10-25,64.9,Arunachal Pradesh
Itanagar,2017-10-26,64.93,Arunachal Pradesh
Itanagar,2017-10-31,65.38,Arunachal Pradesh
Itanagar,2017-11-01,65.42,Arunachal Pradesh
Itanagar,2017-11-02,65.52,Arunachal Pradesh
Itanagar,2017-11-03,65.61,Arunachal Pradesh
Itanagar,2017-11-07,66.04,Arunachal Pradesh
Itanagar,2017-11-09,66.09,Arunachal Pradesh
Itanagar,2017-11-14,65.97,Arunachal Pradesh
Itanagar,2017-11-15,65.93,Arunachal Pradesh
Itanagar,2017-11-16,65.9,Arunachal Pradesh
Itanagar,2017-11-17,65.86,Arunachal Pradesh
Itanagar,2017-11-21,65.79,Arunachal Pradesh
Itanagar,2017-11-22,65.74,Arunachal Pradesh
Itanagar,2017-11-23,65.69,Arunachal Pradesh
Itanagar,2017-11-24,65.67,Arunachal Pradesh
Itanagar,2017-11-28,65.53,Arunachal Pradesh
Itanagar,2017-11-30,65.51,Arunachal Pradesh
Itanagar,2017-12-01,65.49,Arunachal Pradesh
Itanagar,2017-12-06,65.51,Arunachal Pradesh
Itanagar,2017-12-07,65.5,Arunachal Pradesh
Itanagar,2017-12-08,65.46,Arunachal Pradesh
Itanagar,2017-12-12,65.37,Arunachal Pradesh
Itanagar,2017-12-13,65.35,Arunachal Pradesh
Itanagar,2017-12-15,65.38,Arunachal Pradesh
Itanagar,2017-12-21,65.68,Arunachal Pradesh
Itanagar,2017-12-22,65.76,Arunachal Pradesh
Itanagar,2017-12-27,65.96,Arunachal Pradesh
Itanagar,2017-12-28,66.05,Arunachal Pradesh
Itanagar,2017-12-29,66.13,Arunachal Pradesh
Itanagar,2018-01-02,66.2,Arunachal Pradesh
Itanagar,2018-02-01,69.12,Arunachal Pradesh
Itanagar,2018-02-02,69.16,Arunachal Pradesh
Itanagar,2018-02-05,69.36,Arunachal Pradesh
Itanagar,2018-02-06,69.43,Arunachal Pradesh
Itanagar,2018-02-08,69.42,Arunachal Pradesh
Itanagar,2018-02-09,69.4,Arunachal Pradesh
Itanagar,2018-02-12,69.08,Arunachal Pradesh
Itanagar,2018-02-13,69.01,Arunachal Pradesh
Itanagar,2018-02-15,68.87,Arunachal Pradesh
Itanagar,2018-02-16,68.62,Arunachal Pradesh
Itanagar,2018-02-19,68.05,Arunachal Pradesh
Itanagar,2018-02-20,67.87,Arunachal Pradesh
Itanagar,2018-02-21,67.86,Arunachal Pradesh
Itanagar,2018-02-22,67.84,Arunachal Pradesh
Itanagar,2018-02-23,67.76,Arunachal Pradesh
Itanagar,2018-02-26,67.68,Arunachal Pradesh
Itanagar,2018-02-27,67.66,Arunachal Pradesh
Itanagar,2018-03-01,67.72,Arunachal Pradesh
Itanagar,2018-03-05,68.43,Arunachal Pradesh
Itanagar,2018-03-06,68.5,Arunachal Pradesh
Itanagar,2018-03-09,68.53,Arunachal Pradesh
Itanagar,2018-03-12,68.55,Arunachal Pradesh
Itanagar,2018-03-13,68.57,Arunachal Pradesh
Itanagar,2018-03-15,68.55,Arunachal Pradesh
Itanagar,2018-03-16,68.48,Arunachal Pradesh
Itanagar,2018-03-19,68.31,Arunachal Pradesh
Itanagar,2018-03-20,68.32,Arunachal Pradesh
Itanagar,2018-03-22,68.37,Arunachal Pradesh
Itanagar,2018-03-23,68.41,Arunachal Pradesh
Itanagar,2018-03-26,68.87,Arunachal Pradesh
Itanagar,2018-03-27,68.98,Arunachal Pradesh
Itanagar,2018-03-29,69.15,Arunachal Pradesh
Itanagar,2018-04-02,69.85,Arunachal Pradesh
Itanagar,2018-04-03,69.97,Arunachal Pradesh
Itanagar,2018-04-05,70.0,Arunachal Pradesh
Itanagar,2018-04-09,70.01,Arunachal Pradesh
Itanagar,2018-04-10,70.0,Arunachal Pradesh
Itanagar,2018-04-12,69.96,Arunachal Pradesh
Itanagar,2018-04-13,69.93,Arunachal Pradesh
Itanagar,2018-04-16,70.03,Arunachal Pradesh
Itanagar,2018-04-19,70.08,Arunachal Pradesh
Itanagar,2018-04-20,70.09,Arunachal Pradesh
Itanagar,2018-04-23,70.49,Arunachal Pradesh
Itanagar,2018-04-24,70.61,Arunachal Pradesh
Itanagar,2018-05-15,70.92,Arunachal Pradesh
Itanagar,2018-05-16,71.07,Arunachal Pradesh
Itanagar,2018-05-17,71.27,Arunachal Pradesh
Itanagar,2018-05-18,71.55,Arunachal Pradesh
Itanagar,2018-05-21,72.45,Arunachal Pradesh
Itanagar,2018-05-22,72.74,Arunachal Pradesh
Itanagar,2018-05-23,73.02,Arunachal Pradesh
Itanagar,2018-05-24,73.3,Arunachal Pradesh
Itanagar,2018-05-25,73.64,Arunachal Pradesh
Itanagar,2018-05-26,73.78,Arunachal Pradesh
Itanagar,2018-05-27,73.92,Arunachal Pradesh
Itanagar,2018-05-28,74.06,Arunachal Pradesh
Itanagar,2018-05-29,74.21,Arunachal Pradesh
Itanagar,2018-05-31,74.14,Arunachal Pradesh
Itanagar,2018-06-01,74.08,Arunachal Pradesh
Itanagar,2018-06-02,73.99,Arunachal Pradesh
Itanagar,2018-06-03,73.91,Arunachal Pradesh
Itanagar,2018-06-04,73.77,Arunachal Pradesh
Itanagar,2018-06-05,73.64,Arunachal Pradesh
Itanagar,2018-06-06,73.54,Arunachal Pradesh
Itanagar,2018-06-07,73.46,Arunachal Pradesh
Itanagar,2018-06-08,73.26,Arunachal Pradesh
Itanagar,2018-06-09,72.88,Arunachal Pradesh
Itanagar,2018-06-10,72.65,Arunachal Pradesh
Itanagar,2018-06-11,72.47,Arunachal Pradesh
Itanagar,2018-06-12,72.33,Arunachal Pradesh
Itanagar,2018-06-15,72.25,Arunachal Pradesh
Itanagar,2018-06-19,72.18,Arunachal Pradesh
Itanagar,2018-06-21,72.08,Arunachal Pradesh
Itanagar,2018-06-22,71.94,Arunachal Pradesh
Itanagar,2018-06-23,71.86,Arunachal Pradesh
Itanagar,2018-06-24,71.73,Arunachal Pradesh
Itanagar,2018-06-25,71.64,Arunachal Pradesh
Itanagar,2018-06-26,71.51,Arunachal Pradesh
Itanagar,2018-07-06,71.5,Arunachal Pradesh
Itanagar,2018-07-10,72.16,Arunachal Pradesh
Itanagar,2018-07-12,72.22,Arunachal Pradesh
Itanagar,2018-07-13,72.37,Arunachal Pradesh
Itanagar,2018-07-16,72.45,Arunachal Pradesh
Itanagar,2018-07-20,72.309,Arunachal Pradesh
Itanagar,2018-07-23,72.0,Arunachal Pradesh
Itanagar,2018-07-24,71.94,Arunachal Pradesh
Itanagar,2018-07-30,71.96,Arunachal Pradesh
Itanagar,2018-07-31,72.01,Arunachal Pradesh
Itanagar,2018-08-02,72.13,Arunachal Pradesh
Itanagar,2018-08-03,72.2,Arunachal Pradesh
Itanagar,2018-08-06,72.63,Arunachal Pradesh
Itanagar,2018-08-07,72.72,Arunachal Pradesh
Itanagar,2018-08-13,72.79,Arunachal Pradesh
Itanagar,2018-08-16,72.84,Arunachal Pradesh
Itanagar,2018-08-20,73.12,Arunachal Pradesh
Itanagar,2018-08-21,73.2,Arunachal Pradesh
Itanagar,2018-08-24,73.29,Arunachal Pradesh
Itanagar,2018-08-25,62.4,Arunachal Pradesh
Itanagar,2018-08-26,66.3,Arunachal Pradesh
Itanagar,2018-08-27,73.51,Arunachal Pradesh
Itanagar,2018-08-28,73.64,Arunachal Pradesh
Itanagar,2018-08-29,73.77,Arunachal Pradesh
Itanagar,2018-08-30,73.88,Arunachal Pradesh
Itanagar,2018-08-31,74.09,Arunachal Pradesh
Itanagar,2018-09-03,74.68,Arunachal Pradesh
Itanagar,2018-09-04,74.83,Arunachal Pradesh
Itanagar,2018-09-06,75.01,Arunachal Pradesh
Itanagar,2018-09-07,75.47,Arunachal Pradesh
Itanagar,2018-09-10,76.45,Arunachal Pradesh
Itanagar,2018-09-11,76.3,Arunachal Pradesh
Itanagar,2018-09-13,76.56,Arunachal Pradesh
Itanagar,2018-09-14,76.68,Arunachal Pradesh
Itanagar,2018-09-15,77.01,Arunachal Pradesh
Itanagar,2018-09-16,77.28,Arunachal Pradesh
Itanagar,2018-09-17,77.42,Arunachal Pradesh
Itanagar,2018-09-18,77.52,Arunachal Pradesh
Itanagar,2018-09-20,77.57,Arunachal Pradesh
Itanagar,2018-09-21,77.66,Arunachal Pradesh
Itanagar,2018-09-23,77.92,Arunachal Pradesh
Itanagar,2018-09-24,78.02,Arunachal Pradesh
Itanagar,2018-09-25,78.15,Arunachal Pradesh
Itanagar,2018-09-27,78.29,Arunachal Pradesh
Itanagar,2018-09-28,78.49,Arunachal Pradesh
Itanagar,2018-09-30,78.75,Arunachal Pradesh
Itanagar,2018-10-01,78.97,Arunachal Pradesh
Itanagar,2018-10-02,79.09,Arunachal Pradesh
Itanagar,2018-10-04,79.23,Arunachal Pradesh
Itanagar,2018-10-05,79.53,Arunachal Pradesh
Itanagar,2018-10-06,74.59,Arunachal Pradesh
Itanagar,2018-10-07,74.71,Arunachal Pradesh
Itanagar,2018-10-08,74.91,Arunachal Pradesh
Itanagar,2018-10-09,75.11,Arunachal Pradesh
Itanagar,2018-10-11,75.2,Arunachal Pradesh
Itanagar,2018-10-12,75.31,Arunachal Pradesh
Itanagar,2018-10-13,75.47,Arunachal Pradesh
Itanagar,2018-10-14,75.53,Arunachal Pradesh
Itanagar,2018-10-16,75.63,Arunachal Pradesh
Itanagar,2018-10-18,75.44,Arunachal Pradesh
Itanagar,2018-10-19,75.22,Arunachal Pradesh
Itanagar,2018-10-20,74.87,Arunachal Pradesh
Itanagar,2018-10-22,74.37,Arunachal Pradesh
Itanagar,2018-10-23,74.28,Arunachal Pradesh
Itanagar,2018-10-24,74.19,Arunachal Pradesh
Itanagar,2018-10-26,73.83,Arunachal Pradesh
Itanagar,2018-10-29,72.82,Arunachal Pradesh
Itanagar,2018-10-30,72.64,Arunachal Pradesh
Itanagar,2018-11-01,72.69,Arunachal Pradesh
Itanagar,2018-11-02,72.26,Arunachal Pradesh
Itanagar,2018-11-05,71.69,Arunachal Pradesh
Itanagar,2018-11-06,71.56,Arunachal Pradesh
Itanagar,2018-11-12,70.77,Arunachal Pradesh
Itanagar,2018-11-13,70.66,Arunachal Pradesh
Itanagar,2018-11-15,70.52,Arunachal Pradesh
Itanagar,2018-11-16,70.35,Arunachal Pradesh
Itanagar,2018-11-19,70.03,Arunachal Pradesh
Itanagar,2018-11-20,69.7,Arunachal Pradesh
Itanagar,2018-11-22,69.33,Arunachal Pradesh
Itanagar,2018-11-23,68.97,Arunachal Pradesh
Itanagar,2018-11-26,67.98,Arunachal Pradesh
Itanagar,2018-11-27,67.59,Arunachal Pradesh
Itanagar,2018-11-28,67.14,Arunachal Pradesh
Itanagar,2018-11-29,66.85,Arunachal Pradesh
Itanagar,2018-11-30,66.51,Arunachal Pradesh
Itanagar,2018-12-01,66.2,Arunachal Pradesh
Itanagar,2018-12-02,65.92,Arunachal Pradesh
Itanagar,2018-12-03,65.9,Arunachal Pradesh
Itanagar,2018-12-04,65.46,Arunachal Pradesh
Itanagar,2018-12-06,65.09,Arunachal Pradesh
Itanagar,2018-12-07,64.72,Arunachal Pradesh
Itanagar,2018-12-10,63.94,Arunachal Pradesh
Itanagar,2018-12-11,64.09,Arunachal Pradesh
Itanagar,2018-12-13,63.95,Arunachal Pradesh
Itanagar,2018-12-17,64.4,Arunachal Pradesh
Itanagar,2018-12-18,64.49,Arunachal Pradesh
Itanagar,2018-12-21,64.33,Arunachal Pradesh
Itanagar,2018-12-24,63.8,Arunachal Pradesh
Itanagar,2018-12-25,63.73,Arunachal Pradesh
Itanagar,2018-12-27,63.69,Arunachal Pradesh
Itanagar,2018-12-28,63.51,Arunachal Pradesh
Itanagar,2018-12-31,62.86,Arunachal Pradesh
Itanagar,2019-01-02,62.7,Arunachal Pradesh
Itanagar,2019-01-04,62.51,Arunachal Pradesh
Itanagar,2019-01-07,62.57,Arunachal Pradesh
Itanagar,2019-01-10,62.92,Arunachal Pradesh
Itanagar,2019-01-11,63.09,Arunachal Pradesh
Itanagar,2019-01-14,64.06,Arunachal Pradesh
Itanagar,2019-01-16,64.23,Arunachal Pradesh
Itanagar,2019-01-17,64.36,Arunachal Pradesh
Itanagar,2019-01-18,64.43,Arunachal Pradesh
Itanagar,2019-01-21,64.97,Arunachal Pradesh
Itanagar,2019-01-22,65.09,Arunachal Pradesh
Itanagar,2019-01-29,65.02,Arunachal Pradesh
Itanagar,2019-01-31,64.93,Arunachal Pradesh
Itanagar,2019-02-01,64.79,Arunachal Pradesh
Itanagar,2019-02-05,64.34,Arunachal Pradesh
Itanagar,2019-02-08,64.28,Arunachal Pradesh
Itanagar,2019-02-11,64.24,Arunachal Pradesh
Itanagar,2019-02-14,64.29,Arunachal Pradesh
Itanagar,2019-02-15,64.35,Arunachal Pradesh
Itanagar,2019-02-18,64.77,Arunachal Pradesh
Itanagar,2019-02-19,64.85,Arunachal Pradesh
Itanagar,2019-02-22,65.11,Arunachal Pradesh
Itanagar,2019-02-25,65.37,Arunachal Pradesh
Itanagar,2019-02-26,65.45,Arunachal Pradesh
Itanagar,2019-02-28,65.52,Arunachal Pradesh
Itanagar,2019-03-01,65.59,Arunachal Pradesh
Itanagar,2019-03-04,65.92,Arunachal Pradesh
Itanagar,2019-03-05,65.98,Arunachal Pradesh
Itanagar,2019-03-11,66.18,Arunachal Pradesh
Itanagar,2019-03-12,66.14,Arunachal Pradesh
Itanagar,2019-03-14,66.2,Arunachal Pradesh
Itanagar,2019-03-15,66.27,Arunachal Pradesh
Itanagar,2019-03-18,66.66,Arunachal Pradesh
Itanagar,2019-03-19,66.73,Arunachal Pradesh
Itanagar,2019-03-21,66.66,Arunachal Pradesh
Itanagar,2019-03-22,66.71,Arunachal Pradesh
Itanagar,2019-03-23,66.75,Arunachal Pradesh
Itanagar,2019-03-24,66.8,Arunachal Pradesh
Itanagar,2019-03-28,66.5,Arunachal Pradesh
Itanagar,2019-04-05,66.55,Arunachal Pradesh
Itanagar,2019-04-08,66.49,Arunachal Pradesh
Itanagar,2019-04-09,66.7,Arunachal Pradesh
Itanagar,2019-04-12,66.5,Arunachal Pradesh
Itanagar,2019-04-15,66.86,Arunachal Pradesh
Itanagar,2019-04-16,66.82,Arunachal Pradesh
Itanagar,2019-04-17,66.57,Arunachal Pradesh
Itanagar,2019-04-20,66.88,Arunachal Pradesh
Itanagar,2019-04-22,66.63,Arunachal Pradesh
Itanagar,2019-04-25,66.65,Arunachal Pradesh
Itanagar,2019-04-27,66.95,Arunachal Pradesh
Itanagar,2019-04-29,66.7,Arunachal Pradesh
Itanagar,2019-04-30,66.75,Arunachal Pradesh
Itanagar,2019-05-02,66.69,Arunachal Pradesh
Itanagar,2019-05-04,67.0,Arunachal Pradesh
Itanagar,2019-05-05,66.96,Arunachal Pradesh
Itanagar,2019-05-06,66.9,Arunachal Pradesh
Itanagar,2019-05-09,66.75,Arunachal Pradesh
Itanagar,2019-05-10,66.56,Arunachal Pradesh
Itanagar,2019-05-11,66.12,Arunachal Pradesh
Itanagar,2019-05-12,65.74,Arunachal Pradesh
Itanagar,2019-05-13,65.46,Arunachal Pradesh
Itanagar,2019-05-14,65.23,Arunachal Pradesh
Itanagar,2019-05-17,65.16,Arunachal Pradesh
Itanagar,2019-05-18,65.09,Arunachal Pradesh
Itanagar,2019-05-20,65.18,Arunachal Pradesh
Itanagar,2019-05-21,65.23,Arunachal Pradesh
Itanagar,2019-05-23,65.3,Arunachal Pradesh
Itanagar,2019-05-24,65.42,Arunachal Pradesh
Itanagar,2019-05-25,65.3,Arunachal Pradesh
Itanagar,2019-05-26,65.43,Arunachal Pradesh
Itanagar,2019-05-27,65.77,Arunachal Pradesh
Itanagar,2019-05-28,65.85,Arunachal Pradesh
Itanagar,2019-05-30,65.8,Arunachal Pradesh
Itanagar,2019-05-31,65.73,Arunachal Pradesh
Itanagar,2019-06-01,65.68,Arunachal Pradesh
Itanagar,2019-06-02,65.57,Arunachal Pradesh
Itanagar,2019-06-03,65.41,Arunachal Pradesh
Itanagar,2019-06-04,65.09,Arunachal Pradesh
Itanagar,2019-06-06,64.96,Arunachal Pradesh
Itanagar,2019-06-07,64.84,Arunachal Pradesh
Itanagar,2019-06-10,64.37,Arunachal Pradesh
Itanagar,2019-06-13,64.3,Arunachal Pradesh
Itanagar,2019-06-14,64.38,Arunachal Pradesh
Itanagar,2019-06-15,64.21,Arunachal Pradesh
Itanagar,2019-06-16,64.14,Arunachal Pradesh
Itanagar,2019-06-24,64.03,Arunachal Pradesh
Itanagar,2019-06-27,64.33,Arunachal Pradesh
Itanagar,2019-06-28,64.38,Arunachal Pradesh
Itanagar,2019-06-29,64.48,Arunachal Pradesh
Itanagar,2019-06-30,64.56,Arunachal Pradesh
Itanagar,2019-07-01,64.67,Arunachal Pradesh
Itanagar,2019-07-02,64.79,Arunachal Pradesh
Itanagar,2019-07-08,66.77,Arunachal Pradesh
Itanagar,2019-07-09,66.74,Arunachal Pradesh
Itanagar,2019-07-11,61.54,Arunachal Pradesh
Itanagar,2019-07-12,66.74,Arunachal Pradesh
Itanagar,2019-07-14,67.19,Arunachal Pradesh
Itanagar,2019-07-15,67.31,Arunachal Pradesh
Itanagar,2019-07-19,67.19,Arunachal Pradesh
Itanagar,2019-07-25,67.24,Arunachal Pradesh
Itanagar,2019-07-26,67.13,Arunachal Pradesh
Itanagar,2019-07-27,67.33,Arunachal Pradesh
Itanagar,2019-07-28,67.24,Arunachal Pradesh
Itanagar,2019-07-29,67.11,Arunachal Pradesh
Itanagar,2019-07-30,66.99,Arunachal Pradesh
Itanagar,2019-08-01,66.93,Arunachal Pradesh
Itanagar,2019-08-02,66.86,Arunachal Pradesh
Itanagar,2019-08-03,66.8,Arunachal Pradesh
Itanagar,2019-08-05,66.58,Arunachal Pradesh
Itanagar,2019-08-06,66.49,Arunachal Pradesh
Itanagar,2019-08-08,66.45,Arunachal Pradesh
Itanagar,2019-08-10,66.31,Arunachal Pradesh
Itanagar,2019-08-11,66.23,Arunachal Pradesh
Itanagar,2019-08-12,65.98,Arunachal Pradesh
Itanagar,2019-08-18,66.16,Arunachal Pradesh
Itanagar,2019-08-19,65.84,Arunachal Pradesh
Itanagar,2019-08-20,66.09,Arunachal Pradesh
Itanagar,2019-08-24,66.17,Arunachal Pradesh
Itanagar,2019-08-25,62.4,Arunachal Pradesh
Itanagar,2019-08-26,66.3,Arunachal Pradesh
Itanagar,2019-08-27,66.3,Arunachal Pradesh
Itanagar,2019-08-27,66.05,Arunachal Pradesh
Itanagar,2019-08-29,66.0,Arunachal Pradesh
Itanagar,2019-09-05,66.2,Arunachal Pradesh
Itanagar,2019-09-06,66.13,Arunachal Pradesh
Itanagar,2019-09-07,66.05,Arunachal Pradesh
Itanagar,2019-09-08,66.0,Arunachal Pradesh
Itanagar,2019-09-10,66.05,Arunachal Pradesh
Itanagar,2019-09-12,66.1,Arunachal Pradesh
Itanagar,2019-09-13,66.17,Arunachal Pradesh
Itanagar,2019-09-14,66.23,Arunachal Pradesh
Itanagar,2019-09-15,66.29,Arunachal Pradesh
Itanagar,2019-09-17,66.44,Arunachal Pradesh
Itanagar,2019-09-18,66.62,Arunachal Pradesh
Itanagar,2019-09-19,66.85,Arunachal Pradesh
Itanagar,2019-09-20,67.12,Arunachal Pradesh
Itanagar,2019-09-21,67.37,Arunachal Pradesh
Itanagar,2019-09-22,67.68,Arunachal Pradesh
Itanagar,2019-09-23,67.93,Arunachal Pradesh
Itanagar,2019-09-24,68.15,Arunachal Pradesh
Itanagar,2019-09-26,68.21,Arunachal Pradesh
Itanagar,2019-09-27,68.34,Arunachal Pradesh
Itanagar,2019-09-30,68.41,Arunachal Pradesh
Itanagar,2019-10-01,68.61,Arunachal Pradesh
Itanagar,2019-10-03,68.44,Arunachal Pradesh
Itanagar,2019-10-04,68.02,Arunachal Pradesh
Itanagar,2019-10-05,68.01,Arunachal Pradesh
Itanagar,2019-10-07,67.51,Arunachal Pradesh
Itanagar,2019-10-08,67.35,Arunachal Pradesh
Itanagar,2019-10-10,67.3,Arunachal Pradesh
Itanagar,2019-10-11,67.2,Arunachal Pradesh
Itanagar,2019-10-12,67.35,Arunachal Pradesh
Itanagar,2019-10-15,67.3,Arunachal Pradesh
Itanagar,2019-10-19,67.31,Arunachal Pradesh
Itanagar,2019-10-22,67.26,Arunachal Pradesh
Itanagar,2019-10-24,67.21,Arunachal Pradesh
Itanagar,2019-10-25,67.1,Arunachal Pradesh
Itanagar,2019-10-26,67.04,Arunachal Pradesh
Itanagar,2019-10-29,66.99,Arunachal Pradesh
Itanagar,2019-11-01,66.93,Arunachal Pradesh
Itanagar,2019-11-02,66.87,Arunachal Pradesh
Itanagar,2019-11-03,66.82,Arunachal Pradesh
Itanagar,2019-11-05,66.74,Arunachal Pradesh
Itanagar,2019-11-08,66.64,Arunachal Pradesh
Itanagar,2019-11-09,66.78,Arunachal Pradesh
Itanagar,2019-11-10,68.16,Arunachal Pradesh
Itanagar,2019-11-13,67.39,Arunachal Pradesh
Itanagar,2019-11-14,67.52,Arunachal Pradesh
Itanagar,2019-11-15,67.67,Arunachal Pradesh
Itanagar,2019-11-16,67.92,Arunachal Pradesh
Itanagar,2019-11-17,68.04,Arunachal Pradesh
Itanagar,2019-11-18,68.19,Arunachal Pradesh
Itanagar,2019-11-19,68.34,Arunachal Pradesh
Itanagar,2019-11-22,68.35,Arunachal Pradesh
Itanagar,2019-11-23,68.44,Arunachal Pradesh
Itanagar,2019-11-24,68.52,Arunachal Pradesh
Itanagar,2019-11-25,68.62,Arunachal Pradesh
Itanagar,2019-11-26,68.72,Arunachal Pradesh
Itanagar,2019-11-29,68.77,Arunachal Pradesh
Itanagar,2019-11-30,68.823,Arunachal Pradesh
Itanagar,2019-12-01,68.87,Arunachal Pradesh
Itanagar,2019-12-07,68.78,Arunachal Pradesh
Itanagar,2019-12-08,68.87,Arunachal Pradesh
Itanagar,2019-12-09,68.92,Arunachal Pradesh
Itanagar,2019-12-10,68.68,Arunachal Pradesh
Itanagar,2019-12-12,68.63,Arunachal Pradesh
Itanagar,2019-12-13,68.57,Arunachal Pradesh
Itanagar,2019-12-14,68.79,Arunachal Pradesh
Itanagar,2019-12-15,68.7,Arunachal Pradesh
Itanagar,2019-12-16,68.57,Arunachal Pradesh
Itanagar,2019-12-17,68.52,Arunachal Pradesh
Itanagar,2019-12-19,68.6,Arunachal Pradesh
Itanagar,2019-12-26,68.39,Arunachal Pradesh
Itanagar,2019-12-27,68.44,Arunachal Pradesh
Itanagar,2019-12-29,68.83,Arunachal Pradesh
Itanagar,2019-12-30,68.96,Arunachal Pradesh
Itanagar,2019-12-31,69.06,Arunachal Pradesh
Itanagar,2020-01-02,69.21,Arunachal Pradesh
Itanagar,2020-01-03,68.95,Arunachal Pradesh
Itanagar,2020-01-04,69.05,Arunachal Pradesh
Itanagar,2020-01-05,69.15,Arunachal Pradesh
Itanagar,2020-01-06,69.3,Arunachal Pradesh
Itanagar,2020-01-07,69.45,Arunachal Pradesh
Itanagar,2020-01-08,69.35,Arunachal Pradesh
Itanagar,2020-01-10,70.08,Arunachal Pradesh
Itanagar,2020-01-11,70.13,Arunachal Pradesh
Itanagar,2020-01-12,70.03,Arunachal Pradesh
Itanagar,2020-01-13,69.93,Arunachal Pradesh
Itanagar,2020-01-14,69.83,Arunachal Pradesh
Itanagar,2020-01-16,69.68,Arunachal Pradesh
Itanagar,2020-01-17,69.53,Arunachal Pradesh
Itanagar,2020-01-18,69.12,Arunachal Pradesh
Itanagar,2020-01-19,68.97,Arunachal Pradesh
Itanagar,2020-01-20,68.61,Arunachal Pradesh
Itanagar,2020-01-21,68.45,Arunachal Pradesh
Itanagar,2020-01-22,68.45,Arunachal Pradesh
Itanagar,2020-01-23,68.27,Arunachal Pradesh
Itanagar,2020-01-24,68.05,Arunachal Pradesh
Itanagar,2020-01-25,67.8,Arunachal Pradesh
Itanagar,2020-01-26,67.5,Arunachal Pradesh
Itanagar,2020-01-27,67.46,Arunachal Pradesh
Itanagar,2020-01-28,67.36,Arunachal Pradesh
Itanagar,2020-01-29,67.36,Arunachal Pradesh
Itanagar,2020-01-30,67.12,Arunachal Pradesh
Itanagar,2020-01-31,67.31,Arunachal Pradesh
Itanagar,2020-02-01,67.26,Arunachal Pradesh
Itanagar,2020-02-02,67.16,Arunachal Pradesh
Itanagar,2020-02-03,67.11,Arunachal Pradesh
Itanagar,2020-02-04,67.06,Arunachal Pradesh
Itanagar,2020-02-05,67.06,Arunachal Pradesh
Itanagar,2020-02-06,66.99,Arunachal Pradesh
Itanagar,2020-02-07,66.78,Arunachal Pradesh
Itanagar,2020-02-08,66.58,Arunachal Pradesh
Itanagar,2020-02-09,66.39,Arunachal Pradesh
Itanagar,2020-02-10,66.28,Arunachal Pradesh
Itanagar,2020-02-11,66.03,Arunachal Pradesh
Itanagar,2020-02-12,66.03,Arunachal Pradesh
Itanagar,2020-02-13,66.03,Arunachal Pradesh
Itanagar,2020-02-14,65.88,Arunachal Pradesh
Itanagar,2020-02-15,65.88,Arunachal Pradesh
Itanagar,2020-02-17,65.88,Arunachal Pradesh
Itanagar,2020-02-18,65.84,Arunachal Pradesh
Itanagar,2020-02-19,65.84,Arunachal Pradesh
Itanagar,2020-02-20,65.84,Arunachal Pradesh
Itanagar,2020-02-21,65.84,Arunachal Pradesh
Itanagar,2020-02-24,65.95,Arunachal Pradesh
Itanagar,2020-02-25,65.95,Arunachal Pradesh
Itanagar,2020-02-26,65.95,Arunachal Pradesh
Itanagar,2020-02-27,65.9,Arunachal Pradesh
Itanagar,2020-02-28,65.9,Arunachal Pradesh
Itanagar,2020-02-29,66.09,Arunachal Pradesh
Itanagar,2020-03-01,65.94,Arunachal Pradesh
Itanagar,2020-03-03,64.69,Arunachal Pradesh
Itanagar,2020-03-04,64.69,Arunachal Pradesh
Itanagar,2020-03-05,65.54,Arunachal Pradesh
Itanagar,2020-03-06,65.42,Arunachal Pradesh
Itanagar,2020-03-07,65.31,Arunachal Pradesh
Itanagar,2020-03-08,65.14,Arunachal Pradesh
Itanagar,2020-03-09,64.92,Arunachal Pradesh
Itanagar,2020-03-10,64.62,Arunachal Pradesh
Itanagar,2020-03-11,64.62,Arunachal Pradesh
Itanagar,2020-03-12,64.51,Arunachal Pradesh
Itanagar,2020-03-13,64.37,Arunachal Pradesh
Itanagar,2020-03-14,64.24,Arunachal Pradesh
Itanagar,2020-03-15,64.15,Arunachal Pradesh
Itanagar,2020-03-16,64.0,Arunachal Pradesh
Itanagar,2020-03-17,64.0,Arunachal Pradesh
Itanagar,2020-03-18,64.0,Arunachal Pradesh
Itanagar,2020-03-19,64.0,Arunachal Pradesh
Itanagar,2020-03-20,64.0,Arunachal Pradesh
Itanagar,2020-03-21,64.0,Arunachal Pradesh
Itanagar,2020-03-22,64.0,Arunachal Pradesh
Itanagar,2020-03-23,64.0,Arunachal Pradesh
Itanagar,2020-03-24,64.0,Arunachal Pradesh
Itanagar,2020-03-25,64.0,Arunachal Pradesh
Itanagar,2020-03-26,64.0,Arunachal Pradesh
Itanagar,2020-03-27,64.0,Arunachal Pradesh
Itanagar,2020-03-28,64.0,Arunachal Pradesh
Itanagar,2020-03-29,64.0,Arunachal Pradesh
Itanagar,2020-03-30,64.0,Arunachal Pradesh
Itanagar,2020-03-31,64.0,Arunachal Pradesh
Itanagar,2020-04-01,64.0,Arunachal Pradesh
Itanagar,2020-04-02,64.0,Arunachal Pradesh
Itanagar,2020-04-03,64.0,Arunachal Pradesh
Itanagar,2020-04-04,64.0,Arunachal Pradesh
Itanagar,2020-04-05,64.0,Arunachal Pradesh
Itanagar,2020-04-06,63.76,Arunachal Pradesh
Itanagar,2020-04-07,63.76,Arunachal Pradesh
Itanagar,2020-04-08,63.76,Arunachal Pradesh
Itanagar,2020-04-09,63.76,Arunachal Pradesh
Itanagar,2020-04-10,63.76,Arunachal Pradesh
Itanagar,2020-04-11,63.76,Arunachal Pradesh
Itanagar,2020-04-12,63.76,Arunachal Pradesh
Itanagar,2020-04-13,63.76,Arunachal Pradesh
Itanagar,2020-04-14,63.76,Arunachal Pradesh
Itanagar,2020-04-15,63.76,Arunachal Pradesh
Itanagar,2020-04-16,63.76,Arunachal Pradesh
Itanagar,2020-04-17,63.76,Arunachal Pradesh
Itanagar,2020-04-18,63.76,Arunachal Pradesh
Itanagar,2020-04-20,63.76,Arunachal Pradesh
Itanagar,2020-04-21,63.76,Arunachal Pradesh
Itanagar,2020-04-22,63.76,Arunachal Pradesh
Itanagar,2020-04-23,63.76,Arunachal Pradesh
Itanagar,2020-04-24,63.76,Arunachal Pradesh
Itanagar,2020-04-25,63.76,Arunachal Pradesh
Itanagar,2020-04-26,63.76,Arunachal Pradesh
Itanagar,2020-04-27,63.76,Arunachal Pradesh
Itanagar,2020-04-28,63.76,Arunachal Pradesh
Itanagar,2020-04-29,63.76,Arunachal Pradesh
Itanagar,2020-04-30,63.76,Arunachal Pradesh
Itanagar,2020-05-01,63.76,Arunachal Pradesh
Itanagar,2020-05-02,63.76,Arunachal Pradesh
Itanagar,2020-05-03,63.76,Arunachal Pradesh
Itanagar,2020-05-04,63.76,Arunachal Pradesh
Itanagar,2020-06-02,66.12,Arunachal Pradesh
Itanagar,2020-06-03,66.12,Arunachal Pradesh
Itanagar,2020-06-04,66.12,Arunachal Pradesh
Itanagar,2020-06-05,66.12,Arunachal Pradesh
Itanagar,2020-06-06,66.12,Arunachal Pradesh
Itanagar,2020-06-07,66.72,Arunachal Pradesh
Itanagar,2020-06-08,67.32,Arunachal Pradesh
Itanagar,2020-06-09,67.86,Arunachal Pradesh
Itanagar,2020-06-10,68.26,Arunachal Pradesh
Itanagar,2020-06-11,68.86,Arunachal Pradesh
Itanagar,2020-06-12,69.46,Arunachal Pradesh
Itanagar,2020-06-13,70.06,Arunachal Pradesh
Itanagar,2020-06-14,70.66,Arunachal Pradesh
Itanagar,2020-06-15,70.89,Arunachal Pradesh
Itanagar,2020-06-16,70.97,Arunachal Pradesh
Itanagar,2020-06-17,71.68,Arunachal Pradesh
Itanagar,2020-06-18,71.97,Arunachal Pradesh
Itanagar,2020-06-19,72.49,Arunachal Pradesh
Itanagar,2020-06-20,76.28,Arunachal Pradesh
Itanagar,2020-06-21,73.5,Arunachal Pradesh
Itanagar,2020-06-22,73.8,Arunachal Pradesh
Itanagar,2020-06-23,74.0,Arunachal Pradesh
Itanagar,2020-06-24,73.96,Arunachal Pradesh
Itanagar,2020-06-25,73.91,Arunachal Pradesh
Itanagar,2020-06-26,74.11,Arunachal Pradesh
Itanagar,2020-06-27,74.35,Arunachal Pradesh
Itanagar,2020-06-28,74.35,Arunachal Pradesh
Itanagar,2020-06-29,74.58,Arunachal Pradesh
Itanagar,2020-06-30,74.58,Arunachal Pradesh
Itanagar,2020-07-01,74.58,Arunachal Pradesh
Itanagar,2020-07-02,74.58,Arunachal Pradesh
Itanagar,2020-07-03,74.58,Arunachal Pradesh
Itanagar,2020-07-04,74.58,Arunachal Pradesh
Itanagar,2020-07-05,74.58,Arunachal Pradesh
Itanagar,2020-07-06,74.58,Arunachal Pradesh
Itanagar,2020-07-07,74.58,Arunachal Pradesh
Itanagar,2020-07-08,74.58,Arunachal Pradesh
Itanagar,2020-07-09,74.58,Arunachal Pradesh
Itanagar,2020-07-10,74.58,Arunachal Pradesh
Itanagar,2020-07-11,74.58,Arunachal Pradesh
Itanagar,2020-07-12,74.58,Arunachal Pradesh
Itanagar,2020-07-13,74.57,Arunachal Pradesh
Itanagar,2020-07-15,74.39,Arunachal Pradesh
Itanagar,2020-07-16,74.39,Arunachal Pradesh
Itanagar,2020-07-17,74.39,Arunachal Pradesh
Itanagar,2020-07-18,74.39,Arunachal Pradesh
Itanagar,2020-07-19,74.39,Arunachal Pradesh
Itanagar,2020-07-20,74.39,Arunachal Pradesh
Itanagar,2020-07-21,74.39,Arunachal Pradesh
Itanagar,2020-07-22,74.39,Arunachal Pradesh
Itanagar,2020-07-23,74.39,Arunachal Pradesh
Itanagar,2020-07-24,74.39,Arunachal Pradesh
Itanagar,2020-07-25,74.39,Arunachal Pradesh
Itanagar,2020-07-26,74.39,Arunachal Pradesh
Itanagar,2020-07-27,74.39,Arunachal Pradesh
Itanagar,2020-07-28,74.39,Arunachal Pradesh
Itanagar,2020-07-29,74.39,Arunachal Pradesh
Itanagar,2020-07-30,74.39,Arunachal Pradesh
Itanagar,2020-07-31,74.39,Arunachal Pradesh
Itanagar,2020-08-01,74.39,Arunachal Pradesh
Itanagar,2020-08-02,74.39,Arunachal Pradesh
Itanagar,2020-08-03,74.39,Arunachal Pradesh
Itanagar,2020-08-04,74.39,Arunachal Pradesh
Itanagar,2020-08-05,74.39,Arunachal Pradesh
Itanagar,2020-08-06,74.39,Arunachal Pradesh
Itanagar,2020-08-07,74.39,Arunachal Pradesh
Itanagar,2020-08-08,74.39,Arunachal Pradesh
Itanagar,2020-08-09,74.39,Arunachal Pradesh
Itanagar,2020-08-10,74.39,Arunachal Pradesh
Itanagar,2020-08-11,74.39,Arunachal Pradesh
Itanagar,2020-08-12,74.39,Arunachal Pradesh
Itanagar,2020-08-13,74.39,Arunachal Pradesh
Itanagar,2020-08-14,74.39,Arunachal Pradesh
Itanagar,2020-08-15,74.39,Arunachal Pradesh
Itanagar,2020-08-16,74.9,Arunachal Pradesh
Itanagar,2020-08-17,75.03,Arunachal Pradesh
Itanagar,2020-08-18,75.18,Arunachal Pradesh
Itanagar,2020-08-19,75.18,Arunachal Pradesh
Itanagar,2020-08-20,75.28,Arunachal Pradesh
Itanagar,2020-08-21,75.45,Arunachal Pradesh
Itanagar,2020-08-22,75.57,Arunachal Pradesh
Itanagar,2020-08-23,75.7,Arunachal Pradesh
Itanagar,2020-08-24,75.8,Arunachal Pradesh
Itanagar,2020-08-25,75.9,Arunachal Pradesh
Itanagar,2020-08-26,75.9,Arunachal Pradesh
Itanagar,2020-08-27,75.98,Arunachal Pradesh
Itanagar,2020-08-28,76.07,Arunachal Pradesh
Itanagar,2020-08-29,76.07,Arunachal Pradesh
Itanagar,2020-08-30,76.16,Arunachal Pradesh
Itanagar,2020-08-31,76.16,Arunachal Pradesh
Itanagar,2020-09-01,76.2,Arunachal Pradesh
Itanagar,2020-09-02,76.2,Arunachal Pradesh
Itanagar,2020-09-03,76.2,Arunachal Pradesh
Itanagar,2020-09-04,76.2,Arunachal Pradesh
Itanagar,2020-09-05,76.2,Arunachal Pradesh
Itanagar,2020-09-06,76.2,Arunachal Pradesh
Itanagar,2020-09-07,76.11,Arunachal Pradesh
Itanagar,2020-09-08,76.11,Arunachal Pradesh
Itanagar,2020-09-09,76.11,Arunachal Pradesh
Itanagar,2020-09-10,76.01,Arunachal Pradesh
Itanagar,2020-09-11,76.01,Arunachal Pradesh
Itanagar,2020-09-12,75.9,Arunachal Pradesh
Itanagar,2020-09-13,75.9,Arunachal Pradesh
Itanagar,2020-09-14,75.77,Arunachal Pradesh
Itanagar,2020-09-15,75.6,Arunachal Pradesh
Itanagar,2020-09-16,75.6,Arunachal Pradesh
Itanagar,2020-09-17,75.48,Arunachal Pradesh
Itanagar,2020-09-18,75.24,Arunachal Pradesh
Itanagar,2020-09-19,75.24,Arunachal Pradesh
Itanagar,2020-09-20,75.24,Arunachal Pradesh
Itanagar,2020-09-21,75.24,Arunachal Pradesh
Itanagar,2020-09-22,75.18,Arunachal Pradesh
Itanagar,2020-09-23,75.18,Arunachal Pradesh
Itanagar,2020-09-24,75.18,Arunachal Pradesh
Itanagar,2020-09-25,75.18,Arunachal Pradesh
Itanagar,2020-09-26,75.18,Arunachal Pradesh
Itanagar,2020-09-27,75.18,Arunachal Pradesh
Itanagar,2020-09-28,75.18,Arunachal Pradesh
Itanagar,2020-09-29,75.18,Arunachal Pradesh
Itanagar,2020-09-30,75.18,Arunachal Pradesh
Itanagar,2020-10-01,75.18,Arunachal Pradesh
Itanagar,2020-10-02,75.03,Arunachal Pradesh
Itanagar,2020-10-03,75.03,Arunachal Pradesh
Itanagar,2020-10-04,75.03,Arunachal Pradesh
Itanagar,2020-10-05,75.03,Arunachal Pradesh
Itanagar,2020-10-06,75.03,Arunachal Pradesh
Itanagar,2020-10-07,75.03,Arunachal Pradesh
Itanagar,2020-10-08,75.18,Arunachal Pradesh
Itanagar,2020-10-09,75.18,Arunachal Pradesh
Itanagar,2020-10-10,75.18,Arunachal Pradesh
Itanagar,2020-10-11,75.18,Arunachal Pradesh
Itanagar,2020-10-12,75.18,Arunachal Pradesh
Itanagar,2020-10-13,75.18,Arunachal Pradesh
Itanagar,2020-10-14,75.18,Arunachal Pradesh
Itanagar,2020-10-15,75.18,Arunachal Pradesh
Itanagar,2020-10-16,75.18,Arunachal Pradesh
Itanagar,2020-10-17,75.18,Arunachal Pradesh
Itanagar,2020-10-18,75.18,Arunachal Pradesh
Itanagar,2020-10-19,75.18,Arunachal Pradesh
Itanagar,2020-10-20,75.18,Arunachal Pradesh
Itanagar,2020-10-21,75.18,Arunachal Pradesh
Itanagar,2020-10-22,75.18,Arunachal Pradesh
Itanagar,2020-10-23,75.18,Arunachal Pradesh
Itanagar,2020-10-24,75.18,Arunachal Pradesh
Itanagar,2020-10-25,75.18,Arunachal Pradesh
Itanagar,2020-10-26,75.18,Arunachal Pradesh
Itanagar,2020-10-27,75.18,Arunachal Pradesh
Itanagar,2020-10-28,75.18,Arunachal Pradesh
Itanagar,2020-10-29,75.18,Arunachal Pradesh
Itanagar,2020-10-30,75.18,Arunachal Pradesh
Itanagar,2020-10-31,75.18,Arunachal Pradesh
Itanagar,2020-11-01,75.18,Arunachal Pradesh
Itanagar,2020-11-02,75.18,Arunachal Pradesh
Itanagar,2020-11-03,75.18,Arunachal Pradesh
Itanagar,2020-11-04,75.18,Arunachal Pradesh
Itanagar,2020-11-05,75.18,Arunachal Pradesh
Itanagar,2020-11-06,75.18,Arunachal Pradesh
Itanagar,2020-11-07,75.18,Arunachal Pradesh
Itanagar,2020-11-08,75.18,Arunachal Pradesh
Itanagar,2020-11-09,75.18,Arunachal Pradesh
Itanagar,2020-11-10,75.18,Arunachal Pradesh
Itanagar,2020-11-11,75.18,Arunachal Pradesh
Itanagar,2020-11-12,75.18,Arunachal Pradesh
Itanagar,2020-11-13,75.18,Arunachal Pradesh
Itanagar,2020-11-14,75.18,Arunachal Pradesh
Itanagar,2020-11-15,75.18,Arunachal Pradesh
Itanagar,2020-11-16,75.18,Arunachal Pradesh
Itanagar,2020-11-17,75.18,Arunachal Pradesh
Itanagar,2020-11-18,75.18,Arunachal Pradesh
Itanagar,2020-11-19,75.18,Arunachal Pradesh
Itanagar,2020-11-20,75.32,Arunachal Pradesh
Itanagar,2020-11-21,75.46,Arunachal Pradesh
Itanagar,2020-11-22,75.63,Arunachal Pradesh
Itanagar,2020-11-23,75.6,Arunachal Pradesh
Itanagar,2020-11-24,75.65,Arunachal Pradesh
Itanagar,2020-11-25,75.65,Arunachal Pradesh
Itanagar,2020-11-26,75.76,Arunachal Pradesh
Itanagar,2020-11-27,75.93,Arunachal Pradesh
Itanagar,2020-11-28,76.18,Arunachal Pradesh
Itanagar,2020-11-29,76.37,Arunachal Pradesh
Itanagar,2020-11-30,76.37,Arunachal Pradesh
Itanagar,2020-12-01,76.37,Arunachal Pradesh
Itanagar,2020-12-02,76.48,Arunachal Pradesh
Itanagar,2020-12-03,76.65,Arunachal Pradesh
Itanagar,2020-12-04,76.84,Arunachal Pradesh
Itanagar,2020-12-05,77.07,Arunachal Pradesh
Itanagar,2020-12-06,77.32,Arunachal Pradesh
Itanagar,2020-12-07,77.61,Arunachal Pradesh
Itanagar,2020-12-08,77.61,Arunachal Pradesh
Itanagar,2020-12-09,77.61,Arunachal Pradesh
Itanagar,2020-12-10,77.61,Arunachal Pradesh
Itanagar,2020-12-11,77.61,Arunachal Pradesh
Itanagar,2020-12-12,77.61,Arunachal Pradesh
Itanagar,2020-12-13,77.61,Arunachal Pradesh
Itanagar,2020-12-14,77.61,Arunachal Pradesh
Itanagar,2020-12-15,77.61,Arunachal Pradesh
Itanagar,2020-12-16,77.61,Arunachal Pradesh
Itanagar,2020-12-17,77.61,Arunachal Pradesh
Itanagar,2020-12-18,77.61,Arunachal Pradesh
Itanagar,2020-12-19,77.61,Arunachal Pradesh
Itanagar,2020-12-20,77.61,Arunachal Pradesh
Itanagar,2020-12-21,77.61,Arunachal Pradesh
Itanagar,2020-12-22,77.61,Arunachal Pradesh
Itanagar,2020-12-23,77.61,Arunachal Pradesh
Itanagar,2020-12-24,77.61,Arunachal Pradesh
Itanagar,2020-12-25,77.61,Arunachal Pradesh
Itanagar,2020-12-26,77.61,Arunachal Pradesh
Itanagar,2020-12-27,77.61,Arunachal Pradesh
Itanagar,2020-12-28,77.61,Arunachal Pradesh
Itanagar,2020-12-29,77.61,Arunachal Pradesh
Itanagar,2020-12-30,77.61,Arunachal Pradesh
Itanagar,2020-12-31,77.61,Arunachal Pradesh
Itanagar,2021-01-01,77.61,Arunachal Pradesh
Itanagar,2021-01-02,77.61,Arunachal Pradesh
Itanagar,2021-01-03,77.61,Arunachal Pradesh
Itanagar,2021-01-04,77.61,Arunachal Pradesh
Itanagar,2021-01-05,77.61,Arunachal Pradesh
Itanagar,2021-01-06,77.84,Arunachal Pradesh
Itanagar,2021-01-07,78.05,Arunachal Pradesh
Itanagar,2021-01-08,78.05,Arunachal Pradesh
Itanagar,2021-01-09,78.05,Arunachal Pradesh
Itanagar,2021-01-10,78.05,Arunachal Pradesh
Itanagar,2021-01-11,78.05,Arunachal Pradesh
Itanagar,2021-01-12,78.05,Arunachal Pradesh
Itanagar,2021-01-13,78.3,Arunachal Pradesh
Itanagar,2021-01-14,78.52,Arunachal Pradesh
Itanagar,2021-01-15,78.52,Arunachal Pradesh
Itanagar,2021-01-16,78.52,Arunachal Pradesh
Itanagar,2021-01-17,78.52,Arunachal Pradesh
Itanagar,2021-01-18,78.98,Arunachal Pradesh
Itanagar,2021-01-19,80.23,Arunachal Pradesh
Itanagar,2021-01-20,80.23,Arunachal Pradesh
Itanagar,2021-01-21,80.23,Arunachal Pradesh
Itanagar,2021-01-22,80.48,Arunachal Pradesh
Itanagar,2021-01-23,79.68,Arunachal Pradesh
Itanagar,2021-01-24,79.68,Arunachal Pradesh
Itanagar,2021-01-25,79.68,Arunachal Pradesh
Itanagar,2021-01-26,79.98,Arunachal Pradesh
Itanagar,2021-01-27,80.23,Arunachal Pradesh
Itanagar,2021-01-28,80.23,Arunachal Pradesh
Itanagar,2021-01-29,80.23,Arunachal Pradesh
Itanagar,2021-01-30,80.23,Arunachal Pradesh
Itanagar,2021-01-31,80.23,Arunachal Pradesh
Itanagar,2021-02-01,80.23,Arunachal Pradesh
Itanagar,2021-02-02,80.23,Arunachal Pradesh
Itanagar,2021-02-03,80.23,Arunachal Pradesh
Itanagar,2021-02-04,80.56,Arunachal Pradesh
Itanagar,2021-02-05,80.86,Arunachal Pradesh
Itanagar,2021-02-06,80.86,Arunachal Pradesh
Itanagar,2021-02-07,80.86,Arunachal Pradesh
Itanagar,2021-02-08,80.86,Arunachal Pradesh
Itanagar,2021-02-09,81.15,Arunachal Pradesh
Itanagar,2021-02-10,81.42,Arunachal Pradesh
Itanagar,2021-02-11,81.65,Arunachal Pradesh
Itanagar,2021-02-12,81.93,Arunachal Pradesh
Itanagar,2021-02-13,82.2,Arunachal Pradesh
Itanagar,2021-02-14,82.44,Arunachal Pradesh
Itanagar,2021-02-15,82.68,Arunachal Pradesh
Itanagar,2021-02-16,82.96,Arunachal Pradesh
Itanagar,2021-02-17,83.19,Arunachal Pradesh
Itanagar,2021-02-18,83.42,Arunachal Pradesh
Itanagar,2021-02-19,83.79,Arunachal Pradesh
Itanagar,2021-02-20,84.15,Arunachal Pradesh
Itanagar,2021-02-21,84.15,Arunachal Pradesh
Itanagar,2021-02-22,84.15,Arunachal Pradesh
Itanagar,2021-02-23,84.47,Arunachal Pradesh
Itanagar,2021-02-24,84.47,Arunachal Pradesh
Itanagar,2021-02-25,84.47,Arunachal Pradesh
Itanagar,2021-02-26,84.47,Arunachal Pradesh
Itanagar,2021-02-27,84.69,Arunachal Pradesh
Itanagar,2021-02-28,84.69,Arunachal Pradesh
Itanagar,2021-03-01,84.69,Arunachal Pradesh
