city,date,rate,district
Golaghat,2016-03-17,58.72,Assam
Golaghat,2016-04-05,60.91,Assam
Golaghat,2016-04-16,60.17,Assam
Golaghat,2016-05-01,61.23,Assam
Golaghat,2016-05-17,62.06,Assam
Golaghat,2016-06-01,64.65,Assam
Golaghat,2016-06-15,64.7,Assam
Golaghat,2016-07-01,63.78,Assam
Golaghat,2016-07-15,62.76,Assam
Golaghat,2016-08-01,61.65,Assam
Golaghat,2016-08-15,63.04,Assam
Golaghat,2016-09-01,66.02,Assam
Golaghat,2016-09-15,66.8,Assam
Golaghat,2016-10-01,67.25,Assam
Golaghat,2016-10-05,67.36,Assam
Golaghat,2016-10-15,69.12,Assam
Golaghat,2016-11-06,70.31,Assam
Golaghat,2016-11-16,68.56,Assam
Golaghat,2016-12-01,68.73,Assam
Golaghat,2016-12-17,71.66,Assam
Golaghat,2017-01-01,73.35,Assam
Golaghat,2017-01-16,73.9,Assam
Golaghat,2017-04-01,69.54,Assam
Golaghat,2017-04-16,71.35,Assam
Golaghat,2017-05-01,71.37,Assam
Golaghat,2017-05-16,68.6,Assam
Golaghat,2017-06-01,70.26,Assam
Golaghat,2017-06-16,68.46,Assam
Golaghat,2017-06-19,67.6,Assam
Golaghat,2017-06-21,67.49,Assam
Golaghat,2017-06-26,66.45,Assam
Golaghat,2017-06-30,66.2,Assam
Golaghat,2017-07-03,65.98,Assam
Golaghat,2017-07-10,66.71,Assam
Golaghat,2017-07-13,72.74,Assam
Golaghat,2017-07-17,67.04,Assam
Golaghat,2017-07-24,67.43,Assam
Golaghat,2017-08-01,68.14,Assam
Golaghat,2017-08-07,68.57,Assam
Golaghat,2017-08-14,69.94,Assam
Golaghat,2017-08-21,70.55,Assam
Golaghat,2017-08-28,71.13,Assam
Golaghat,2017-09-04,71.65,Assam
Golaghat,2017-09-11,72.35,Assam
Golaghat,2017-09-19,72.57,Assam
Golaghat,2017-09-25,72.46,Assam
Golaghat,2017-10-03,72.93,Assam
Golaghat,2017-10-04,70.36,Assam
Golaghat,2017-10-09,70.4,Assam
Golaghat,2017-10-16,70.24,Assam
Golaghat,2017-10-24,70.56,Assam
Golaghat,2017-10-30,71.05,Assam
Golaghat,2017-11-06,71.8,Assam
Golaghat,2017-11-13,71.87,Assam
Golaghat,2017-11-20,71.58,Assam
Golaghat,2017-11-27,71.34,Assam
Golaghat,2017-12-05,71.31,Assam
Golaghat,2017-12-11,71.18,Assam
Golaghat,2017-12-18,71.25,Assam
Golaghat,2017-12-26,71.71,Assam
Golaghat,2018-01-01,72.06,Assam
Golaghat,2018-01-02,71.9,Assam
Golaghat,2018-01-05,72.08,Assam
Golaghat,2018-01-08,72.54,Assam
Golaghat,2018-01-09,72.59,Assam
Golaghat,2018-01-10,72.66,Assam
Golaghat,2018-01-11,72.7,Assam
Golaghat,2018-01-12,72.77,Assam
Golaghat,2018-01-15,73.22,Assam
Golaghat,2018-01-16,73.32,Assam
Golaghat,2018-01-17,73.44,Assam
Golaghat,2018-01-18,73.62,Assam
Golaghat,2018-01-19,73.77,Assam
Golaghat,2018-01-22,74.32,Assam
Golaghat,2018-01-23,74.47,Assam
Golaghat,2018-01-24,74.53,Assam
Golaghat,2018-01-25,74.59,Assam
Golaghat,2018-01-29,74.95,Assam
Golaghat,2018-01-30,75.04,Assam
Golaghat,2018-02-01,75.15,Assam
Golaghat,2018-02-02,75.2,Assam
Golaghat,2018-02-05,75.42,Assam
Golaghat,2018-02-06,75.49,Assam
Golaghat,2018-02-08,75.48,Assam
Golaghat,2018-02-09,75.46,Assam
Golaghat,2018-02-12,75.11,Assam
Golaghat,2018-02-13,75.03,Assam
Golaghat,2018-02-15,74.88,Assam
Golaghat,2018-02-16,74.59,Assam
Golaghat,2018-02-19,73.97,Assam
Golaghat,2018-02-20,73.77,Assam
Golaghat,2018-02-21,73.76,Assam
Golaghat,2018-02-22,73.74,Assam
Golaghat,2018-02-23,73.65,Assam
Golaghat,2018-02-26,73.56,Assam
Golaghat,2018-02-27,73.54,Assam
Golaghat,2018-03-01,73.68,Assam
Golaghat,2018-03-02,73.87,Assam
Golaghat,2018-03-05,74.46,Assam
Golaghat,2018-03-06,74.53,Assam
Golaghat,2018-03-09,74.58,Assam
Golaghat,2018-03-12,74.6,Assam
Golaghat,2018-03-13,74.62,Assam
Golaghat,2018-03-15,74.6,Assam
Golaghat,2018-03-16,74.51,Assam
Golaghat,2018-03-19,74.33,Assam
Golaghat,2018-03-20,74.34,Assam
Golaghat,2018-03-22,74.4,Assam
Golaghat,2018-03-23,74.44,Assam
Golaghat,2018-03-26,74.95,Assam
Golaghat,2018-03-27,75.07,Assam
Golaghat,2018-03-29,75.25,Assam
Golaghat,2018-03-30,75.49,Assam
Golaghat,2018-04-02,76.01,Assam
Golaghat,2018-04-03,76.15,Assam
Golaghat,2018-04-05,76.18,Assam
Golaghat,2018-04-09,76.19,Assam
Golaghat,2018-04-10,76.18,Assam
Golaghat,2018-04-12,76.14,Assam
Golaghat,2018-04-13,76.1,Assam
Golaghat,2018-04-16,76.22,Assam
Golaghat,2018-04-19,76.27,Assam
Golaghat,2018-04-20,76.28,Assam
Golaghat,2018-04-23,76.72,Assam
Golaghat,2018-04-24,76.85,Assam
Golaghat,2018-05-14,77.0,Assam
Golaghat,2018-05-15,77.16,Assam
Golaghat,2018-05-16,77.32,Assam
Golaghat,2018-05-17,77.54,Assam
Golaghat,2018-05-18,77.0,Assam
Golaghat,2018-05-21,78.85,Assam
Golaghat,2018-05-22,79.16,Assam
Golaghat,2018-05-23,79.47,Assam
Golaghat,2018-05-24,79.79,Assam
Golaghat,2018-05-25,80.16,Assam
Golaghat,2018-05-26,80.31,Assam
Golaghat,2018-05-27,80.46,Assam
Golaghat,2018-05-28,80.62,Assam
Golaghat,2018-05-29,80.79,Assam
Golaghat,2018-05-31,80.7,Assam
Golaghat,2018-06-01,80.64,Assam
Golaghat,2018-06-02,80.55,Assam
Golaghat,2018-06-03,80.45,Assam
Golaghat,2018-06-04,80.3,Assam
Golaghat,2018-06-05,80.16,Assam
Golaghat,2018-06-06,80.05,Assam
Golaghat,2018-06-07,79.95,Assam
Golaghat,2018-06-08,79.73,Assam
Golaghat,2018-06-09,79.32,Assam
Golaghat,2018-06-10,79.07,Assam
Golaghat,2018-06-11,78.86,Assam
Golaghat,2018-06-12,78.71,Assam
Golaghat,2018-06-15,78.62,Assam
Golaghat,2018-06-19,78.54,Assam
Golaghat,2018-06-21,78.43,Assam
Golaghat,2018-06-22,78.28,Assam
Golaghat,2018-06-23,78.19,Assam
Golaghat,2018-06-24,78.05,Assam
Golaghat,2018-06-25,77.95,Assam
Golaghat,2018-06-26,77.8,Assam
Golaghat,2018-07-05,77.97,Assam
Golaghat,2018-07-06,78.11,Assam
Golaghat,2018-07-09,78.64,Assam
Golaghat,2018-07-10,78.82,Assam
Golaghat,2018-07-12,78.88,Assam
Golaghat,2018-07-13,79.06,Assam
Golaghat,2018-07-16,79.14,Assam
Golaghat,2018-07-20,78.98,Assam
Golaghat,2018-07-23,78.64,Assam
Golaghat,2018-07-24,78.57,Assam
Golaghat,2018-07-30,78.59,Assam
Golaghat,2018-07-31,78.65,Assam
Golaghat,2018-08-02,78.79,Assam
Golaghat,2018-08-03,78.86,Assam
Golaghat,2018-08-06,79.35,Assam
Golaghat,2018-08-07,79.44,Assam
Golaghat,2018-08-13,79.53,Assam
Golaghat,2018-08-16,79.58,Assam
Golaghat,2018-08-20,79.89,Assam
Golaghat,2018-08-21,79.99,Assam
Golaghat,2018-08-24,80.08,Assam
Golaghat,2018-08-25,71.65,Assam
Golaghat,2018-08-26,71.73,Assam
Golaghat,2018-08-27,80.33,Assam
Golaghat,2018-08-28,80.48,Assam
Golaghat,2018-08-29,80.61,Assam
Golaghat,2018-08-30,80.74,Assam
Golaghat,2018-08-31,80.97,Assam
Golaghat,2018-09-03,81.66,Assam
Golaghat,2018-09-04,81.83,Assam
Golaghat,2018-09-06,82.04,Assam
Golaghat,2018-09-07,82.54,Assam
Golaghat,2018-09-10,83.31,Assam
Golaghat,2018-09-11,83.46,Assam
Golaghat,2018-09-13,83.59,Assam
Golaghat,2018-09-14,83.88,Assam
Golaghat,2018-09-15,84.25,Assam
Golaghat,2018-09-16,84.54,Assam
Golaghat,2018-09-17,84.7,Assam
Golaghat,2018-09-18,84.8,Assam
Golaghat,2018-09-20,84.86,Assam
Golaghat,2018-09-21,84.97,Assam
Golaghat,2018-09-23,85.25,Assam
Golaghat,2018-09-24,85.37,Assam
Golaghat,2018-09-25,85.52,Assam
Golaghat,2018-09-27,85.66,Assam
Golaghat,2018-09-28,85.89,Assam
Golaghat,2018-09-30,86.17,Assam
Golaghat,2018-10-01,86.41,Assam
Golaghat,2018-10-02,86.52,Assam
Golaghat,2018-10-04,86.66,Assam
Golaghat,2018-10-05,81.54,Assam
Golaghat,2018-10-06,81.72,Assam
Golaghat,2018-10-07,81.87,Assam
Golaghat,2018-10-08,82.09,Assam
Golaghat,2018-10-09,82.33,Assam
Golaghat,2018-10-11,82.43,Assam
Golaghat,2018-10-12,82.56,Assam
Golaghat,2018-10-13,82.75,Assam
Golaghat,2018-10-14,82.81,Assam
Golaghat,2018-10-16,82.92,Assam
Golaghat,2018-10-19,82.45,Assam
Golaghat,2018-10-20,82.05,Assam
Golaghat,2018-10-22,81.47,Assam
Golaghat,2018-10-23,81.37,Assam
Golaghat,2018-10-24,81.28,Assam
Golaghat,2018-10-25,81.12,Assam
Golaghat,2018-10-26,80.86,Assam
Golaghat,2018-10-29,79.71,Assam
Golaghat,2018-10-30,79.5,Assam
Golaghat,2018-11-01,79.32,Assam
Golaghat,2018-11-02,79.14,Assam
Golaghat,2018-11-05,78.52,Assam
Golaghat,2018-11-06,78.38,Assam
Golaghat,2018-11-12,77.48,Assam
Golaghat,2018-11-13,77.35,Assam
Golaghat,2018-11-15,77.19,Assam
Golaghat,2018-11-16,77.0,Assam
Golaghat,2018-11-19,76.4,Assam
Golaghat,2018-11-20,76.25,Assam
Golaghat,2018-11-22,75.82,Assam
Golaghat,2018-11-23,75.41,Assam
Golaghat,2018-11-26,74.28,Assam
Golaghat,2018-11-27,73.84,Assam
Golaghat,2018-11-28,73.32,Assam
Golaghat,2018-11-29,72.98,Assam
Golaghat,2018-11-30,72.59,Assam
Golaghat,2018-12-01,72.23,Assam
Golaghat,2018-12-02,71.9,Assam
Golaghat,2018-12-03,71.57,Assam
Golaghat,2018-12-04,71.36,Assam
Golaghat,2018-12-06,70.94,Assam
Golaghat,2018-12-07,70.52,Assam
Golaghat,2018-12-10,69.89,Assam
Golaghat,2018-12-11,69.72,Assam
Golaghat,2018-12-13,69.81,Assam
Golaghat,2018-12-17,70.06,Assam
Golaghat,2018-12-18,70.17,Assam
Golaghat,2018-12-21,69.99,Assam
Golaghat,2018-12-24,69.36,Assam
Golaghat,2018-12-25,69.29,Assam
Golaghat,2018-12-27,69.24,Assam
Golaghat,2018-12-28,69.04,Assam
Golaghat,2018-12-31,68.3,Assam
Golaghat,2019-01-02,68.2,Assam
Golaghat,2019-01-04,67.98,Assam
Golaghat,2019-01-07,68.04,Assam
Golaghat,2019-01-10,68.44,Assam
Golaghat,2019-01-11,68.63,Assam
Golaghat,2019-01-14,69.74,Assam
Golaghat,2019-01-16,69.95,Assam
Golaghat,2019-01-17,70.09,Assam
Golaghat,2019-01-18,70.18,Assam
Golaghat,2019-01-21,70.79,Assam
Golaghat,2019-01-22,70.93,Assam
Golaghat,2019-01-29,70.84,Assam
Golaghat,2019-01-31,70.74,Assam
Golaghat,2019-02-01,70.49,Assam
Golaghat,2019-02-05,69.97,Assam
Golaghat,2019-02-08,69.91,Assam
Golaghat,2019-02-11,69.86,Assam
Golaghat,2019-02-14,69.92,Assam
Golaghat,2019-02-15,69.99,Assam
Golaghat,2019-02-18,70.46,Assam
Golaghat,2019-02-19,70.57,Assam
Golaghat,2019-02-22,70.87,Assam
Golaghat,2019-02-25,71.16,Assam
Golaghat,2019-02-26,71.25,Assam
Golaghat,2019-02-28,71.33,Assam
Golaghat,2019-03-01,71.44,Assam
Golaghat,2019-03-04,71.81,Assam
Golaghat,2019-03-05,71.89,Assam
Golaghat,2019-03-11,72.11,Assam
Golaghat,2019-03-12,72.06,Assam
Golaghat,2019-03-14,72.14,Assam
Golaghat,2019-03-15,72.21,Assam
Golaghat,2019-03-18,72.45,Assam
Golaghat,2019-03-21,72.38,Assam
Golaghat,2019-03-22,72.43,Assam
Golaghat,2019-03-23,72.48,Assam
Golaghat,2019-03-24,72.53,Assam
Golaghat,2019-03-28,72.48,Assam
Golaghat,2019-04-01,72.56,Assam
Golaghat,2019-04-05,72.61,Assam
Golaghat,2019-04-08,72.55,Assam
Golaghat,2019-04-09,72.5,Assam
Golaghat,2019-04-12,72.56,Assam
Golaghat,2019-04-15,72.68,Assam
Golaghat,2019-04-16,72.63,Assam
Golaghat,2019-04-20,72.7,Assam
Golaghat,2019-04-22,72.65,Assam
Golaghat,2019-04-25,72.73,Assam
Golaghat,2019-04-27,72.79,Assam
Golaghat,2019-04-30,72.84,Assam
Golaghat,2019-05-02,72.77,Assam
Golaghat,2019-05-04,72.78,Assam
Golaghat,2019-05-05,72.72,Assam
Golaghat,2019-05-06,72.64,Assam
Golaghat,2019-05-09,72.48,Assam
Golaghat,2019-05-10,72.26,Assam
Golaghat,2019-05-11,71.76,Assam
Golaghat,2019-05-12,71.32,Assam
Golaghat,2019-05-13,71.01,Assam
Golaghat,2019-05-14,70.75,Assam
Golaghat,2019-05-17,70.66,Assam
Golaghat,2019-05-18,70.59,Assam
Golaghat,2019-05-20,70.68,Assam
Golaghat,2019-05-21,70.74,Assam
Golaghat,2019-05-23,70.82,Assam
Golaghat,2019-05-24,70.97,Assam
Golaghat,2019-05-25,71.11,Assam
Golaghat,2019-05-26,71.26,Assam
Golaghat,2019-05-27,71.36,Assam
Golaghat,2019-05-28,71.46,Assam
Golaghat,2019-05-30,71.39,Assam
Golaghat,2019-05-31,71.32,Assam
Golaghat,2019-06-01,71.28,Assam
Golaghat,2019-06-02,71.16,Assam
Golaghat,2019-06-03,70.95,Assam
Golaghat,2019-06-04,70.88,Assam
Golaghat,2019-06-06,70.71,Assam
Golaghat,2019-06-07,70.57,Assam
Golaghat,2019-06-10,70.04,Assam
Golaghat,2019-06-13,69.96,Assam
Golaghat,2019-06-14,69.78,Assam
Golaghat,2019-06-15,69.58,Assam
Golaghat,2019-06-16,69.52,Assam
Golaghat,2019-06-24,69.65,Assam
Golaghat,2019-06-27,69.72,Assam
Golaghat,2019-06-28,69.77,Assam
Golaghat,2019-06-29,69.89,Assam
Golaghat,2019-06-30,69.98,Assam
Golaghat,2019-07-01,70.08,Assam
Golaghat,2019-07-02,70.15,Assam
Golaghat,2019-07-06,72.7,Assam
Golaghat,2019-07-09,72.64,Assam
Golaghat,2019-07-13,72.74,Assam
Golaghat,2019-07-14,72.83,Assam
Golaghat,2019-07-15,72.97,Assam
Golaghat,2019-07-16,73.03,Assam
Golaghat,2019-07-18,73.11,Assam
Golaghat,2019-07-23,73.17,Assam
Golaghat,2019-07-25,73.11,Assam
Golaghat,2019-07-26,73.05,Assam
Golaghat,2019-07-27,73.0,Assam
Golaghat,2019-07-28,72.89,Assam
Golaghat,2019-07-29,72.74,Assam
Golaghat,2019-07-30,72.6,Assam
Golaghat,2019-08-01,72.54,Assam
Golaghat,2019-08-02,72.37,Assam
Golaghat,2019-08-03,72.3,Assam
Golaghat,2019-08-04,72.2,Assam
Golaghat,2019-08-05,72.04,Assam
Golaghat,2019-08-06,71.95,Assam
Golaghat,2019-08-08,71.9,Assam
Golaghat,2019-08-09,71.74,Assam
Golaghat,2019-08-11,71.65,Assam
Golaghat,2019-08-18,71.56,Assam
Golaghat,2019-08-19,71.49,Assam
Golaghat,2019-08-24,71.58,Assam
Golaghat,2019-08-25,71.65,Assam
Golaghat,2019-08-26,71.73,Assam
Golaghat,2019-08-27,71.73,Assam
Golaghat,2019-08-29,71.67,Assam
Golaghat,2019-09-02,74.19,Assam
Golaghat,2019-09-05,74.16,Assam
Golaghat,2019-09-06,74.07,Assam
Golaghat,2019-09-07,73.97,Assam
Golaghat,2019-09-08,73.91,Assam
Golaghat,2019-09-10,73.96,Assam
Golaghat,2019-09-12,74.03,Assam
Golaghat,2019-09-13,74.1,Assam
Golaghat,2019-09-14,74.18,Assam
Golaghat,2019-09-15,74.24,Assam
Golaghat,2019-09-17,74.39,Assam
Golaghat,2019-09-18,74.65,Assam
Golaghat,2019-09-19,74.95,Assam
Golaghat,2019-09-20,75.32,Assam
Golaghat,2019-09-21,75.62,Assam
Golaghat,2019-09-22,75.9,Assam
Golaghat,2019-09-23,76.2,Assam
Golaghat,2019-09-24,76.43,Assam
Golaghat,2019-09-26,76.5,Assam
Golaghat,2019-09-27,76.65,Assam
Golaghat,2019-09-30,76.74,Assam
Golaghat,2019-10-01,76.96,Assam
Golaghat,2019-10-03,76.86,Assam
Golaghat,2019-10-04,76.67,Assam
Golaghat,2019-10-05,76.37,Assam
Golaghat,2019-10-07,76.07,Assam
Golaghat,2019-10-08,75.9,Assam
Golaghat,2019-10-10,75.85,Assam
Golaghat,2019-10-11,75.72,Assam
Golaghat,2019-10-12,75.62,Assam
Golaghat,2019-10-15,75.57,Assam
Golaghat,2019-10-19,75.56,Assam
Golaghat,2019-10-22,75.51,Assam
Golaghat,2019-10-24,75.46,Assam
Golaghat,2019-10-25,75.35,Assam
Golaghat,2019-10-26,75.26,Assam
Golaghat,2019-10-29,75.2,Assam
Golaghat,2019-11-01,75.08,Assam
Golaghat,2019-11-02,75.0,Assam
Golaghat,2019-11-03,74.95,Assam
Golaghat,2019-11-04,74.86,Assam
Golaghat,2019-11-05,74.8,Assam
Golaghat,2019-11-08,74.91,Assam
Golaghat,2019-11-09,75.07,Assam
Golaghat,2019-11-10,75.27,Assam
Golaghat,2019-11-11,75.43,Assam
Golaghat,2019-11-13,75.53,Assam
Golaghat,2019-11-14,75.69,Assam
Golaghat,2019-11-15,75.88,Assam
Golaghat,2019-11-16,76.02,Assam
Golaghat,2019-11-17,76.15,Assam
Golaghat,2019-11-18,76.32,Assam
Golaghat,2019-11-19,76.47,Assam
Golaghat,2019-11-22,76.63,Assam
Golaghat,2019-11-23,76.72,Assam
Golaghat,2019-11-24,76.83,Assam
Golaghat,2019-11-25,76.95,Assam
Golaghat,2019-11-26,77.06,Assam
Golaghat,2019-11-29,77.11,Assam
Golaghat,2019-11-30,77.163,Assam
Golaghat,2019-12-01,77.29,Assam
Golaghat,2019-12-07,77.2,Assam
Golaghat,2019-12-08,77.29,Assam
Golaghat,2019-12-09,77.34,Assam
Golaghat,2019-12-10,77.35,Assam
Golaghat,2019-12-12,77.3,Assam
Golaghat,2019-12-13,77.24,Assam
Golaghat,2019-12-14,77.18,Assam
Golaghat,2019-12-15,77.08,Assam
Golaghat,2019-12-16,77.02,Assam
Golaghat,2019-12-17,76.97,Assam
Golaghat,2019-12-19,76.96,Assam
Golaghat,2019-12-26,77.01,Assam
Golaghat,2019-12-27,77.08,Assam
Golaghat,2019-12-29,77.22,Assam
Golaghat,2019-12-30,77.39,Assam
Golaghat,2019-12-31,77.49,Assam
Golaghat,2020-01-02,77.63,Assam
Golaghat,2020-01-03,77.73,Assam
Golaghat,2020-01-04,77.83,Assam
Golaghat,2020-01-05,77.93,Assam
Golaghat,2020-01-06,78.09,Assam
Golaghat,2020-01-07,78.24,Assam
Golaghat,2020-01-08,78.14,Assam
Golaghat,2020-01-09,78.21,Assam
Golaghat,2020-01-10,78.37,Assam
Golaghat,2020-01-11,78.42,Assam
Golaghat,2020-01-12,78.32,Assam
Golaghat,2020-01-13,78.2,Assam
Golaghat,2020-01-14,78.1,Assam
Golaghat,2020-01-16,77.94,Assam
Golaghat,2020-01-17,77.79,Assam
Golaghat,2020-01-18,77.64,Assam
Golaghat,2020-01-19,77.46,Assam
Golaghat,2020-01-20,77.35,Assam
Golaghat,2020-01-21,77.19,Assam
Golaghat,2020-01-22,77.19,Assam
Golaghat,2020-01-23,77.01,Assam
Golaghat,2020-01-24,76.79,Assam
Golaghat,2020-01-25,76.54,Assam
Golaghat,2020-01-26,76.24,Assam
Golaghat,2020-01-27,76.02,Assam
Golaghat,2020-01-28,75.91,Assam
Golaghat,2020-01-29,75.91,Assam
Golaghat,2020-01-30,75.67,Assam
Golaghat,2020-01-31,75.56,Assam
Golaghat,2020-02-01,75.42,Assam
Golaghat,2020-02-02,75.32,Assam
Golaghat,2020-02-03,75.26,Assam
Golaghat,2020-02-04,75.21,Assam
Golaghat,2020-02-05,75.21,Assam
Golaghat,2020-02-06,75.11,Assam
Golaghat,2020-02-07,74.89,Assam
Golaghat,2020-02-08,74.65,Assam
Golaghat,2020-02-09,74.42,Assam
Golaghat,2020-02-10,74.29,Assam
Golaghat,2020-02-11,74.13,Assam
Golaghat,2020-02-12,74.13,Assam
Golaghat,2020-02-13,74.13,Assam
Golaghat,2020-02-14,74.13,Assam
Golaghat,2020-02-15,74.13,Assam
Golaghat,2020-02-17,74.13,Assam
Golaghat,2020-02-18,74.08,Assam
Golaghat,2020-02-19,74.08,Assam
Golaghat,2020-02-20,74.08,Assam
Golaghat,2020-02-21,74.08,Assam
Golaghat,2020-02-24,74.2,Assam
Golaghat,2020-02-25,74.2,Assam
Golaghat,2020-02-26,74.2,Assam
Golaghat,2020-02-27,74.15,Assam
Golaghat,2020-02-28,74.15,Assam
Golaghat,2020-02-29,74.08,Assam
Golaghat,2020-03-01,73.93,Assam
Golaghat,2020-03-02,73.7,Assam
Golaghat,2020-03-03,73.65,Assam
Golaghat,2020-03-04,73.65,Assam
Golaghat,2020-03-05,73.49,Assam
Golaghat,2020-03-06,73.33,Assam
Golaghat,2020-03-07,73.21,Assam
Golaghat,2020-03-08,73.01,Assam
Golaghat,2020-03-09,72.76,Assam
Golaghat,2020-03-10,72.46,Assam
Golaghat,2020-03-11,72.46,Assam
Golaghat,2020-03-12,72.29,Assam
Golaghat,2020-03-13,72.15,Assam
Golaghat,2020-03-14,72.02,Assam
Golaghat,2020-03-15,71.89,Assam
Golaghat,2020-03-16,71.72,Assam
Golaghat,2020-03-17,71.72,Assam
Golaghat,2020-03-18,71.72,Assam
Golaghat,2020-03-19,71.72,Assam
Golaghat,2020-03-20,71.72,Assam
Golaghat,2020-03-21,71.72,Assam
Golaghat,2020-03-22,71.72,Assam
Golaghat,2020-03-23,71.72,Assam
Golaghat,2020-03-24,71.72,Assam
Golaghat,2020-03-25,71.72,Assam
Golaghat,2020-03-26,71.72,Assam
Golaghat,2020-03-27,71.72,Assam
Golaghat,2020-03-28,71.72,Assam
Golaghat,2020-03-29,71.72,Assam
Golaghat,2020-03-30,71.72,Assam
Golaghat,2020-03-31,71.72,Assam
Golaghat,2020-04-01,71.72,Assam
Golaghat,2020-04-02,71.72,Assam
Golaghat,2020-04-03,71.72,Assam
Golaghat,2020-04-04,71.72,Assam
Golaghat,2020-04-05,71.72,Assam
Golaghat,2020-04-06,71.72,Assam
Golaghat,2020-04-07,71.72,Assam
Golaghat,2020-04-08,71.72,Assam
Golaghat,2020-04-09,71.72,Assam
Golaghat,2020-04-10,71.72,Assam
Golaghat,2020-04-11,71.72,Assam
Golaghat,2020-04-12,71.72,Assam
Golaghat,2020-04-13,71.72,Assam
Golaghat,2020-04-14,71.72,Assam
Golaghat,2020-04-15,71.72,Assam
Golaghat,2020-04-16,71.72,Assam
Golaghat,2020-04-17,71.72,Assam
Golaghat,2020-04-18,71.72,Assam
Golaghat,2020-04-20,71.72,Assam
Golaghat,2020-04-21,71.72,Assam
Golaghat,2020-04-22,71.72,Assam
Golaghat,2020-04-23,71.72,Assam
Golaghat,2020-04-24,71.72,Assam
Golaghat,2020-04-25,71.72,Assam
Golaghat,2020-04-26,71.72,Assam
Golaghat,2020-04-27,71.72,Assam
Golaghat,2020-04-28,71.72,Assam
Golaghat,2020-04-29,71.72,Assam
Golaghat,2020-04-30,71.72,Assam
Golaghat,2020-05-01,71.72,Assam
Golaghat,2020-05-02,71.72,Assam
Golaghat,2020-05-03,71.72,Assam
Golaghat,2020-05-04,71.72,Assam
Golaghat,2020-05-05,77.54,Assam
Golaghat,2020-05-06,77.54,Assam
Golaghat,2020-05-07,77.54,Assam
Golaghat,2020-05-08,77.54,Assam
Golaghat,2020-05-09,77.54,Assam
Golaghat,2020-05-10,77.54,Assam
Golaghat,2020-05-11,77.54,Assam
Golaghat,2020-05-12,77.54,Assam
Golaghat,2020-05-13,77.54,Assam
Golaghat,2020-05-14,77.54,Assam
Golaghat,2020-05-15,77.54,Assam
Golaghat,2020-05-16,77.54,Assam
Golaghat,2020-05-17,77.54,Assam
Golaghat,2020-05-18,77.54,Assam
Golaghat,2020-05-19,77.54,Assam
Golaghat,2020-05-20,77.54,Assam
Golaghat,2020-05-21,77.54,Assam
Golaghat,2020-05-22,77.54,Assam
Golaghat,2020-05-23,77.54,Assam
Golaghat,2020-05-24,77.54,Assam
Golaghat,2020-05-25,77.54,Assam
Golaghat,2020-05-26,77.54,Assam
Golaghat,2020-05-27,77.54,Assam
Golaghat,2020-05-28,77.54,Assam
Golaghat,2020-05-29,77.54,Assam
Golaghat,2020-05-30,77.54,Assam
Golaghat,2020-05-31,77.54,Assam
Golaghat,2020-06-01,77.54,Assam
Golaghat,2020-06-02,77.54,Assam
Golaghat,2020-06-03,77.54,Assam
Golaghat,2020-06-04,77.54,Assam
Golaghat,2020-06-05,77.54,Assam
Golaghat,2020-06-06,77.54,Assam
Golaghat,2020-06-07,78.14,Assam
Golaghat,2020-06-08,78.74,Assam
Golaghat,2020-06-09,79.28,Assam
Golaghat,2020-06-10,79.68,Assam
Golaghat,2020-06-11,80.28,Assam
Golaghat,2020-06-12,80.88,Assam
Golaghat,2020-06-13,81.48,Assam
Golaghat,2020-06-14,82.08,Assam
Golaghat,2020-06-15,81.38,Assam
Golaghat,2020-06-16,81.74,Assam
Golaghat,2020-06-17,82.16,Assam
Golaghat,2020-06-18,82.57,Assam
Golaghat,2020-06-19,83.0,Assam
Golaghat,2020-06-20,83.39,Assam
Golaghat,2020-06-21,83.66,Assam
Golaghat,2020-06-22,83.91,Assam
Golaghat,2020-06-23,84.06,Assam
Golaghat,2020-06-24,84.06,Assam
Golaghat,2020-06-25,84.18,Assam
Golaghat,2020-06-26,84.35,Assam
Golaghat,2020-06-27,84.54,Assam
Golaghat,2020-06-28,84.54,Assam
Golaghat,2020-06-29,84.58,Assam
Golaghat,2020-06-30,84.58,Assam
Golaghat,2020-07-01,84.58,Assam
Golaghat,2020-07-02,84.58,Assam
Golaghat,2020-07-03,84.58,Assam
Golaghat,2020-07-04,84.58,Assam
Golaghat,2020-07-05,84.58,Assam
Golaghat,2020-07-06,84.58,Assam
Golaghat,2020-07-07,84.58,Assam
Golaghat,2020-07-08,84.58,Assam
Golaghat,2020-07-09,84.58,Assam
Golaghat,2020-07-10,84.58,Assam
Golaghat,2020-07-11,84.58,Assam
Golaghat,2020-07-12,84.58,Assam
Golaghat,2020-07-13,84.58,Assam
Golaghat,2020-07-15,84.58,Assam
Golaghat,2020-07-16,84.58,Assam
Golaghat,2020-07-17,84.58,Assam
Golaghat,2020-07-18,84.58,Assam
Golaghat,2020-07-19,84.58,Assam
Golaghat,2020-07-20,84.58,Assam
Golaghat,2020-07-21,84.58,Assam
Golaghat,2020-07-22,84.58,Assam
Golaghat,2020-07-23,84.58,Assam
Golaghat,2020-07-24,84.58,Assam
Golaghat,2020-07-25,84.58,Assam
Golaghat,2020-07-26,84.58,Assam
Golaghat,2020-07-27,84.58,Assam
Golaghat,2020-07-28,84.58,Assam
Golaghat,2020-07-29,84.58,Assam
Golaghat,2020-07-30,84.58,Assam
Golaghat,2020-07-31,84.58,Assam
Golaghat,2020-08-01,84.58,Assam
Golaghat,2020-08-02,84.58,Assam
Golaghat,2020-08-03,84.58,Assam
Golaghat,2020-08-04,84.58,Assam
Golaghat,2020-08-05,84.58,Assam
Golaghat,2020-08-06,84.58,Assam
Golaghat,2020-08-07,84.58,Assam
Golaghat,2020-08-08,84.58,Assam
Golaghat,2020-08-09,84.58,Assam
Golaghat,2020-08-10,84.58,Assam
Golaghat,2020-08-11,84.58,Assam
Golaghat,2020-08-12,84.58,Assam
Golaghat,2020-08-13,84.58,Assam
Golaghat,2020-08-14,84.58,Assam
Golaghat,2020-08-15,84.58,Assam
Golaghat,2020-08-16,84.71,Assam
Golaghat,2020-08-17,84.84,Assam
Golaghat,2020-08-18,84.96,Assam
Golaghat,2020-08-19,84.96,Assam
Golaghat,2020-08-20,85.04,Assam
Golaghat,2020-08-21,85.18,Assam
Golaghat,2020-08-22,85.31,Assam
Golaghat,2020-08-23,85.41,Assam
Golaghat,2020-08-24,85.51,Assam
Golaghat,2020-08-25,85.6,Assam
Golaghat,2020-08-26,85.6,Assam
Golaghat,2020-08-27,85.67,Assam
Golaghat,2020-08-28,85.75,Assam
Golaghat,2020-08-29,85.75,Assam
Golaghat,2020-08-30,85.83,Assam
Golaghat,2020-08-31,85.83,Assam
Golaghat,2020-09-01,85.87,Assam
Golaghat,2020-09-02,85.87,Assam
Golaghat,2020-09-03,85.87,Assam
Golaghat,2020-09-04,85.87,Assam
Golaghat,2020-09-05,85.87,Assam
Golaghat,2020-09-06,85.87,Assam
Golaghat,2020-09-07,85.87,Assam
Golaghat,2020-09-08,85.87,Assam
Golaghat,2020-09-09,85.87,Assam
Golaghat,2020-09-10,85.8,Assam
Golaghat,2020-09-11,85.8,Assam
Golaghat,2020-09-12,85.7,Assam
Golaghat,2020-09-13,85.7,Assam
Golaghat,2020-09-14,85.59,Assam
Golaghat,2020-09-15,85.46,Assam
Golaghat,2020-09-16,85.46,Assam
Golaghat,2020-09-17,85.34,Assam
Golaghat,2020-09-18,85.14,Assam
Golaghat,2020-09-19,85.14,Assam
Golaghat,2020-09-20,85.14,Assam
Golaghat,2020-09-21,85.14,Assam
Golaghat,2020-09-22,85.08,Assam
Golaghat,2020-09-23,85.08,Assam
Golaghat,2020-09-24,85.08,Assam
Golaghat,2020-09-25,85.08,Assam
Golaghat,2020-09-26,85.08,Assam
Golaghat,2020-09-27,85.08,Assam
Golaghat,2020-09-28,85.08,Assam
Golaghat,2020-09-29,85.08,Assam
Golaghat,2020-09-30,85.08,Assam
Golaghat,2020-10-01,85.08,Assam
Golaghat,2020-10-02,85.08,Assam
Golaghat,2020-10-03,85.08,Assam
Golaghat,2020-10-04,85.08,Assam
Golaghat,2020-10-05,85.08,Assam
Golaghat,2020-10-06,85.08,Assam
Golaghat,2020-10-07,85.08,Assam
Golaghat,2020-10-08,85.08,Assam
Golaghat,2020-10-09,85.08,Assam
Golaghat,2020-10-10,85.08,Assam
Golaghat,2020-10-11,85.08,Assam
Golaghat,2020-10-12,85.08,Assam
Golaghat,2020-10-13,85.08,Assam
Golaghat,2020-10-14,85.08,Assam
Golaghat,2020-10-15,85.08,Assam
Golaghat,2020-10-16,85.08,Assam
Golaghat,2020-10-17,85.08,Assam
Golaghat,2020-10-18,85.08,Assam
Golaghat,2020-10-19,85.08,Assam
Golaghat,2020-10-20,85.08,Assam
Golaghat,2020-10-21,85.08,Assam
Golaghat,2020-10-22,85.08,Assam
Golaghat,2020-10-23,85.08,Assam
Golaghat,2020-10-24,85.08,Assam
Golaghat,2020-10-25,85.08,Assam
Golaghat,2020-10-26,85.08,Assam
Golaghat,2020-10-27,85.08,Assam
Golaghat,2020-10-28,85.08,Assam
Golaghat,2020-10-29,85.08,Assam
Golaghat,2020-10-30,85.08,Assam
Golaghat,2020-10-31,85.08,Assam
Golaghat,2020-11-01,85.08,Assam
Golaghat,2020-11-02,85.08,Assam
Golaghat,2020-11-03,85.08,Assam
Golaghat,2020-11-04,85.08,Assam
Golaghat,2020-11-05,85.08,Assam
Golaghat,2020-11-06,85.08,Assam
Golaghat,2020-11-07,85.08,Assam
Golaghat,2020-11-08,85.08,Assam
Golaghat,2020-11-09,85.08,Assam
Golaghat,2020-11-10,85.08,Assam
Golaghat,2020-11-11,85.08,Assam
Golaghat,2020-11-12,85.08,Assam
Golaghat,2020-11-13,85.08,Assam
Golaghat,2020-11-14,85.08,Assam
Golaghat,2020-11-15,85.08,Assam
Golaghat,2020-11-16,85.08,Assam
Golaghat,2020-11-17,85.08,Assam
Golaghat,2020-11-18,85.08,Assam
Golaghat,2020-11-19,85.08,Assam
Golaghat,2020-11-20,85.22,Assam
Golaghat,2020-11-21,85.32,Assam
Golaghat,2020-11-22,85.36,Assam
Golaghat,2020-11-23,85.41,Assam
Golaghat,2020-11-24,85.45,Assam
Golaghat,2020-11-25,85.45,Assam
Golaghat,2020-11-26,85.54,Assam
Golaghat,2020-11-27,85.69,Assam
Golaghat,2020-11-28,85.87,Assam
Golaghat,2020-11-29,86.03,Assam
Golaghat,2020-11-30,86.03,Assam
Golaghat,2020-12-01,86.03,Assam
Golaghat,2020-12-02,86.15,Assam
Golaghat,2020-12-03,86.28,Assam
Golaghat,2020-12-04,86.43,Assam
Golaghat,2020-12-05,86.64,Assam
Golaghat,2020-12-06,86.85,Assam
Golaghat,2020-12-07,87.08,Assam
Golaghat,2020-12-08,87.08,Assam
Golaghat,2020-12-09,87.08,Assam
Golaghat,2020-12-10,87.08,Assam
Golaghat,2020-12-11,87.08,Assam
Golaghat,2020-12-12,87.08,Assam
Golaghat,2020-12-13,87.08,Assam
Golaghat,2020-12-14,87.08,Assam
Golaghat,2020-12-15,87.08,Assam
Golaghat,2020-12-16,87.08,Assam
Golaghat,2020-12-17,87.08,Assam
Golaghat,2020-12-18,87.08,Assam
Golaghat,2020-12-19,87.08,Assam
Golaghat,2020-12-20,87.08,Assam
Golaghat,2020-12-21,87.08,Assam
Golaghat,2020-12-22,87.08,Assam
Golaghat,2020-12-23,87.08,Assam
Golaghat,2020-12-24,87.08,Assam
Golaghat,2020-12-25,87.08,Assam
Golaghat,2020-12-26,87.08,Assam
Golaghat,2020-12-27,87.08,Assam
Golaghat,2020-12-28,87.08,Assam
Golaghat,2020-12-29,87.08,Assam
Golaghat,2020-12-30,87.08,Assam
Golaghat,2020-12-31,87.08,Assam
Golaghat,2021-01-01,87.08,Assam
Golaghat,2021-01-02,87.08,Assam
Golaghat,2021-01-03,87.08,Assam
Golaghat,2021-01-04,87.08,Assam
Golaghat,2021-01-05,87.08,Assam
Golaghat,2021-01-06,87.3,Assam
Golaghat,2021-01-07,87.49,Assam
Golaghat,2021-01-08,87.49,Assam
Golaghat,2021-01-09,87.49,Assam
Golaghat,2021-01-10,87.49,Assam
Golaghat,2021-01-11,87.49,Assam
Golaghat,2021-01-12,87.49,Assam
Golaghat,2021-01-13,87.68,Assam
Golaghat,2021-01-14,87.87,Assam
Golaghat,2021-01-15,87.87,Assam
Golaghat,2021-01-16,87.87,Assam
Golaghat,2021-01-17,87.87,Assam
Golaghat,2021-01-18,88.06,Assam
Golaghat,2021-01-19,88.26,Assam
Golaghat,2021-01-20,88.26,Assam
Golaghat,2021-01-21,88.26,Assam
Golaghat,2021-01-22,88.45,Assam
Golaghat,2021-01-23,88.64,Assam
Golaghat,2021-01-24,88.64,Assam
Golaghat,2021-01-25,88.64,Assam
Golaghat,2021-01-26,88.91,Assam
Golaghat,2021-01-27,89.1,Assam
Golaghat,2021-01-28,89.1,Assam
Golaghat,2021-01-29,89.1,Assam
Golaghat,2021-01-30,89.1,Assam
Golaghat,2021-01-31,89.1,Assam
Golaghat,2021-02-01,89.1,Assam
Golaghat,2021-02-02,89.1,Assam
Golaghat,2021-02-03,89.1,Assam
Golaghat,2021-02-04,89.36,Assam
Golaghat,2021-02-05,89.59,Assam
Golaghat,2021-02-06,89.59,Assam
Golaghat,2021-02-07,89.59,Assam
Golaghat,2021-02-08,89.59,Assam
Golaghat,2021-02-09,89.86,Assam
Golaghat,2021-02-10,90.09,Assam
Golaghat,2021-02-11,90.28,Assam
Golaghat,2021-02-12,90.5,Assam
Golaghat,2021-02-13,85.69,Assam
Golaghat,2021-02-14,85.91,Assam
Golaghat,2021-02-15,86.11,Assam
Golaghat,2021-02-16,86.34,Assam
Golaghat,2021-02-17,86.53,Assam
Golaghat,2021-02-18,86.79,Assam
Golaghat,2021-02-19,87.03,Assam
Golaghat,2021-02-20,87.33,Assam
Golaghat,2021-02-21,87.33,Assam
Golaghat,2021-02-22,87.33,Assam
Golaghat,2021-02-23,87.6,Assam
Golaghat,2021-02-24,87.6,Assam
Golaghat,2021-02-25,87.6,Assam
Golaghat,2021-02-26,87.6,Assam
Golaghat,2021-02-27,87.78,Assam
Golaghat,2021-02-28,87.78,Assam
Golaghat,2021-03-01,87.78,Assam
