city,date,rate,district
Barpeta,2016-05-01,61.29,Assam
Barpeta,2016-05-17,62.12,Assam
Barpeta,2016-06-01,64.7,Assam
Barpeta,2016-06-15,64.75,Assam
Barpeta,2016-07-01,63.84,Assam
Barpeta,2016-07-15,62.8,Assam
Barpeta,2016-08-01,61.69,Assam
Barpeta,2016-08-15,63.14,Assam
Barpeta,2016-09-01,66.15,Assam
Barpeta,2016-09-15,66.93,Assam
Barpeta,2016-10-01,67.31,Assam
Barpeta,2016-10-05,67.43,Assam
Barpeta,2016-10-15,69.19,Assam
Barpeta,2016-11-06,70.37,Assam
Barpeta,2016-11-16,68.62,Assam
Barpeta,2016-12-01,68.79,Assam
Barpeta,2016-12-17,71.69,Assam
Barpeta,2017-01-01,73.38,Assam
Barpeta,2017-01-16,73.95,Assam
Barpeta,2017-04-01,69.6,Assam
Barpeta,2017-04-16,71.43,Assam
Barpeta,2017-05-01,71.45,Assam
Barpeta,2017-05-16,68.69,Assam
Barpeta,2017-06-01,70.33,Assam
Barpeta,2017-06-16,68.57,Assam
Barpeta,2017-06-19,67.71,Assam
Barpeta,2017-06-21,67.6,Assam
Barpeta,2017-06-26,66.56,Assam
Barpeta,2017-06-30,66.31,Assam
Barpeta,2017-07-03,66.09,Assam
Barpeta,2017-07-10,66.82,Assam
Barpeta,2017-07-13,73.09,Assam
Barpeta,2017-07-17,67.15,Assam
Barpeta,2017-07-24,67.55,Assam
Barpeta,2017-08-01,68.27,Assam
Barpeta,2017-08-07,68.7,Assam
Barpeta,2017-08-14,70.08,Assam
Barpeta,2017-08-21,70.69,Assam
Barpeta,2017-08-28,71.26,Assam
Barpeta,2017-09-04,71.79,Assam
Barpeta,2017-09-11,72.51,Assam
Barpeta,2017-09-19,72.73,Assam
Barpeta,2017-09-25,72.62,Assam
Barpeta,2017-10-03,73.1,Assam
Barpeta,2017-10-04,70.52,Assam
Barpeta,2017-10-09,70.57,Assam
Barpeta,2017-10-16,70.4,Assam
Barpeta,2017-10-24,70.73,Assam
Barpeta,2017-10-30,71.21,Assam
Barpeta,2017-11-06,71.94,Assam
Barpeta,2017-11-13,72.01,Assam
Barpeta,2017-11-20,71.73,Assam
Barpeta,2017-11-27,71.49,Assam
Barpeta,2017-12-05,71.46,Assam
Barpeta,2017-12-11,71.32,Assam
Barpeta,2017-12-18,71.39,Assam
Barpeta,2017-12-26,71.85,Assam
Barpeta,2018-01-01,72.21,Assam
Barpeta,2018-01-02,72.12,Assam
Barpeta,2018-01-05,72.32,Assam
Barpeta,2018-01-08,72.68,Assam
Barpeta,2018-01-09,72.73,Assam
Barpeta,2018-01-10,72.8,Assam
Barpeta,2018-01-11,72.85,Assam
Barpeta,2018-01-12,72.91,Assam
Barpeta,2018-01-15,73.37,Assam
Barpeta,2018-01-16,73.46,Assam
Barpeta,2018-01-17,73.59,Assam
Barpeta,2018-01-18,73.76,Assam
Barpeta,2018-01-19,73.91,Assam
Barpeta,2018-01-22,74.46,Assam
Barpeta,2018-01-23,74.62,Assam
Barpeta,2018-01-24,74.67,Assam
Barpeta,2018-01-25,74.73,Assam
Barpeta,2018-01-29,75.1,Assam
Barpeta,2018-01-30,75.18,Assam
Barpeta,2018-02-01,75.3,Assam
Barpeta,2018-02-02,75.35,Assam
Barpeta,2018-02-05,75.57,Assam
Barpeta,2018-02-06,75.65,Assam
Barpeta,2018-02-08,75.64,Assam
Barpeta,2018-02-09,75.62,Assam
Barpeta,2018-02-12,75.26,Assam
Barpeta,2018-02-13,75.19,Assam
Barpeta,2018-02-15,75.03,Assam
Barpeta,2018-02-16,74.75,Assam
Barpeta,2018-02-19,74.12,Assam
Barpeta,2018-02-20,73.93,Assam
Barpeta,2018-02-21,73.92,Assam
Barpeta,2018-02-22,73.9,Assam
Barpeta,2018-02-23,73.8,Assam
Barpeta,2018-02-26,73.72,Assam
Barpeta,2018-02-27,73.7,Assam
Barpeta,2018-03-01,73.83,Assam
Barpeta,2018-03-02,74.02,Assam
Barpeta,2018-03-05,74.62,Assam
Barpeta,2018-03-06,74.69,Assam
Barpeta,2018-03-09,74.73,Assam
Barpeta,2018-03-12,74.75,Assam
Barpeta,2018-03-13,74.77,Assam
Barpeta,2018-03-15,74.75,Assam
Barpeta,2018-03-16,74.67,Assam
Barpeta,2018-03-19,74.48,Assam
Barpeta,2018-03-20,74.49,Assam
Barpeta,2018-03-22,74.55,Assam
Barpeta,2018-03-23,74.6,Assam
Barpeta,2018-03-26,75.11,Assam
Barpeta,2018-03-27,75.22,Assam
Barpeta,2018-03-29,75.41,Assam
Barpeta,2018-03-30,75.65,Assam
Barpeta,2018-04-02,76.16,Assam
Barpeta,2018-04-03,76.3,Assam
Barpeta,2018-04-05,76.33,Assam
Barpeta,2018-04-09,76.34,Assam
Barpeta,2018-04-10,76.33,Assam
Barpeta,2018-04-12,76.29,Assam
Barpeta,2018-04-13,76.26,Assam
Barpeta,2018-04-16,76.37,Assam
Barpeta,2018-04-19,76.43,Assam
Barpeta,2018-04-20,76.44,Assam
Barpeta,2018-04-23,76.87,Assam
Barpeta,2018-04-24,77.01,Assam
Barpeta,2018-05-14,77.17,Assam
Barpeta,2018-05-15,77.33,Assam
Barpeta,2018-05-16,77.49,Assam
Barpeta,2018-05-17,77.72,Assam
Barpeta,2018-05-18,77.17,Assam
Barpeta,2018-05-21,79.02,Assam
Barpeta,2018-05-22,79.33,Assam
Barpeta,2018-05-23,79.64,Assam
Barpeta,2018-05-24,79.96,Assam
Barpeta,2018-05-25,80.33,Assam
Barpeta,2018-05-26,80.48,Assam
Barpeta,2018-05-27,80.63,Assam
Barpeta,2018-05-28,80.79,Assam
Barpeta,2018-05-29,80.96,Assam
Barpeta,2018-05-31,80.87,Assam
Barpeta,2018-06-01,80.81,Assam
Barpeta,2018-06-02,80.72,Assam
Barpeta,2018-06-03,80.62,Assam
Barpeta,2018-06-04,80.47,Assam
Barpeta,2018-06-05,80.33,Assam
Barpeta,2018-06-06,80.22,Assam
Barpeta,2018-06-07,80.12,Assam
Barpeta,2018-06-08,79.9,Assam
Barpeta,2018-06-09,79.49,Assam
Barpeta,2018-06-10,79.24,Assam
Barpeta,2018-06-11,79.04,Assam
Barpeta,2018-06-12,78.89,Assam
Barpeta,2018-06-15,78.8,Assam
Barpeta,2018-06-19,78.72,Assam
Barpeta,2018-06-21,78.61,Assam
Barpeta,2018-06-22,78.47,Assam
Barpeta,2018-06-23,78.38,Assam
Barpeta,2018-06-24,78.24,Assam
Barpeta,2018-06-25,78.14,Assam
Barpeta,2018-06-26,77.99,Assam
Barpeta,2018-07-05,78.16,Assam
Barpeta,2018-07-06,78.31,Assam
Barpeta,2018-07-09,78.84,Assam
Barpeta,2018-07-10,79.02,Assam
Barpeta,2018-07-12,79.08,Assam
Barpeta,2018-07-13,79.26,Assam
Barpeta,2018-07-16,79.34,Assam
Barpeta,2018-07-20,79.17,Assam
Barpeta,2018-07-23,78.84,Assam
Barpeta,2018-07-24,78.77,Assam
Barpeta,2018-07-30,78.79,Assam
Barpeta,2018-07-31,78.85,Assam
Barpeta,2018-08-02,78.99,Assam
Barpeta,2018-08-03,79.06,Assam
Barpeta,2018-08-06,79.55,Assam
Barpeta,2018-08-07,79.65,Assam
Barpeta,2018-08-13,79.73,Assam
Barpeta,2018-08-16,79.78,Assam
Barpeta,2018-08-20,80.1,Assam
Barpeta,2018-08-21,80.19,Assam
Barpeta,2018-08-24,80.29,Assam
Barpeta,2018-08-25,72.02,Assam
Barpeta,2018-08-26,72.11,Assam
Barpeta,2018-08-27,80.54,Assam
Barpeta,2018-08-28,80.68,Assam
Barpeta,2018-08-29,80.82,Assam
Barpeta,2018-08-30,80.94,Assam
Barpeta,2018-08-31,81.17,Assam
Barpeta,2018-09-03,81.87,Assam
Barpeta,2018-09-04,82.04,Assam
Barpeta,2018-09-06,82.24,Assam
Barpeta,2018-09-07,82.74,Assam
Barpeta,2018-09-10,83.52,Assam
Barpeta,2018-09-11,83.66,Assam
Barpeta,2018-09-13,83.8,Assam
Barpeta,2018-09-14,84.09,Assam
Barpeta,2018-09-15,84.45,Assam
Barpeta,2018-09-16,84.75,Assam
Barpeta,2018-09-17,84.9,Assam
Barpeta,2018-09-18,85.01,Assam
Barpeta,2018-09-20,85.07,Assam
Barpeta,2018-09-21,85.17,Assam
Barpeta,2018-09-23,85.46,Assam
Barpeta,2018-09-24,85.58,Assam
Barpeta,2018-09-25,85.72,Assam
Barpeta,2018-09-27,85.87,Assam
Barpeta,2018-09-28,86.1,Assam
Barpeta,2018-09-30,86.38,Assam
Barpeta,2018-10-01,86.61,Assam
Barpeta,2018-10-02,86.73,Assam
Barpeta,2018-10-04,86.87,Assam
Barpeta,2018-10-05,81.74,Assam
Barpeta,2018-10-06,81.93,Assam
Barpeta,2018-10-07,82.08,Assam
Barpeta,2018-10-08,82.29,Assam
Barpeta,2018-10-09,82.53,Assam
Barpeta,2018-10-11,82.64,Assam
Barpeta,2018-10-12,82.76,Assam
Barpeta,2018-10-13,82.95,Assam
Barpeta,2018-10-14,83.01,Assam
Barpeta,2018-10-16,83.13,Assam
Barpeta,2018-10-19,82.66,Assam
Barpeta,2018-10-20,82.25,Assam
Barpeta,2018-10-22,81.68,Assam
Barpeta,2018-10-23,81.58,Assam
Barpeta,2018-10-24,81.48,Assam
Barpeta,2018-10-25,81.33,Assam
Barpeta,2018-10-26,81.06,Assam
Barpeta,2018-10-29,79.92,Assam
Barpeta,2018-10-30,79.71,Assam
Barpeta,2018-11-01,79.52,Assam
Barpeta,2018-11-02,79.37,Assam
Barpeta,2018-11-05,78.75,Assam
Barpeta,2018-11-06,78.6,Assam
Barpeta,2018-11-12,77.7,Assam
Barpeta,2018-11-13,77.57,Assam
Barpeta,2018-11-15,77.41,Assam
Barpeta,2018-11-16,77.23,Assam
Barpeta,2018-11-19,76.62,Assam
Barpeta,2018-11-20,76.48,Assam
Barpeta,2018-11-22,76.05,Assam
Barpeta,2018-11-23,75.63,Assam
Barpeta,2018-11-26,74.51,Assam
Barpeta,2018-11-27,74.07,Assam
Barpeta,2018-11-28,73.55,Assam
Barpeta,2018-11-29,73.2,Assam
Barpeta,2018-11-30,72.82,Assam
Barpeta,2018-12-01,72.45,Assam
Barpeta,2018-12-02,72.12,Assam
Barpeta,2018-12-03,71.8,Assam
Barpeta,2018-12-04,71.58,Assam
Barpeta,2018-12-06,71.16,Assam
Barpeta,2018-12-07,70.74,Assam
Barpeta,2018-12-10,70.11,Assam
Barpeta,2018-12-11,69.94,Assam
Barpeta,2018-12-13,70.03,Assam
Barpeta,2018-12-17,70.28,Assam
Barpeta,2018-12-18,70.39,Assam
Barpeta,2018-12-21,70.21,Assam
Barpeta,2018-12-24,69.59,Assam
Barpeta,2018-12-25,69.51,Assam
Barpeta,2018-12-27,69.46,Assam
Barpeta,2018-12-28,69.26,Assam
Barpeta,2018-12-31,68.52,Assam
Barpeta,2019-01-02,68.42,Assam
Barpeta,2019-01-04,68.2,Assam
Barpeta,2019-01-07,68.26,Assam
Barpeta,2019-01-10,68.66,Assam
Barpeta,2019-01-11,68.86,Assam
Barpeta,2019-01-14,69.96,Assam
Barpeta,2019-01-16,70.17,Assam
Barpeta,2019-01-17,70.32,Assam
Barpeta,2019-01-18,70.4,Assam
Barpeta,2019-01-21,71.01,Assam
Barpeta,2019-01-22,71.15,Assam
Barpeta,2019-01-29,71.07,Assam
Barpeta,2019-01-31,70.96,Assam
Barpeta,2019-02-01,70.72,Assam
Barpeta,2019-02-05,70.2,Assam
Barpeta,2019-02-08,70.14,Assam
Barpeta,2019-02-11,70.08,Assam
Barpeta,2019-02-14,70.15,Assam
Barpeta,2019-02-15,70.22,Assam
Barpeta,2019-02-18,70.69,Assam
Barpeta,2019-02-19,70.79,Assam
Barpeta,2019-02-22,71.1,Assam
Barpeta,2019-02-25,71.39,Assam
Barpeta,2019-02-26,71.48,Assam
Barpeta,2019-02-28,71.56,Assam
Barpeta,2019-03-01,71.67,Assam
Barpeta,2019-03-04,72.04,Assam
Barpeta,2019-03-05,72.11,Assam
Barpeta,2019-03-11,72.34,Assam
Barpeta,2019-03-12,72.29,Assam
Barpeta,2019-03-14,72.36,Assam
Barpeta,2019-03-15,72.44,Assam
Barpeta,2019-03-18,72.68,Assam
Barpeta,2019-03-21,72.6,Assam
Barpeta,2019-03-22,72.66,Assam
Barpeta,2019-03-23,72.71,Assam
Barpeta,2019-03-24,72.76,Assam
Barpeta,2019-03-28,72.71,Assam
Barpeta,2019-04-01,72.79,Assam
Barpeta,2019-04-05,72.84,Assam
Barpeta,2019-04-08,72.78,Assam
Barpeta,2019-04-09,72.72,Assam
Barpeta,2019-04-12,72.79,Assam
Barpeta,2019-04-15,72.91,Assam
Barpeta,2019-04-16,72.86,Assam
Barpeta,2019-04-20,72.93,Assam
Barpeta,2019-04-22,72.88,Assam
Barpeta,2019-04-25,72.95,Assam
Barpeta,2019-04-27,73.02,Assam
Barpeta,2019-04-30,73.07,Assam
Barpeta,2019-05-02,72.99,Assam
Barpeta,2019-05-04,73.0,Assam
Barpeta,2019-05-05,72.93,Assam
Barpeta,2019-05-06,72.86,Assam
Barpeta,2019-05-09,72.69,Assam
Barpeta,2019-05-10,72.48,Assam
Barpeta,2019-05-11,71.98,Assam
Barpeta,2019-05-12,71.54,Assam
Barpeta,2019-05-13,71.23,Assam
Barpeta,2019-05-14,70.96,Assam
Barpeta,2019-05-17,70.88,Assam
Barpeta,2019-05-18,70.81,Assam
Barpeta,2019-05-20,70.9,Assam
Barpeta,2019-05-21,70.95,Assam
Barpeta,2019-05-23,71.04,Assam
Barpeta,2019-05-24,71.18,Assam
Barpeta,2019-05-25,71.33,Assam
Barpeta,2019-05-26,71.48,Assam
Barpeta,2019-05-27,71.58,Assam
Barpeta,2019-05-28,71.67,Assam
Barpeta,2019-05-30,71.61,Assam
Barpeta,2019-05-31,71.54,Assam
Barpeta,2019-06-01,71.5,Assam
Barpeta,2019-06-02,71.37,Assam
Barpeta,2019-06-03,71.17,Assam
Barpeta,2019-06-04,71.09,Assam
Barpeta,2019-06-06,70.93,Assam
Barpeta,2019-06-07,70.79,Assam
Barpeta,2019-06-10,70.26,Assam
Barpeta,2019-06-13,70.18,Assam
Barpeta,2019-06-14,70.0,Assam
Barpeta,2019-06-15,69.8,Assam
Barpeta,2019-06-16,69.74,Assam
Barpeta,2019-06-24,70.0,Assam
Barpeta,2019-06-27,70.07,Assam
Barpeta,2019-06-28,70.13,Assam
Barpeta,2019-06-29,70.24,Assam
Barpeta,2019-06-30,70.34,Assam
Barpeta,2019-07-01,70.43,Assam
Barpeta,2019-07-02,70.51,Assam
Barpeta,2019-07-06,73.05,Assam
Barpeta,2019-07-09,73.0,Assam
Barpeta,2019-07-13,73.09,Assam
Barpeta,2019-07-14,73.19,Assam
Barpeta,2019-07-15,73.32,Assam
Barpeta,2019-07-16,73.38,Assam
Barpeta,2019-07-18,73.47,Assam
Barpeta,2019-07-23,73.53,Assam
Barpeta,2019-07-25,73.47,Assam
Barpeta,2019-07-26,73.4,Assam
Barpeta,2019-07-27,73.35,Assam
Barpeta,2019-07-28,73.25,Assam
Barpeta,2019-07-29,73.09,Assam
Barpeta,2019-07-30,72.96,Assam
Barpeta,2019-08-01,72.89,Assam
Barpeta,2019-08-02,72.73,Assam
Barpeta,2019-08-03,72.65,Assam
Barpeta,2019-08-04,72.58,Assam
Barpeta,2019-08-05,72.42,Assam
Barpeta,2019-08-06,72.33,Assam
Barpeta,2019-08-08,72.27,Assam
Barpeta,2019-08-09,72.12,Assam
Barpeta,2019-08-11,72.02,Assam
Barpeta,2019-08-18,71.94,Assam
Barpeta,2019-08-19,71.87,Assam
Barpeta,2019-08-24,71.95,Assam
Barpeta,2019-08-25,72.02,Assam
Barpeta,2019-08-26,72.11,Assam
Barpeta,2019-08-27,72.11,Assam
Barpeta,2019-08-29,72.04,Assam
Barpeta,2019-09-02,74.57,Assam
Barpeta,2019-09-05,74.54,Assam
Barpeta,2019-09-06,74.44,Assam
Barpeta,2019-09-07,74.35,Assam
Barpeta,2019-09-08,74.29,Assam
Barpeta,2019-09-10,74.34,Assam
Barpeta,2019-09-12,74.4,Assam
Barpeta,2019-09-13,74.47,Assam
Barpeta,2019-09-14,74.56,Assam
Barpeta,2019-09-15,74.62,Assam
Barpeta,2019-09-17,74.77,Assam
Barpeta,2019-09-18,75.03,Assam
Barpeta,2019-09-19,75.33,Assam
Barpeta,2019-09-20,75.69,Assam
Barpeta,2019-09-21,76.0,Assam
Barpeta,2019-09-22,76.28,Assam
Barpeta,2019-09-23,76.58,Assam
Barpeta,2019-09-24,76.81,Assam
Barpeta,2019-09-26,76.87,Assam
Barpeta,2019-09-27,77.03,Assam
Barpeta,2019-09-30,77.11,Assam
Barpeta,2019-10-01,77.34,Assam
Barpeta,2019-10-03,77.23,Assam
Barpeta,2019-10-04,77.04,Assam
Barpeta,2019-10-05,76.74,Assam
Barpeta,2019-10-07,76.45,Assam
Barpeta,2019-10-08,76.27,Assam
Barpeta,2019-10-10,76.22,Assam
Barpeta,2019-10-11,76.09,Assam
Barpeta,2019-10-12,75.99,Assam
Barpeta,2019-10-15,75.94,Assam
Barpeta,2019-10-22,75.89,Assam
Barpeta,2019-10-24,75.83,Assam
Barpeta,2019-10-25,75.72,Assam
Barpeta,2019-10-26,75.64,Assam
Barpeta,2019-10-29,75.57,Assam
Barpeta,2019-11-01,75.45,Assam
Barpeta,2019-11-02,75.37,Assam
Barpeta,2019-11-03,75.32,Assam
Barpeta,2019-11-04,75.23,Assam
Barpeta,2019-11-05,75.18,Assam
Barpeta,2019-11-08,75.28,Assam
Barpeta,2019-11-09,75.44,Assam
Barpeta,2019-11-10,75.65,Assam
Barpeta,2019-11-11,75.8,Assam
Barpeta,2019-11-13,75.91,Assam
Barpeta,2019-11-14,76.06,Assam
Barpeta,2019-11-15,76.25,Assam
Barpeta,2019-11-16,76.4,Assam
Barpeta,2019-11-17,76.52,Assam
Barpeta,2019-11-18,76.69,Assam
Barpeta,2019-11-19,76.85,Assam
Barpeta,2019-11-22,77.0,Assam
Barpeta,2019-11-23,77.1,Assam
Barpeta,2019-11-24,77.2,Assam
Barpeta,2019-11-25,77.33,Assam
Barpeta,2019-11-26,77.43,Assam
Barpeta,2019-11-29,77.48,Assam
Barpeta,2019-11-30,77.533,Assam
Barpeta,2019-12-01,77.66,Assam
Barpeta,2019-12-07,77.57,Assam
Barpeta,2019-12-08,77.66,Assam
Barpeta,2019-12-09,77.71,Assam
Barpeta,2019-12-10,77.72,Assam
Barpeta,2019-12-12,77.67,Assam
Barpeta,2019-12-13,77.61,Assam
Barpeta,2019-12-14,77.55,Assam
Barpeta,2019-12-15,77.45,Assam
Barpeta,2019-12-16,77.4,Assam
Barpeta,2019-12-17,77.35,Assam
Barpeta,2019-12-19,77.33,Assam
Barpeta,2019-12-26,77.39,Assam
Barpeta,2019-12-27,77.45,Assam
Barpeta,2019-12-29,77.59,Assam
Barpeta,2019-12-30,77.76,Assam
Barpeta,2019-12-31,77.87,Assam
Barpeta,2020-01-02,78.0,Assam
Barpeta,2020-01-03,78.1,Assam
Barpeta,2020-01-04,78.2,Assam
Barpeta,2020-01-05,78.3,Assam
Barpeta,2020-01-06,78.46,Assam
Barpeta,2020-01-07,78.61,Assam
Barpeta,2020-01-08,78.51,Assam
Barpeta,2020-01-09,78.58,Assam
Barpeta,2020-01-10,78.74,Assam
Barpeta,2020-01-11,78.79,Assam
Barpeta,2020-01-12,78.69,Assam
Barpeta,2020-01-13,78.57,Assam
Barpeta,2020-01-14,78.47,Assam
Barpeta,2020-01-16,78.31,Assam
Barpeta,2020-01-17,78.17,Assam
Barpeta,2020-01-18,78.01,Assam
Barpeta,2020-01-19,77.83,Assam
Barpeta,2020-01-20,77.72,Assam
Barpeta,2020-01-21,77.56,Assam
Barpeta,2020-01-22,77.56,Assam
Barpeta,2020-01-23,77.38,Assam
Barpeta,2020-01-24,77.16,Assam
Barpeta,2020-01-25,76.91,Assam
Barpeta,2020-01-26,76.61,Assam
Barpeta,2020-01-27,76.4,Assam
Barpeta,2020-01-28,76.28,Assam
Barpeta,2020-01-29,76.28,Assam
Barpeta,2020-01-30,76.04,Assam
Barpeta,2020-01-31,75.94,Assam
Barpeta,2020-02-01,75.79,Assam
Barpeta,2020-02-02,75.69,Assam
Barpeta,2020-02-03,75.64,Assam
Barpeta,2020-02-04,75.59,Assam
Barpeta,2020-02-05,75.59,Assam
Barpeta,2020-02-06,75.48,Assam
Barpeta,2020-02-07,75.26,Assam
Barpeta,2020-02-08,75.02,Assam
Barpeta,2020-02-09,74.79,Assam
Barpeta,2020-02-10,74.7,Assam
Barpeta,2020-02-11,74.54,Assam
Barpeta,2020-02-12,74.54,Assam
Barpeta,2020-02-13,74.54,Assam
Barpeta,2020-02-14,74.54,Assam
Barpeta,2020-02-15,74.54,Assam
Barpeta,2020-02-17,74.54,Assam
Barpeta,2020-02-18,74.49,Assam
Barpeta,2020-02-19,74.49,Assam
Barpeta,2020-02-20,74.49,Assam
Barpeta,2020-02-21,74.49,Assam
Barpeta,2020-02-24,74.61,Assam
Barpeta,2020-02-25,74.61,Assam
Barpeta,2020-02-26,74.61,Assam
Barpeta,2020-02-27,74.56,Assam
Barpeta,2020-02-28,74.56,Assam
Barpeta,2020-02-29,74.49,Assam
Barpeta,2020-03-01,74.34,Assam
Barpeta,2020-03-02,74.11,Assam
Barpeta,2020-03-03,74.06,Assam
Barpeta,2020-03-04,74.06,Assam
Barpeta,2020-03-05,73.9,Assam
Barpeta,2020-03-06,73.74,Assam
Barpeta,2020-03-07,73.62,Assam
Barpeta,2020-03-08,73.42,Assam
Barpeta,2020-03-09,73.17,Assam
Barpeta,2020-03-10,72.87,Assam
Barpeta,2020-03-11,72.87,Assam
Barpeta,2020-03-12,72.7,Assam
Barpeta,2020-03-13,72.56,Assam
Barpeta,2020-03-14,72.43,Assam
Barpeta,2020-03-15,72.3,Assam
Barpeta,2020-03-16,72.13,Assam
Barpeta,2020-03-17,72.13,Assam
Barpeta,2020-03-18,72.13,Assam
Barpeta,2020-03-19,72.13,Assam
Barpeta,2020-03-20,72.13,Assam
Barpeta,2020-03-21,72.13,Assam
Barpeta,2020-03-22,72.13,Assam
Barpeta,2020-03-23,72.13,Assam
Barpeta,2020-03-24,72.13,Assam
Barpeta,2020-03-25,72.13,Assam
Barpeta,2020-03-26,72.13,Assam
Barpeta,2020-03-27,72.13,Assam
Barpeta,2020-03-28,72.13,Assam
Barpeta,2020-03-29,72.13,Assam
Barpeta,2020-03-30,72.13,Assam
Barpeta,2020-03-31,72.13,Assam
Barpeta,2020-04-01,72.13,Assam
Barpeta,2020-04-02,72.13,Assam
Barpeta,2020-04-03,72.13,Assam
Barpeta,2020-04-04,72.13,Assam
Barpeta,2020-04-05,72.13,Assam
Barpeta,2020-04-06,72.13,Assam
Barpeta,2020-04-07,72.13,Assam
Barpeta,2020-04-08,72.13,Assam
Barpeta,2020-04-09,72.13,Assam
Barpeta,2020-04-10,72.13,Assam
Barpeta,2020-04-11,72.13,Assam
Barpeta,2020-04-12,72.13,Assam
Barpeta,2020-04-13,72.13,Assam
Barpeta,2020-04-14,72.13,Assam
Barpeta,2020-04-15,72.13,Assam
Barpeta,2020-04-16,72.13,Assam
Barpeta,2020-04-17,72.13,Assam
Barpeta,2020-04-18,72.13,Assam
Barpeta,2020-04-20,72.13,Assam
Barpeta,2020-04-21,72.13,Assam
Barpeta,2020-04-22,72.13,Assam
Barpeta,2020-04-23,72.13,Assam
Barpeta,2020-04-24,72.13,Assam
Barpeta,2020-04-25,72.13,Assam
Barpeta,2020-04-26,72.13,Assam
Barpeta,2020-04-27,72.13,Assam
Barpeta,2020-04-28,72.13,Assam
Barpeta,2020-04-29,72.13,Assam
Barpeta,2020-04-30,72.13,Assam
Barpeta,2020-05-01,72.13,Assam
Barpeta,2020-05-02,72.13,Assam
Barpeta,2020-05-03,72.13,Assam
Barpeta,2020-05-04,72.13,Assam
Barpeta,2020-05-05,77.85,Assam
Barpeta,2020-05-06,77.85,Assam
Barpeta,2020-05-07,77.85,Assam
Barpeta,2020-05-08,77.85,Assam
Barpeta,2020-05-09,77.85,Assam
Barpeta,2020-05-10,77.85,Assam
Barpeta,2020-05-11,77.85,Assam
Barpeta,2020-05-12,77.85,Assam
Barpeta,2020-05-13,77.85,Assam
Barpeta,2020-05-14,77.85,Assam
Barpeta,2020-05-15,77.85,Assam
Barpeta,2020-05-16,77.85,Assam
Barpeta,2020-05-17,77.85,Assam
Barpeta,2020-05-18,77.85,Assam
Barpeta,2020-05-19,77.85,Assam
Barpeta,2020-05-20,77.85,Assam
Barpeta,2020-05-21,77.85,Assam
Barpeta,2020-05-22,77.85,Assam
Barpeta,2020-05-23,77.85,Assam
Barpeta,2020-05-24,77.85,Assam
Barpeta,2020-05-25,77.85,Assam
Barpeta,2020-05-26,77.85,Assam
Barpeta,2020-05-27,77.85,Assam
Barpeta,2020-05-28,77.85,Assam
Barpeta,2020-05-29,77.85,Assam
Barpeta,2020-05-30,77.85,Assam
Barpeta,2020-05-31,77.85,Assam
Barpeta,2020-06-01,77.85,Assam
Barpeta,2020-06-02,77.85,Assam
Barpeta,2020-06-03,77.85,Assam
Barpeta,2020-06-04,77.85,Assam
Barpeta,2020-06-05,77.85,Assam
Barpeta,2020-06-06,77.85,Assam
Barpeta,2020-06-07,78.45,Assam
Barpeta,2020-06-08,79.05,Assam
Barpeta,2020-06-09,79.59,Assam
Barpeta,2020-06-10,79.99,Assam
Barpeta,2020-06-11,80.59,Assam
Barpeta,2020-06-12,81.19,Assam
Barpeta,2020-06-13,81.79,Assam
Barpeta,2020-06-14,82.39,Assam
Barpeta,2020-06-15,81.68,Assam
Barpeta,2020-06-16,82.04,Assam
Barpeta,2020-06-17,82.47,Assam
Barpeta,2020-06-18,82.87,Assam
Barpeta,2020-06-19,83.3,Assam
Barpeta,2020-06-20,83.69,Assam
Barpeta,2020-06-21,83.96,Assam
Barpeta,2020-06-22,84.22,Assam
Barpeta,2020-06-23,84.36,Assam
Barpeta,2020-06-24,84.36,Assam
Barpeta,2020-06-25,84.49,Assam
Barpeta,2020-06-26,84.65,Assam
Barpeta,2020-06-27,84.84,Assam
Barpeta,2020-06-28,84.84,Assam
Barpeta,2020-06-29,84.88,Assam
Barpeta,2020-06-30,84.88,Assam
Barpeta,2020-07-01,84.88,Assam
Barpeta,2020-07-02,84.88,Assam
Barpeta,2020-07-03,84.88,Assam
Barpeta,2020-07-04,84.88,Assam
Barpeta,2020-07-05,84.88,Assam
Barpeta,2020-07-06,84.88,Assam
Barpeta,2020-07-07,84.88,Assam
Barpeta,2020-07-08,84.88,Assam
Barpeta,2020-07-09,84.88,Assam
Barpeta,2020-07-10,84.88,Assam
Barpeta,2020-07-11,84.88,Assam
Barpeta,2020-07-12,84.88,Assam
Barpeta,2020-07-13,84.88,Assam
Barpeta,2020-07-15,84.88,Assam
Barpeta,2020-07-16,84.88,Assam
Barpeta,2020-07-17,84.88,Assam
Barpeta,2020-07-18,84.88,Assam
Barpeta,2020-07-19,84.88,Assam
Barpeta,2020-07-20,84.88,Assam
Barpeta,2020-07-21,84.88,Assam
Barpeta,2020-07-22,84.88,Assam
Barpeta,2020-07-23,84.88,Assam
Barpeta,2020-07-24,84.88,Assam
Barpeta,2020-07-25,84.88,Assam
Barpeta,2020-07-26,84.88,Assam
Barpeta,2020-07-27,84.88,Assam
Barpeta,2020-07-28,84.88,Assam
Barpeta,2020-07-29,84.88,Assam
Barpeta,2020-07-30,84.88,Assam
Barpeta,2020-07-31,84.88,Assam
Barpeta,2020-08-01,84.88,Assam
Barpeta,2020-08-02,84.88,Assam
Barpeta,2020-08-03,84.88,Assam
Barpeta,2020-08-04,84.88,Assam
Barpeta,2020-08-05,84.88,Assam
Barpeta,2020-08-06,84.88,Assam
Barpeta,2020-08-07,84.88,Assam
Barpeta,2020-08-08,84.88,Assam
Barpeta,2020-08-09,84.88,Assam
Barpeta,2020-08-10,84.88,Assam
Barpeta,2020-08-11,84.88,Assam
Barpeta,2020-08-12,84.88,Assam
Barpeta,2020-08-13,84.88,Assam
Barpeta,2020-08-14,84.88,Assam
Barpeta,2020-08-15,84.88,Assam
Barpeta,2020-08-16,85.05,Assam
Barpeta,2020-08-17,85.17,Assam
Barpeta,2020-08-18,85.29,Assam
Barpeta,2020-08-19,85.29,Assam
Barpeta,2020-08-20,85.37,Assam
Barpeta,2020-08-21,85.52,Assam
Barpeta,2020-08-22,85.64,Assam
Barpeta,2020-08-23,85.75,Assam
Barpeta,2020-08-24,85.85,Assam
Barpeta,2020-08-25,85.94,Assam
Barpeta,2020-08-26,85.94,Assam
Barpeta,2020-08-27,86.01,Assam
Barpeta,2020-08-28,86.09,Assam
Barpeta,2020-08-29,86.09,Assam
Barpeta,2020-08-30,86.17,Assam
Barpeta,2020-08-31,86.17,Assam
Barpeta,2020-09-01,86.2,Assam
Barpeta,2020-09-02,86.2,Assam
Barpeta,2020-09-03,86.2,Assam
Barpeta,2020-09-04,86.2,Assam
Barpeta,2020-09-05,86.2,Assam
Barpeta,2020-09-06,86.2,Assam
Barpeta,2020-09-07,86.2,Assam
Barpeta,2020-09-08,86.2,Assam
Barpeta,2020-09-09,86.2,Assam
Barpeta,2020-09-10,86.13,Assam
Barpeta,2020-09-11,86.13,Assam
Barpeta,2020-09-12,86.04,Assam
Barpeta,2020-09-13,86.04,Assam
Barpeta,2020-09-14,85.93,Assam
Barpeta,2020-09-15,85.8,Assam
Barpeta,2020-09-16,85.8,Assam
Barpeta,2020-09-17,85.68,Assam
Barpeta,2020-09-18,85.48,Assam
Barpeta,2020-09-19,85.48,Assam
Barpeta,2020-09-20,85.48,Assam
Barpeta,2020-09-21,85.48,Assam
Barpeta,2020-09-22,85.42,Assam
Barpeta,2020-09-23,85.42,Assam
Barpeta,2020-09-24,85.42,Assam
Barpeta,2020-09-25,85.42,Assam
Barpeta,2020-09-26,85.42,Assam
Barpeta,2020-09-27,85.42,Assam
Barpeta,2020-09-28,85.42,Assam
Barpeta,2020-09-29,85.42,Assam
Barpeta,2020-09-30,85.42,Assam
Barpeta,2020-10-01,85.27,Assam
Barpeta,2020-10-02,85.27,Assam
Barpeta,2020-10-03,85.27,Assam
Barpeta,2020-10-04,85.27,Assam
Barpeta,2020-10-05,85.27,Assam
Barpeta,2020-10-06,85.27,Assam
Barpeta,2020-10-07,85.27,Assam
Barpeta,2020-10-08,85.27,Assam
Barpeta,2020-10-09,85.27,Assam
Barpeta,2020-10-10,85.27,Assam
Barpeta,2020-10-11,85.27,Assam
Barpeta,2020-10-12,85.27,Assam
Barpeta,2020-10-13,85.27,Assam
Barpeta,2020-10-14,85.27,Assam
Barpeta,2020-10-15,85.27,Assam
Barpeta,2020-10-16,85.27,Assam
Barpeta,2020-10-17,85.27,Assam
Barpeta,2020-10-18,85.27,Assam
Barpeta,2020-10-19,85.27,Assam
Barpeta,2020-10-20,85.27,Assam
Barpeta,2020-10-21,85.27,Assam
Barpeta,2020-10-22,85.27,Assam
Barpeta,2020-10-23,85.27,Assam
Barpeta,2020-10-24,85.27,Assam
Barpeta,2020-10-25,85.27,Assam
Barpeta,2020-10-26,85.27,Assam
Barpeta,2020-10-27,85.27,Assam
Barpeta,2020-10-28,85.27,Assam
Barpeta,2020-10-29,85.27,Assam
Barpeta,2020-10-30,85.27,Assam
Barpeta,2020-10-31,85.27,Assam
Barpeta,2020-11-01,85.27,Assam
Barpeta,2020-11-02,85.27,Assam
Barpeta,2020-11-03,85.27,Assam
Barpeta,2020-11-04,85.27,Assam
Barpeta,2020-11-05,85.27,Assam
Barpeta,2020-11-06,85.27,Assam
Barpeta,2020-11-07,85.27,Assam
Barpeta,2020-11-08,85.27,Assam
Barpeta,2020-11-09,85.27,Assam
Barpeta,2020-11-10,85.27,Assam
Barpeta,2020-11-11,85.27,Assam
Barpeta,2020-11-12,85.27,Assam
Barpeta,2020-11-13,85.27,Assam
Barpeta,2020-11-14,85.27,Assam
Barpeta,2020-11-15,85.27,Assam
Barpeta,2020-11-16,85.27,Assam
Barpeta,2020-11-17,85.27,Assam
Barpeta,2020-11-18,85.27,Assam
Barpeta,2020-11-19,85.27,Assam
Barpeta,2020-11-20,85.42,Assam
Barpeta,2020-11-21,85.52,Assam
Barpeta,2020-11-22,85.56,Assam
Barpeta,2020-11-23,85.61,Assam
Barpeta,2020-11-24,85.66,Assam
Barpeta,2020-11-25,85.66,Assam
Barpeta,2020-11-26,85.74,Assam
Barpeta,2020-11-27,85.89,Assam
Barpeta,2020-11-28,86.07,Assam
Barpeta,2020-11-29,86.23,Assam
Barpeta,2020-11-30,86.23,Assam
Barpeta,2020-12-01,86.23,Assam
Barpeta,2020-12-02,86.35,Assam
Barpeta,2020-12-03,86.48,Assam
Barpeta,2020-12-04,86.63,Assam
Barpeta,2020-12-05,86.84,Assam
Barpeta,2020-12-06,87.05,Assam
Barpeta,2020-12-07,87.28,Assam
Barpeta,2020-12-08,87.28,Assam
Barpeta,2020-12-09,87.28,Assam
Barpeta,2020-12-10,87.28,Assam
Barpeta,2020-12-11,87.28,Assam
Barpeta,2020-12-12,87.28,Assam
Barpeta,2020-12-13,87.28,Assam
Barpeta,2020-12-14,87.28,Assam
Barpeta,2020-12-15,87.28,Assam
Barpeta,2020-12-16,87.28,Assam
Barpeta,2020-12-17,87.28,Assam
Barpeta,2020-12-18,87.28,Assam
Barpeta,2020-12-19,87.28,Assam
Barpeta,2020-12-20,87.28,Assam
Barpeta,2020-12-21,87.28,Assam
Barpeta,2020-12-22,87.28,Assam
Barpeta,2020-12-23,87.28,Assam
Barpeta,2020-12-24,87.28,Assam
Barpeta,2020-12-25,87.28,Assam
Barpeta,2020-12-26,87.28,Assam
Barpeta,2020-12-27,87.28,Assam
Barpeta,2020-12-28,87.28,Assam
Barpeta,2020-12-29,87.28,Assam
Barpeta,2020-12-30,87.28,Assam
Barpeta,2020-12-31,87.28,Assam
Barpeta,2021-01-01,87.28,Assam
Barpeta,2021-01-02,87.28,Assam
Barpeta,2021-01-03,87.28,Assam
Barpeta,2021-01-04,87.28,Assam
Barpeta,2021-01-05,87.28,Assam
Barpeta,2021-01-06,87.5,Assam
Barpeta,2021-01-07,87.69,Assam
Barpeta,2021-01-08,87.69,Assam
Barpeta,2021-01-09,87.69,Assam
Barpeta,2021-01-10,87.69,Assam
Barpeta,2021-01-11,87.69,Assam
Barpeta,2021-01-12,87.69,Assam
Barpeta,2021-01-13,87.88,Assam
Barpeta,2021-01-14,88.07,Assam
Barpeta,2021-01-15,88.07,Assam
Barpeta,2021-01-16,88.07,Assam
Barpeta,2021-01-17,88.07,Assam
Barpeta,2021-01-18,88.27,Assam
Barpeta,2021-01-19,88.46,Assam
Barpeta,2021-01-20,88.46,Assam
Barpeta,2021-01-21,88.46,Assam
Barpeta,2021-01-22,88.65,Assam
Barpeta,2021-01-23,88.84,Assam
Barpeta,2021-01-24,88.84,Assam
Barpeta,2021-01-25,88.84,Assam
Barpeta,2021-01-26,89.11,Assam
Barpeta,2021-01-27,89.3,Assam
Barpeta,2021-01-28,89.3,Assam
Barpeta,2021-01-29,89.3,Assam
Barpeta,2021-01-30,89.3,Assam
Barpeta,2021-01-31,89.3,Assam
Barpeta,2021-02-01,89.3,Assam
Barpeta,2021-02-02,89.3,Assam
Barpeta,2021-02-03,89.3,Assam
Barpeta,2021-02-04,89.54,Assam
Barpeta,2021-02-05,89.77,Assam
Barpeta,2021-02-06,89.77,Assam
Barpeta,2021-02-07,89.77,Assam
Barpeta,2021-02-08,89.77,Assam
Barpeta,2021-02-09,90.04,Assam
Barpeta,2021-02-10,90.27,Assam
Barpeta,2021-02-11,90.46,Assam
Barpeta,2021-02-12,90.69,Assam
Barpeta,2021-02-13,85.87,Assam
Barpeta,2021-02-14,86.1,Assam
Barpeta,2021-02-15,86.3,Assam
Barpeta,2021-02-16,86.53,Assam
Barpeta,2021-02-17,86.72,Assam
Barpeta,2021-02-18,86.98,Assam
Barpeta,2021-02-19,87.22,Assam
Barpeta,2021-02-20,87.52,Assam
Barpeta,2021-02-21,87.52,Assam
Barpeta,2021-02-22,87.52,Assam
Barpeta,2021-02-23,87.78,Assam
Barpeta,2021-02-24,87.78,Assam
Barpeta,2021-02-25,87.78,Assam
Barpeta,2021-02-26,87.78,Assam
Barpeta,2021-02-27,87.97,Assam
Barpeta,2021-02-28,87.97,Assam
Barpeta,2021-03-01,87.97,Assam
