city,date,rate,district
Dibrugarh,2016-05-01,61.32,Assam
Dibrugarh,2016-05-17,62.16,Assam
Dibrugarh,2016-06-01,64.74,Assam
Dibrugarh,2016-06-15,64.79,Assam
Dibrugarh,2016-07-01,63.88,Assam
Dibrugarh,2016-07-15,62.83,Assam
Dibrugarh,2016-08-01,61.72,Assam
Dibrugarh,2016-08-15,63.09,Assam
Dibrugarh,2016-09-01,66.08,Assam
Dibrugarh,2016-09-15,66.86,Assam
Dibrugarh,2016-10-01,67.25,Assam
Dibrugarh,2016-10-05,67.37,Assam
Dibrugarh,2016-10-15,69.12,Assam
Dibrugarh,2016-11-06,70.31,Assam
Dibrugarh,2016-11-16,68.56,Assam
Dibrugarh,2016-12-01,68.73,Assam
Dibrugarh,2016-12-17,71.64,Assam
Dibrugarh,2017-01-01,73.33,Assam
Dibrugarh,2017-01-16,73.88,Assam
Dibrugarh,2017-04-01,69.53,Assam
Dibrugarh,2017-04-16,71.34,Assam
Dibrugarh,2017-05-01,71.36,Assam
Dibrugarh,2017-05-16,68.6,Assam
Dibrugarh,2017-06-01,70.22,Assam
Dibrugarh,2017-06-16,68.56,Assam
Dibrugarh,2017-06-19,67.65,Assam
Dibrugarh,2017-06-21,67.55,Assam
Dibrugarh,2017-06-26,66.51,Assam
Dibrugarh,2017-06-30,66.26,Assam
Dibrugarh,2017-07-03,66.08,Assam
Dibrugarh,2017-07-10,66.81,Assam
Dibrugarh,2017-07-13,73.24,Assam
Dibrugarh,2017-07-17,67.14,Assam
Dibrugarh,2017-07-24,67.54,Assam
Dibrugarh,2017-08-01,68.25,Assam
Dibrugarh,2017-08-07,68.67,Assam
Dibrugarh,2017-08-14,70.05,Assam
Dibrugarh,2017-08-21,70.67,Assam
Dibrugarh,2017-08-28,71.24,Assam
Dibrugarh,2017-09-04,71.76,Assam
Dibrugarh,2017-09-11,72.49,Assam
Dibrugarh,2017-09-19,72.71,Assam
Dibrugarh,2017-09-25,72.6,Assam
Dibrugarh,2017-10-03,73.07,Assam
Dibrugarh,2017-10-04,70.5,Assam
Dibrugarh,2017-10-09,70.55,Assam
Dibrugarh,2017-10-16,70.38,Assam
Dibrugarh,2017-10-24,70.7,Assam
Dibrugarh,2017-10-30,71.19,Assam
Dibrugarh,2017-11-06,71.91,Assam
Dibrugarh,2017-11-13,71.98,Assam
Dibrugarh,2017-11-20,71.7,Assam
Dibrugarh,2017-11-27,71.46,Assam
Dibrugarh,2017-12-05,71.43,Assam
Dibrugarh,2017-12-11,71.29,Assam
Dibrugarh,2017-12-18,71.36,Assam
Dibrugarh,2017-12-26,71.82,Assam
Dibrugarh,2018-01-01,72.18,Assam
Dibrugarh,2018-01-02,72.41,Assam
Dibrugarh,2018-01-05,72.2,Assam
Dibrugarh,2018-01-08,72.65,Assam
Dibrugarh,2018-01-09,72.7,Assam
Dibrugarh,2018-01-10,72.77,Assam
Dibrugarh,2018-01-11,72.81,Assam
Dibrugarh,2018-01-12,72.88,Assam
Dibrugarh,2018-01-15,73.34,Assam
Dibrugarh,2018-01-16,73.43,Assam
Dibrugarh,2018-01-17,73.55,Assam
Dibrugarh,2018-01-18,73.73,Assam
Dibrugarh,2018-01-19,73.88,Assam
Dibrugarh,2018-01-22,74.43,Assam
Dibrugarh,2018-01-23,74.59,Assam
Dibrugarh,2018-01-24,74.64,Assam
Dibrugarh,2018-01-25,74.7,Assam
Dibrugarh,2018-01-29,75.07,Assam
Dibrugarh,2018-01-30,75.15,Assam
Dibrugarh,2018-02-01,75.3,Assam
Dibrugarh,2018-02-02,75.35,Assam
Dibrugarh,2018-02-05,75.57,Assam
Dibrugarh,2018-02-06,75.64,Assam
Dibrugarh,2018-02-08,75.63,Assam
Dibrugarh,2018-02-09,75.61,Assam
Dibrugarh,2018-02-12,75.26,Assam
Dibrugarh,2018-02-13,75.18,Assam
Dibrugarh,2018-02-15,75.03,Assam
Dibrugarh,2018-02-16,74.74,Assam
Dibrugarh,2018-02-19,74.12,Assam
Dibrugarh,2018-02-20,73.92,Assam
Dibrugarh,2018-02-21,73.91,Assam
Dibrugarh,2018-02-22,73.89,Assam
Dibrugarh,2018-02-23,73.8,Assam
Dibrugarh,2018-02-26,73.71,Assam
Dibrugarh,2018-02-27,73.69,Assam
Dibrugarh,2018-03-01,73.83,Assam
Dibrugarh,2018-03-02,74.02,Assam
Dibrugarh,2018-03-05,74.61,Assam
Dibrugarh,2018-03-06,74.68,Assam
Dibrugarh,2018-03-09,74.73,Assam
Dibrugarh,2018-03-12,74.75,Assam
Dibrugarh,2018-03-13,74.77,Assam
Dibrugarh,2018-03-15,74.75,Assam
Dibrugarh,2018-03-16,74.66,Assam
Dibrugarh,2018-03-19,74.48,Assam
Dibrugarh,2018-03-20,74.49,Assam
Dibrugarh,2018-03-22,74.55,Assam
Dibrugarh,2018-03-23,74.59,Assam
Dibrugarh,2018-03-26,75.1,Assam
Dibrugarh,2018-03-27,75.22,Assam
Dibrugarh,2018-03-29,75.4,Assam
Dibrugarh,2018-03-30,75.64,Assam
Dibrugarh,2018-04-02,76.12,Assam
Dibrugarh,2018-04-03,76.26,Assam
Dibrugarh,2018-04-05,76.29,Assam
Dibrugarh,2018-04-09,76.3,Assam
Dibrugarh,2018-04-10,76.29,Assam
Dibrugarh,2018-04-12,76.25,Assam
Dibrugarh,2018-04-13,76.21,Assam
Dibrugarh,2018-04-16,76.33,Assam
Dibrugarh,2018-04-19,76.38,Assam
Dibrugarh,2018-04-20,76.39,Assam
Dibrugarh,2018-04-23,76.83,Assam
Dibrugarh,2018-04-24,76.96,Assam
Dibrugarh,2018-05-14,77.16,Assam
Dibrugarh,2018-05-15,77.31,Assam
Dibrugarh,2018-05-16,77.47,Assam
Dibrugarh,2018-05-17,77.7,Assam
Dibrugarh,2018-05-18,77.16,Assam
Dibrugarh,2018-05-21,79.0,Assam
Dibrugarh,2018-05-22,79.32,Assam
Dibrugarh,2018-05-23,79.63,Assam
Dibrugarh,2018-05-24,79.94,Assam
Dibrugarh,2018-05-25,80.32,Assam
Dibrugarh,2018-05-26,80.46,Assam
Dibrugarh,2018-05-27,80.62,Assam
Dibrugarh,2018-05-28,80.77,Assam
Dibrugarh,2018-05-29,80.94,Assam
Dibrugarh,2018-05-31,80.86,Assam
Dibrugarh,2018-06-01,80.8,Assam
Dibrugarh,2018-06-02,80.7,Assam
Dibrugarh,2018-06-03,80.61,Assam
Dibrugarh,2018-06-04,80.45,Assam
Dibrugarh,2018-06-05,80.32,Assam
Dibrugarh,2018-06-06,80.2,Assam
Dibrugarh,2018-06-07,80.11,Assam
Dibrugarh,2018-06-08,79.89,Assam
Dibrugarh,2018-06-09,79.47,Assam
Dibrugarh,2018-06-10,79.22,Assam
Dibrugarh,2018-06-11,79.02,Assam
Dibrugarh,2018-06-12,78.87,Assam
Dibrugarh,2018-06-15,78.78,Assam
Dibrugarh,2018-06-19,78.7,Assam
Dibrugarh,2018-06-21,78.59,Assam
Dibrugarh,2018-06-22,78.44,Assam
Dibrugarh,2018-06-23,78.35,Assam
Dibrugarh,2018-06-24,78.21,Assam
Dibrugarh,2018-06-25,78.11,Assam
Dibrugarh,2018-06-26,77.96,Assam
Dibrugarh,2018-07-05,78.13,Assam
Dibrugarh,2018-07-06,78.28,Assam
Dibrugarh,2018-07-09,78.81,Assam
Dibrugarh,2018-07-10,78.99,Assam
Dibrugarh,2018-07-12,79.05,Assam
Dibrugarh,2018-07-13,79.22,Assam
Dibrugarh,2018-07-16,79.31,Assam
Dibrugarh,2018-07-20,79.14,Assam
Dibrugarh,2018-07-23,78.81,Assam
Dibrugarh,2018-07-24,78.73,Assam
Dibrugarh,2018-07-30,78.76,Assam
Dibrugarh,2018-07-31,78.82,Assam
Dibrugarh,2018-08-02,78.95,Assam
Dibrugarh,2018-08-03,79.03,Assam
Dibrugarh,2018-08-06,79.52,Assam
Dibrugarh,2018-08-07,79.61,Assam
Dibrugarh,2018-08-13,79.69,Assam
Dibrugarh,2018-08-16,79.75,Assam
Dibrugarh,2018-08-20,80.06,Assam
Dibrugarh,2018-08-21,80.15,Assam
Dibrugarh,2018-08-24,80.25,Assam
Dibrugarh,2018-08-25,72.18,Assam
Dibrugarh,2018-08-26,72.26,Assam
Dibrugarh,2018-08-27,80.5,Assam
Dibrugarh,2018-08-28,80.64,Assam
Dibrugarh,2018-08-29,80.78,Assam
Dibrugarh,2018-08-30,80.9,Assam
Dibrugarh,2018-08-31,81.13,Assam
Dibrugarh,2018-09-03,82.14,Assam
Dibrugarh,2018-09-04,82.3,Assam
Dibrugarh,2018-09-06,82.51,Assam
Dibrugarh,2018-09-07,83.01,Assam
Dibrugarh,2018-09-10,83.78,Assam
Dibrugarh,2018-09-11,83.93,Assam
Dibrugarh,2018-09-13,84.07,Assam
Dibrugarh,2018-09-14,84.36,Assam
Dibrugarh,2018-09-15,84.72,Assam
Dibrugarh,2018-09-16,85.01,Assam
Dibrugarh,2018-09-17,85.17,Assam
Dibrugarh,2018-09-18,85.28,Assam
Dibrugarh,2018-09-20,85.34,Assam
Dibrugarh,2018-09-21,85.44,Assam
Dibrugarh,2018-09-23,85.73,Assam
Dibrugarh,2018-09-24,85.84,Assam
Dibrugarh,2018-09-25,85.99,Assam
Dibrugarh,2018-09-27,86.14,Assam
Dibrugarh,2018-09-28,86.37,Assam
Dibrugarh,2018-09-30,86.65,Assam
Dibrugarh,2018-10-01,86.88,Assam
Dibrugarh,2018-10-02,86.99,Assam
Dibrugarh,2018-10-04,87.14,Assam
Dibrugarh,2018-10-05,82.01,Assam
Dibrugarh,2018-10-06,82.2,Assam
Dibrugarh,2018-10-07,82.34,Assam
Dibrugarh,2018-10-08,82.56,Assam
Dibrugarh,2018-10-09,82.8,Assam
Dibrugarh,2018-10-11,82.91,Assam
Dibrugarh,2018-10-12,83.03,Assam
Dibrugarh,2018-10-13,83.22,Assam
Dibrugarh,2018-10-14,83.28,Assam
Dibrugarh,2018-10-16,83.4,Assam
Dibrugarh,2018-10-19,82.93,Assam
Dibrugarh,2018-10-20,82.52,Assam
Dibrugarh,2018-10-22,81.95,Assam
Dibrugarh,2018-10-23,81.84,Assam
Dibrugarh,2018-10-24,81.75,Assam
Dibrugarh,2018-10-25,81.59,Assam
Dibrugarh,2018-10-26,81.33,Assam
Dibrugarh,2018-10-29,80.19,Assam
Dibrugarh,2018-10-30,79.98,Assam
Dibrugarh,2018-11-01,79.79,Assam
Dibrugarh,2018-11-02,79.66,Assam
Dibrugarh,2018-11-05,79.04,Assam
Dibrugarh,2018-11-06,78.89,Assam
Dibrugarh,2018-11-12,78.0,Assam
Dibrugarh,2018-11-13,77.86,Assam
Dibrugarh,2018-11-15,77.7,Assam
Dibrugarh,2018-11-16,77.52,Assam
Dibrugarh,2018-11-19,76.91,Assam
Dibrugarh,2018-11-20,76.77,Assam
Dibrugarh,2018-11-22,76.34,Assam
Dibrugarh,2018-11-23,75.92,Assam
Dibrugarh,2018-11-26,74.8,Assam
Dibrugarh,2018-11-27,74.36,Assam
Dibrugarh,2018-11-28,73.84,Assam
Dibrugarh,2018-11-29,73.49,Assam
Dibrugarh,2018-11-30,73.11,Assam
Dibrugarh,2018-12-01,72.74,Assam
Dibrugarh,2018-12-02,72.41,Assam
Dibrugarh,2018-12-03,72.09,Assam
Dibrugarh,2018-12-04,71.87,Assam
Dibrugarh,2018-12-06,71.45,Assam
Dibrugarh,2018-12-07,71.04,Assam
Dibrugarh,2018-12-10,70.4,Assam
Dibrugarh,2018-12-11,70.23,Assam
Dibrugarh,2018-12-13,70.33,Assam
Dibrugarh,2018-12-17,70.58,Assam
Dibrugarh,2018-12-18,70.68,Assam
Dibrugarh,2018-12-21,70.5,Assam
Dibrugarh,2018-12-24,69.88,Assam
Dibrugarh,2018-12-25,69.8,Assam
Dibrugarh,2018-12-27,69.75,Assam
Dibrugarh,2018-12-28,69.55,Assam
Dibrugarh,2018-12-31,68.81,Assam
Dibrugarh,2019-01-02,68.71,Assam
Dibrugarh,2019-01-04,68.49,Assam
Dibrugarh,2019-01-07,68.55,Assam
Dibrugarh,2019-01-10,68.95,Assam
Dibrugarh,2019-01-11,69.15,Assam
Dibrugarh,2019-01-14,70.25,Assam
Dibrugarh,2019-01-16,70.46,Assam
Dibrugarh,2019-01-17,70.61,Assam
Dibrugarh,2019-01-18,70.69,Assam
Dibrugarh,2019-01-21,71.31,Assam
Dibrugarh,2019-01-22,71.44,Assam
Dibrugarh,2019-01-29,71.36,Assam
Dibrugarh,2019-01-31,71.25,Assam
Dibrugarh,2019-02-01,71.02,Assam
Dibrugarh,2019-02-05,70.5,Assam
Dibrugarh,2019-02-08,70.43,Assam
Dibrugarh,2019-02-11,70.38,Assam
Dibrugarh,2019-02-14,70.44,Assam
Dibrugarh,2019-02-15,70.52,Assam
Dibrugarh,2019-02-18,70.99,Assam
Dibrugarh,2019-02-19,71.09,Assam
Dibrugarh,2019-02-22,71.39,Assam
Dibrugarh,2019-02-25,71.69,Assam
Dibrugarh,2019-02-26,71.78,Assam
Dibrugarh,2019-02-28,71.85,Assam
Dibrugarh,2019-03-01,71.96,Assam
Dibrugarh,2019-03-04,72.34,Assam
Dibrugarh,2019-03-05,72.41,Assam
Dibrugarh,2019-03-11,72.64,Assam
Dibrugarh,2019-03-12,72.59,Assam
Dibrugarh,2019-03-14,72.66,Assam
Dibrugarh,2019-03-15,72.73,Assam
Dibrugarh,2019-03-18,72.97,Assam
Dibrugarh,2019-03-21,72.9,Assam
Dibrugarh,2019-03-22,72.95,Assam
Dibrugarh,2019-03-23,73.01,Assam
Dibrugarh,2019-03-24,73.06,Assam
Dibrugarh,2019-03-28,73.01,Assam
Dibrugarh,2019-04-01,73.08,Assam
Dibrugarh,2019-04-05,73.14,Assam
Dibrugarh,2019-04-08,73.07,Assam
Dibrugarh,2019-04-09,73.02,Assam
Dibrugarh,2019-04-12,73.08,Assam
Dibrugarh,2019-04-15,73.21,Assam
Dibrugarh,2019-04-16,73.16,Assam
Dibrugarh,2019-04-20,73.23,Assam
Dibrugarh,2019-04-22,73.18,Assam
Dibrugarh,2019-04-25,73.25,Assam
Dibrugarh,2019-04-27,73.31,Assam
Dibrugarh,2019-04-30,73.37,Assam
Dibrugarh,2019-05-02,73.27,Assam
Dibrugarh,2019-05-04,73.28,Assam
Dibrugarh,2019-05-05,73.22,Assam
Dibrugarh,2019-05-06,73.15,Assam
Dibrugarh,2019-05-09,72.98,Assam
Dibrugarh,2019-05-10,72.76,Assam
Dibrugarh,2019-05-11,72.26,Assam
Dibrugarh,2019-05-12,71.82,Assam
Dibrugarh,2019-05-13,71.51,Assam
Dibrugarh,2019-05-14,71.25,Assam
Dibrugarh,2019-05-17,71.16,Assam
Dibrugarh,2019-05-18,71.09,Assam
Dibrugarh,2019-05-20,71.19,Assam
Dibrugarh,2019-05-21,71.24,Assam
Dibrugarh,2019-05-23,71.32,Assam
Dibrugarh,2019-05-24,71.47,Assam
Dibrugarh,2019-05-25,71.61,Assam
Dibrugarh,2019-05-26,71.76,Assam
Dibrugarh,2019-05-27,71.86,Assam
Dibrugarh,2019-05-28,71.96,Assam
Dibrugarh,2019-05-30,71.89,Assam
Dibrugarh,2019-05-31,71.82,Assam
Dibrugarh,2019-06-01,71.78,Assam
Dibrugarh,2019-06-02,71.66,Assam
Dibrugarh,2019-06-03,71.45,Assam
Dibrugarh,2019-06-04,71.38,Assam
Dibrugarh,2019-06-06,71.21,Assam
Dibrugarh,2019-06-07,71.07,Assam
Dibrugarh,2019-06-10,70.54,Assam
Dibrugarh,2019-06-13,70.46,Assam
Dibrugarh,2019-06-14,70.28,Assam
Dibrugarh,2019-06-15,70.08,Assam
Dibrugarh,2019-06-16,70.02,Assam
Dibrugarh,2019-06-24,70.15,Assam
Dibrugarh,2019-06-27,70.22,Assam
Dibrugarh,2019-06-28,70.27,Assam
Dibrugarh,2019-06-29,70.39,Assam
Dibrugarh,2019-06-30,70.48,Assam
Dibrugarh,2019-07-01,70.58,Assam
Dibrugarh,2019-07-02,70.65,Assam
Dibrugarh,2019-07-06,73.2,Assam
Dibrugarh,2019-07-09,73.14,Assam
Dibrugarh,2019-07-13,73.24,Assam
Dibrugarh,2019-07-14,73.33,Assam
Dibrugarh,2019-07-15,73.47,Assam
Dibrugarh,2019-07-16,73.53,Assam
Dibrugarh,2019-07-18,73.61,Assam
Dibrugarh,2019-07-23,73.68,Assam
Dibrugarh,2019-07-25,73.61,Assam
Dibrugarh,2019-07-26,73.55,Assam
Dibrugarh,2019-07-27,73.5,Assam
Dibrugarh,2019-07-28,73.39,Assam
Dibrugarh,2019-07-29,73.24,Assam
Dibrugarh,2019-07-30,73.1,Assam
Dibrugarh,2019-08-01,73.04,Assam
Dibrugarh,2019-08-02,72.87,Assam
Dibrugarh,2019-08-03,72.8,Assam
Dibrugarh,2019-08-04,72.73,Assam
Dibrugarh,2019-08-05,72.57,Assam
Dibrugarh,2019-08-06,72.48,Assam
Dibrugarh,2019-08-08,72.43,Assam
Dibrugarh,2019-08-09,72.27,Assam
Dibrugarh,2019-08-11,72.18,Assam
Dibrugarh,2019-08-18,72.09,Assam
Dibrugarh,2019-08-19,72.02,Assam
Dibrugarh,2019-08-24,72.1,Assam
Dibrugarh,2019-08-25,72.18,Assam
Dibrugarh,2019-08-26,72.26,Assam
Dibrugarh,2019-08-27,72.26,Assam
Dibrugarh,2019-08-29,72.2,Assam
Dibrugarh,2019-09-02,74.72,Assam
Dibrugarh,2019-09-05,74.69,Assam
Dibrugarh,2019-09-06,74.6,Assam
Dibrugarh,2019-09-07,74.5,Assam
Dibrugarh,2019-09-08,74.44,Assam
Dibrugarh,2019-09-10,74.49,Assam
Dibrugarh,2019-09-12,74.55,Assam
Dibrugarh,2019-09-13,74.63,Assam
Dibrugarh,2019-09-14,74.71,Assam
Dibrugarh,2019-09-15,74.77,Assam
Dibrugarh,2019-09-17,74.92,Assam
Dibrugarh,2019-09-18,75.18,Assam
Dibrugarh,2019-09-19,75.48,Assam
Dibrugarh,2019-09-20,75.85,Assam
Dibrugarh,2019-09-21,76.15,Assam
Dibrugarh,2019-09-22,76.43,Assam
Dibrugarh,2019-09-23,76.73,Assam
Dibrugarh,2019-09-24,76.96,Assam
Dibrugarh,2019-09-26,77.02,Assam
Dibrugarh,2019-09-27,77.18,Assam
Dibrugarh,2019-09-30,77.26,Assam
Dibrugarh,2019-10-01,77.49,Assam
Dibrugarh,2019-10-03,77.38,Assam
Dibrugarh,2019-10-04,77.2,Assam
Dibrugarh,2019-10-05,76.89,Assam
Dibrugarh,2019-10-07,76.6,Assam
Dibrugarh,2019-10-08,76.43,Assam
Dibrugarh,2019-10-10,76.37,Assam
Dibrugarh,2019-10-11,76.25,Assam
Dibrugarh,2019-10-12,76.14,Assam
Dibrugarh,2019-10-15,76.09,Assam
Dibrugarh,2019-10-22,76.04,Assam
Dibrugarh,2019-10-24,75.99,Assam
Dibrugarh,2019-10-25,75.87,Assam
Dibrugarh,2019-10-26,75.79,Assam
Dibrugarh,2019-10-29,75.73,Assam
Dibrugarh,2019-11-01,75.6,Assam
Dibrugarh,2019-11-02,75.52,Assam
Dibrugarh,2019-11-03,75.47,Assam
Dibrugarh,2019-11-04,75.38,Assam
Dibrugarh,2019-11-05,75.33,Assam
Dibrugarh,2019-11-08,75.44,Assam
Dibrugarh,2019-11-09,75.59,Assam
Dibrugarh,2019-11-10,75.8,Assam
Dibrugarh,2019-11-11,75.96,Assam
Dibrugarh,2019-11-13,76.06,Assam
Dibrugarh,2019-11-14,76.22,Assam
Dibrugarh,2019-11-15,76.4,Assam
Dibrugarh,2019-11-16,76.55,Assam
Dibrugarh,2019-11-17,76.68,Assam
Dibrugarh,2019-11-18,76.84,Assam
Dibrugarh,2019-11-19,77.0,Assam
Dibrugarh,2019-11-22,77.15,Assam
Dibrugarh,2019-11-23,77.25,Assam
Dibrugarh,2019-11-24,77.35,Assam
Dibrugarh,2019-11-25,77.48,Assam
Dibrugarh,2019-11-26,77.58,Assam
Dibrugarh,2019-11-29,77.63,Assam
Dibrugarh,2019-11-30,77.683,Assam
Dibrugarh,2019-12-01,77.81,Assam
Dibrugarh,2019-12-07,77.72,Assam
Dibrugarh,2019-12-08,77.81,Assam
Dibrugarh,2019-12-09,77.86,Assam
Dibrugarh,2019-12-10,77.87,Assam
Dibrugarh,2019-12-12,77.82,Assam
Dibrugarh,2019-12-13,77.76,Assam
Dibrugarh,2019-12-14,77.71,Assam
Dibrugarh,2019-12-15,77.6,Assam
Dibrugarh,2019-12-16,77.55,Assam
Dibrugarh,2019-12-17,77.5,Assam
Dibrugarh,2019-12-19,77.49,Assam
Dibrugarh,2019-12-26,77.54,Assam
Dibrugarh,2019-12-27,77.6,Assam
Dibrugarh,2019-12-29,77.75,Assam
Dibrugarh,2019-12-30,77.91,Assam
Dibrugarh,2019-12-31,78.02,Assam
Dibrugarh,2020-01-02,78.15,Assam
Dibrugarh,2020-01-03,78.26,Assam
Dibrugarh,2020-01-04,78.36,Assam
Dibrugarh,2020-01-05,78.45,Assam
Dibrugarh,2020-01-06,78.61,Assam
Dibrugarh,2020-01-07,78.76,Assam
Dibrugarh,2020-01-08,78.66,Assam
Dibrugarh,2020-01-09,78.74,Assam
Dibrugarh,2020-01-10,78.89,Assam
Dibrugarh,2020-01-11,78.94,Assam
Dibrugarh,2020-01-12,78.84,Assam
Dibrugarh,2020-01-13,78.73,Assam
Dibrugarh,2020-01-14,78.63,Assam
Dibrugarh,2020-01-16,78.47,Assam
Dibrugarh,2020-01-17,78.32,Assam
Dibrugarh,2020-01-18,78.16,Assam
Dibrugarh,2020-01-19,77.99,Assam
Dibrugarh,2020-01-20,77.87,Assam
Dibrugarh,2020-01-21,77.71,Assam
Dibrugarh,2020-01-22,77.71,Assam
Dibrugarh,2020-01-23,77.53,Assam
Dibrugarh,2020-01-24,77.31,Assam
Dibrugarh,2020-01-25,77.06,Assam
Dibrugarh,2020-01-26,76.76,Assam
Dibrugarh,2020-01-27,76.55,Assam
Dibrugarh,2020-01-28,76.43,Assam
Dibrugarh,2020-01-29,76.43,Assam
Dibrugarh,2020-01-30,76.19,Assam
Dibrugarh,2020-01-31,76.09,Assam
Dibrugarh,2020-02-01,75.95,Assam
Dibrugarh,2020-02-02,75.85,Assam
Dibrugarh,2020-02-03,75.79,Assam
Dibrugarh,2020-02-04,75.74,Assam
Dibrugarh,2020-02-05,75.74,Assam
Dibrugarh,2020-02-06,75.63,Assam
Dibrugarh,2020-02-07,75.41,Assam
Dibrugarh,2020-02-08,75.17,Assam
Dibrugarh,2020-02-09,74.95,Assam
Dibrugarh,2020-02-10,74.87,Assam
Dibrugarh,2020-02-11,74.7,Assam
Dibrugarh,2020-02-12,74.7,Assam
Dibrugarh,2020-02-13,74.7,Assam
Dibrugarh,2020-02-14,74.7,Assam
Dibrugarh,2020-02-15,74.7,Assam
Dibrugarh,2020-02-17,74.7,Assam
Dibrugarh,2020-02-18,74.65,Assam
Dibrugarh,2020-02-19,74.65,Assam
Dibrugarh,2020-02-20,74.65,Assam
Dibrugarh,2020-02-21,74.65,Assam
Dibrugarh,2020-02-24,74.78,Assam
Dibrugarh,2020-02-25,74.78,Assam
Dibrugarh,2020-02-26,74.78,Assam
Dibrugarh,2020-02-27,74.72,Assam
Dibrugarh,2020-02-28,74.72,Assam
Dibrugarh,2020-02-29,74.65,Assam
Dibrugarh,2020-03-01,74.5,Assam
Dibrugarh,2020-03-02,74.28,Assam
Dibrugarh,2020-03-03,74.22,Assam
Dibrugarh,2020-03-04,74.22,Assam
Dibrugarh,2020-03-05,74.07,Assam
Dibrugarh,2020-03-06,73.91,Assam
Dibrugarh,2020-03-07,73.79,Assam
Dibrugarh,2020-03-08,73.59,Assam
Dibrugarh,2020-03-09,73.34,Assam
Dibrugarh,2020-03-10,73.04,Assam
Dibrugarh,2020-03-11,73.04,Assam
Dibrugarh,2020-03-12,72.87,Assam
Dibrugarh,2020-03-13,72.72,Assam
Dibrugarh,2020-03-14,72.59,Assam
Dibrugarh,2020-03-15,72.46,Assam
Dibrugarh,2020-03-16,72.29,Assam
Dibrugarh,2020-03-17,72.29,Assam
Dibrugarh,2020-03-18,72.29,Assam
Dibrugarh,2020-03-19,72.29,Assam
Dibrugarh,2020-03-20,72.29,Assam
Dibrugarh,2020-03-21,72.29,Assam
Dibrugarh,2020-03-22,72.29,Assam
Dibrugarh,2020-03-23,72.29,Assam
Dibrugarh,2020-03-24,72.29,Assam
Dibrugarh,2020-03-25,72.29,Assam
Dibrugarh,2020-03-26,72.29,Assam
Dibrugarh,2020-03-27,72.29,Assam
Dibrugarh,2020-03-28,72.29,Assam
Dibrugarh,2020-03-29,72.29,Assam
Dibrugarh,2020-03-30,72.29,Assam
Dibrugarh,2020-03-31,72.29,Assam
Dibrugarh,2020-04-01,72.29,Assam
Dibrugarh,2020-04-02,72.29,Assam
Dibrugarh,2020-04-03,72.29,Assam
Dibrugarh,2020-04-04,72.29,Assam
Dibrugarh,2020-04-05,72.29,Assam
Dibrugarh,2020-04-06,72.29,Assam
Dibrugarh,2020-04-07,72.29,Assam
Dibrugarh,2020-04-08,72.29,Assam
Dibrugarh,2020-04-09,72.29,Assam
Dibrugarh,2020-04-10,72.29,Assam
Dibrugarh,2020-04-11,72.29,Assam
Dibrugarh,2020-04-12,72.29,Assam
Dibrugarh,2020-04-13,72.29,Assam
Dibrugarh,2020-04-14,72.29,Assam
Dibrugarh,2020-04-15,72.29,Assam
Dibrugarh,2020-04-16,72.29,Assam
Dibrugarh,2020-04-17,72.29,Assam
Dibrugarh,2020-04-18,72.29,Assam
Dibrugarh,2020-04-20,72.29,Assam
Dibrugarh,2020-04-21,72.29,Assam
Dibrugarh,2020-04-22,72.29,Assam
Dibrugarh,2020-04-23,72.29,Assam
Dibrugarh,2020-04-24,72.29,Assam
Dibrugarh,2020-04-25,72.29,Assam
Dibrugarh,2020-04-26,72.29,Assam
Dibrugarh,2020-04-27,72.29,Assam
Dibrugarh,2020-04-28,72.29,Assam
Dibrugarh,2020-04-29,72.29,Assam
Dibrugarh,2020-04-30,72.29,Assam
Dibrugarh,2020-05-01,72.29,Assam
Dibrugarh,2020-05-02,72.29,Assam
Dibrugarh,2020-05-03,72.29,Assam
Dibrugarh,2020-05-04,72.29,Assam
Dibrugarh,2020-05-05,77.97,Assam
Dibrugarh,2020-05-06,77.97,Assam
Dibrugarh,2020-05-07,77.97,Assam
Dibrugarh,2020-05-08,77.97,Assam
Dibrugarh,2020-05-09,77.97,Assam
Dibrugarh,2020-05-10,77.97,Assam
Dibrugarh,2020-05-11,77.97,Assam
Dibrugarh,2020-05-12,77.97,Assam
Dibrugarh,2020-05-13,77.97,Assam
Dibrugarh,2020-05-14,77.97,Assam
Dibrugarh,2020-05-15,77.97,Assam
Dibrugarh,2020-05-16,77.97,Assam
Dibrugarh,2020-05-17,77.97,Assam
Dibrugarh,2020-05-18,77.97,Assam
Dibrugarh,2020-05-19,77.97,Assam
Dibrugarh,2020-05-20,77.97,Assam
Dibrugarh,2020-05-21,77.97,Assam
Dibrugarh,2020-05-22,77.97,Assam
Dibrugarh,2020-05-23,77.97,Assam
Dibrugarh,2020-05-24,77.97,Assam
Dibrugarh,2020-05-25,77.97,Assam
Dibrugarh,2020-05-26,77.97,Assam
Dibrugarh,2020-05-27,77.97,Assam
Dibrugarh,2020-05-28,77.97,Assam
Dibrugarh,2020-05-29,77.97,Assam
Dibrugarh,2020-05-30,77.97,Assam
Dibrugarh,2020-05-31,77.97,Assam
Dibrugarh,2020-06-01,77.97,Assam
Dibrugarh,2020-06-02,77.97,Assam
Dibrugarh,2020-06-03,77.97,Assam
Dibrugarh,2020-06-04,77.97,Assam
Dibrugarh,2020-06-05,77.97,Assam
Dibrugarh,2020-06-06,77.97,Assam
Dibrugarh,2020-06-07,78.57,Assam
Dibrugarh,2020-06-08,79.17,Assam
Dibrugarh,2020-06-09,79.71,Assam
Dibrugarh,2020-06-10,80.11,Assam
Dibrugarh,2020-06-11,80.71,Assam
Dibrugarh,2020-06-12,81.31,Assam
Dibrugarh,2020-06-13,81.91,Assam
Dibrugarh,2020-06-14,82.51,Assam
Dibrugarh,2020-06-15,81.81,Assam
Dibrugarh,2020-06-16,82.17,Assam
Dibrugarh,2020-06-17,82.59,Assam
Dibrugarh,2020-06-18,83.0,Assam
Dibrugarh,2020-06-19,83.43,Assam
Dibrugarh,2020-06-20,83.82,Assam
Dibrugarh,2020-06-21,84.09,Assam
Dibrugarh,2020-06-22,84.34,Assam
Dibrugarh,2020-06-23,84.49,Assam
Dibrugarh,2020-06-24,84.49,Assam
Dibrugarh,2020-06-25,84.61,Assam
Dibrugarh,2020-06-26,84.78,Assam
Dibrugarh,2020-06-27,84.96,Assam
Dibrugarh,2020-06-28,84.96,Assam
Dibrugarh,2020-06-29,85.0,Assam
Dibrugarh,2020-06-30,85.0,Assam
Dibrugarh,2020-07-01,85.0,Assam
Dibrugarh,2020-07-02,85.0,Assam
Dibrugarh,2020-07-03,85.0,Assam
Dibrugarh,2020-07-04,85.0,Assam
Dibrugarh,2020-07-05,85.0,Assam
Dibrugarh,2020-07-06,85.0,Assam
Dibrugarh,2020-07-07,85.0,Assam
Dibrugarh,2020-07-08,85.0,Assam
Dibrugarh,2020-07-09,85.0,Assam
Dibrugarh,2020-07-10,85.0,Assam
Dibrugarh,2020-07-11,85.0,Assam
Dibrugarh,2020-07-12,85.0,Assam
Dibrugarh,2020-07-13,85.0,Assam
Dibrugarh,2020-07-15,85.0,Assam
Dibrugarh,2020-07-16,85.0,Assam
Dibrugarh,2020-07-17,85.0,Assam
Dibrugarh,2020-07-18,85.0,Assam
Dibrugarh,2020-07-19,85.0,Assam
Dibrugarh,2020-07-20,85.0,Assam
Dibrugarh,2020-07-21,85.0,Assam
Dibrugarh,2020-07-22,85.0,Assam
Dibrugarh,2020-07-23,85.0,Assam
Dibrugarh,2020-07-24,85.0,Assam
Dibrugarh,2020-07-25,85.0,Assam
Dibrugarh,2020-07-26,85.0,Assam
Dibrugarh,2020-07-27,85.0,Assam
Dibrugarh,2020-07-28,85.0,Assam
Dibrugarh,2020-07-29,85.0,Assam
Dibrugarh,2020-07-30,85.0,Assam
Dibrugarh,2020-07-31,85.0,Assam
Dibrugarh,2020-08-01,85.0,Assam
Dibrugarh,2020-08-02,85.0,Assam
Dibrugarh,2020-08-03,85.0,Assam
Dibrugarh,2020-08-04,85.0,Assam
Dibrugarh,2020-08-05,85.0,Assam
Dibrugarh,2020-08-06,85.0,Assam
Dibrugarh,2020-08-07,85.0,Assam
Dibrugarh,2020-08-08,85.0,Assam
Dibrugarh,2020-08-09,85.0,Assam
Dibrugarh,2020-08-10,85.0,Assam
Dibrugarh,2020-08-11,85.0,Assam
Dibrugarh,2020-08-12,85.0,Assam
Dibrugarh,2020-08-13,85.0,Assam
Dibrugarh,2020-08-14,85.0,Assam
Dibrugarh,2020-08-15,85.0,Assam
Dibrugarh,2020-08-16,85.19,Assam
Dibrugarh,2020-08-17,85.31,Assam
Dibrugarh,2020-08-18,85.43,Assam
Dibrugarh,2020-08-19,85.43,Assam
Dibrugarh,2020-08-20,85.51,Assam
Dibrugarh,2020-08-21,85.66,Assam
Dibrugarh,2020-08-22,85.78,Assam
Dibrugarh,2020-08-23,85.89,Assam
Dibrugarh,2020-08-24,85.99,Assam
Dibrugarh,2020-08-25,86.07,Assam
Dibrugarh,2020-08-26,86.07,Assam
Dibrugarh,2020-08-27,86.15,Assam
Dibrugarh,2020-08-28,86.23,Assam
Dibrugarh,2020-08-29,86.23,Assam
Dibrugarh,2020-08-30,86.3,Assam
Dibrugarh,2020-08-31,86.3,Assam
Dibrugarh,2020-09-01,86.34,Assam
Dibrugarh,2020-09-02,86.34,Assam
Dibrugarh,2020-09-03,86.34,Assam
Dibrugarh,2020-09-04,86.34,Assam
Dibrugarh,2020-09-05,86.34,Assam
Dibrugarh,2020-09-06,86.34,Assam
Dibrugarh,2020-09-07,86.34,Assam
Dibrugarh,2020-09-08,86.34,Assam
Dibrugarh,2020-09-09,86.34,Assam
Dibrugarh,2020-09-10,86.27,Assam
Dibrugarh,2020-09-11,86.27,Assam
Dibrugarh,2020-09-12,86.17,Assam
Dibrugarh,2020-09-13,86.17,Assam
Dibrugarh,2020-09-14,86.07,Assam
Dibrugarh,2020-09-15,85.93,Assam
Dibrugarh,2020-09-16,85.93,Assam
Dibrugarh,2020-09-17,85.82,Assam
Dibrugarh,2020-09-18,85.62,Assam
Dibrugarh,2020-09-19,85.62,Assam
Dibrugarh,2020-09-20,85.62,Assam
Dibrugarh,2020-09-21,85.62,Assam
Dibrugarh,2020-09-22,85.56,Assam
Dibrugarh,2020-09-23,85.56,Assam
Dibrugarh,2020-09-24,85.56,Assam
Dibrugarh,2020-09-25,85.56,Assam
Dibrugarh,2020-09-26,85.56,Assam
Dibrugarh,2020-09-27,85.56,Assam
Dibrugarh,2020-09-28,85.56,Assam
Dibrugarh,2020-09-29,85.56,Assam
Dibrugarh,2020-09-30,85.56,Assam
Dibrugarh,2020-10-01,85.56,Assam
Dibrugarh,2020-10-02,85.56,Assam
Dibrugarh,2020-10-03,85.56,Assam
Dibrugarh,2020-10-04,85.56,Assam
Dibrugarh,2020-10-05,85.56,Assam
Dibrugarh,2020-10-06,85.56,Assam
Dibrugarh,2020-10-07,85.56,Assam
Dibrugarh,2020-10-08,85.56,Assam
Dibrugarh,2020-10-09,85.56,Assam
Dibrugarh,2020-10-10,85.56,Assam
Dibrugarh,2020-10-11,85.56,Assam
Dibrugarh,2020-10-12,85.56,Assam
Dibrugarh,2020-10-13,85.56,Assam
Dibrugarh,2020-10-14,85.56,Assam
Dibrugarh,2020-10-15,85.56,Assam
Dibrugarh,2020-10-16,85.56,Assam
Dibrugarh,2020-10-17,85.56,Assam
Dibrugarh,2020-10-18,85.56,Assam
Dibrugarh,2020-10-19,85.56,Assam
Dibrugarh,2020-10-20,85.56,Assam
Dibrugarh,2020-10-21,85.56,Assam
Dibrugarh,2020-10-22,85.56,Assam
Dibrugarh,2020-10-23,85.56,Assam
Dibrugarh,2020-10-24,85.56,Assam
Dibrugarh,2020-10-25,85.56,Assam
Dibrugarh,2020-10-26,85.56,Assam
Dibrugarh,2020-10-27,85.56,Assam
Dibrugarh,2020-10-28,85.56,Assam
Dibrugarh,2020-10-29,85.56,Assam
Dibrugarh,2020-10-30,85.56,Assam
Dibrugarh,2020-10-31,85.56,Assam
Dibrugarh,2020-11-01,85.56,Assam
Dibrugarh,2020-11-02,85.56,Assam
Dibrugarh,2020-11-03,85.56,Assam
Dibrugarh,2020-11-04,85.56,Assam
Dibrugarh,2020-11-05,85.56,Assam
Dibrugarh,2020-11-06,85.56,Assam
Dibrugarh,2020-11-07,85.56,Assam
Dibrugarh,2020-11-08,85.56,Assam
Dibrugarh,2020-11-09,85.56,Assam
Dibrugarh,2020-11-10,85.56,Assam
Dibrugarh,2020-11-11,85.56,Assam
Dibrugarh,2020-11-12,85.56,Assam
Dibrugarh,2020-11-13,85.56,Assam
Dibrugarh,2020-11-14,85.56,Assam
Dibrugarh,2020-11-15,85.56,Assam
Dibrugarh,2020-11-16,85.56,Assam
Dibrugarh,2020-11-17,85.56,Assam
Dibrugarh,2020-11-18,85.56,Assam
Dibrugarh,2020-11-19,85.56,Assam
Dibrugarh,2020-11-20,85.73,Assam
Dibrugarh,2020-11-21,85.83,Assam
Dibrugarh,2020-11-22,85.87,Assam
Dibrugarh,2020-11-23,85.92,Assam
Dibrugarh,2020-11-24,85.97,Assam
Dibrugarh,2020-11-25,85.97,Assam
Dibrugarh,2020-11-26,86.05,Assam
Dibrugarh,2020-11-27,86.2,Assam
Dibrugarh,2020-11-28,86.38,Assam
Dibrugarh,2020-11-29,86.54,Assam
Dibrugarh,2020-11-30,86.54,Assam
Dibrugarh,2020-12-01,86.54,Assam
Dibrugarh,2020-12-02,86.66,Assam
Dibrugarh,2020-12-03,86.79,Assam
Dibrugarh,2020-12-04,86.94,Assam
Dibrugarh,2020-12-05,87.15,Assam
Dibrugarh,2020-12-06,87.36,Assam
Dibrugarh,2020-12-07,87.59,Assam
Dibrugarh,2020-12-08,87.59,Assam
Dibrugarh,2020-12-09,87.59,Assam
Dibrugarh,2020-12-10,87.59,Assam
Dibrugarh,2020-12-11,87.59,Assam
Dibrugarh,2020-12-12,87.59,Assam
Dibrugarh,2020-12-13,87.59,Assam
Dibrugarh,2020-12-14,87.59,Assam
Dibrugarh,2020-12-15,87.59,Assam
Dibrugarh,2020-12-16,87.59,Assam
Dibrugarh,2020-12-17,87.59,Assam
Dibrugarh,2020-12-18,87.59,Assam
Dibrugarh,2020-12-19,87.59,Assam
Dibrugarh,2020-12-20,87.59,Assam
Dibrugarh,2020-12-21,87.59,Assam
Dibrugarh,2020-12-22,87.59,Assam
Dibrugarh,2020-12-23,87.59,Assam
Dibrugarh,2020-12-24,87.59,Assam
Dibrugarh,2020-12-25,87.59,Assam
Dibrugarh,2020-12-26,87.59,Assam
Dibrugarh,2020-12-27,87.59,Assam
Dibrugarh,2020-12-28,87.59,Assam
Dibrugarh,2020-12-29,87.59,Assam
Dibrugarh,2020-12-30,87.59,Assam
Dibrugarh,2020-12-31,87.59,Assam
Dibrugarh,2021-01-01,87.59,Assam
Dibrugarh,2021-01-02,87.59,Assam
Dibrugarh,2021-01-03,87.59,Assam
Dibrugarh,2021-01-04,87.59,Assam
Dibrugarh,2021-01-05,87.59,Assam
Dibrugarh,2021-01-06,87.81,Assam
Dibrugarh,2021-01-07,88.0,Assam
Dibrugarh,2021-01-08,88.0,Assam
Dibrugarh,2021-01-09,88.0,Assam
Dibrugarh,2021-01-10,88.0,Assam
Dibrugarh,2021-01-11,88.0,Assam
Dibrugarh,2021-01-12,88.0,Assam
Dibrugarh,2021-01-13,88.19,Assam
Dibrugarh,2021-01-14,88.38,Assam
Dibrugarh,2021-01-15,88.38,Assam
Dibrugarh,2021-01-16,88.38,Assam
Dibrugarh,2021-01-17,88.38,Assam
Dibrugarh,2021-01-18,88.58,Assam
Dibrugarh,2021-01-19,88.77,Assam
Dibrugarh,2021-01-20,88.77,Assam
Dibrugarh,2021-01-21,88.77,Assam
Dibrugarh,2021-01-22,88.96,Assam
Dibrugarh,2021-01-23,89.15,Assam
Dibrugarh,2021-01-24,89.15,Assam
Dibrugarh,2021-01-25,89.15,Assam
Dibrugarh,2021-01-26,89.42,Assam
Dibrugarh,2021-01-27,89.61,Assam
Dibrugarh,2021-01-28,89.61,Assam
Dibrugarh,2021-01-29,89.61,Assam
Dibrugarh,2021-01-30,89.61,Assam
Dibrugarh,2021-01-31,89.61,Assam
Dibrugarh,2021-02-01,89.61,Assam
Dibrugarh,2021-02-02,89.61,Assam
Dibrugarh,2021-02-03,89.61,Assam
Dibrugarh,2021-02-04,89.83,Assam
Dibrugarh,2021-02-05,90.06,Assam
Dibrugarh,2021-02-06,90.06,Assam
Dibrugarh,2021-02-07,90.06,Assam
Dibrugarh,2021-02-08,90.06,Assam
Dibrugarh,2021-02-09,90.33,Assam
Dibrugarh,2021-02-10,90.56,Assam
Dibrugarh,2021-02-11,90.75,Assam
Dibrugarh,2021-02-12,90.97,Assam
Dibrugarh,2021-02-13,86.16,Assam
Dibrugarh,2021-02-14,86.38,Assam
Dibrugarh,2021-02-15,86.58,Assam
Dibrugarh,2021-02-16,86.81,Assam
Dibrugarh,2021-02-17,87.0,Assam
Dibrugarh,2021-02-18,87.26,Assam
Dibrugarh,2021-02-19,87.5,Assam
Dibrugarh,2021-02-20,87.8,Assam
Dibrugarh,2021-02-21,87.8,Assam
Dibrugarh,2021-02-22,87.8,Assam
Dibrugarh,2021-02-23,88.07,Assam
Dibrugarh,2021-02-24,88.07,Assam
Dibrugarh,2021-02-25,88.07,Assam
Dibrugarh,2021-02-26,88.07,Assam
Dibrugarh,2021-02-27,88.25,Assam
Dibrugarh,2021-02-28,88.25,Assam
Dibrugarh,2021-03-01,88.25,Assam
