city,date,rate,district
Araria,2016-04-05,64.66,Bihar
Araria,2016-04-16,64.09,Bihar
Araria,2016-05-01,64.98,Bihar
Araria,2016-05-17,65.79,Bihar
Araria,2016-06-01,68.31,Bihar
Araria,2016-06-15,68.36,Bihar
Araria,2016-07-01,67.47,Bihar
Araria,2016-07-15,65.27,Bihar
Araria,2016-08-01,63.97,Bihar
Araria,2016-08-15,63.73,Bihar
Araria,2016-09-01,67.07,Bihar
Araria,2016-09-15,67.83,Bihar
Araria,2016-10-01,68.2,Bihar
Araria,2016-10-05,68.31,Bihar
Araria,2016-10-15,70.03,Bihar
Araria,2016-11-06,71.25,Bihar
Araria,2016-11-16,69.54,Bihar
Araria,2016-12-01,69.71,Bihar
Araria,2016-12-17,72.53,Bihar
Araria,2017-01-01,74.17,Bihar
Araria,2017-01-16,74.71,Bihar
Araria,2017-04-01,70.48,Bihar
Araria,2017-04-16,72.24,Bihar
Araria,2017-05-01,72.25,Bihar
Araria,2017-05-16,69.53,Bihar
Araria,2017-06-01,71.1,Bihar
Araria,2017-06-16,69.5,Bihar
Araria,2017-06-19,68.68,Bihar
Araria,2017-06-21,68.58,Bihar
Araria,2017-06-26,67.76,Bihar
Araria,2017-06-30,67.35,Bihar
Araria,2017-07-03,67.14,Bihar
Araria,2017-07-10,67.84,Bihar
Araria,2017-07-13,78.26,Bihar
Araria,2017-07-17,69.88,Bihar
Araria,2017-07-24,70.25,Bihar
Araria,2017-08-01,70.88,Bihar
Araria,2017-08-07,72.12,Bihar
Araria,2017-08-14,73.4,Bihar
Araria,2017-08-21,73.99,Bihar
Araria,2017-08-28,74.53,Bihar
Araria,2017-09-04,75.03,Bihar
Araria,2017-09-11,75.66,Bihar
Araria,2017-09-19,75.88,Bihar
Araria,2017-09-25,75.77,Bihar
Araria,2017-10-03,76.22,Bihar
Araria,2017-10-04,73.77,Bihar
Araria,2017-10-09,73.84,Bihar
Araria,2017-10-16,73.69,Bihar
Araria,2017-10-24,73.99,Bihar
Araria,2017-10-30,74.46,Bihar
Araria,2017-11-06,75.15,Bihar
Araria,2017-11-13,75.22,Bihar
Araria,2017-11-20,74.95,Bihar
Araria,2017-11-27,74.72,Bihar
Araria,2017-12-05,74.69,Bihar
Araria,2017-12-11,74.56,Bihar
Araria,2017-12-18,74.63,Bihar
Araria,2017-12-26,75.07,Bihar
Araria,2018-01-01,75.4,Bihar
Araria,2018-01-02,77.65,Bihar
Araria,2018-01-05,75.42,Bihar
Araria,2018-01-08,75.85,Bihar
Araria,2018-01-09,75.9,Bihar
Araria,2018-01-10,75.97,Bihar
Araria,2018-01-11,76.01,Bihar
Araria,2018-01-12,76.07,Bihar
Araria,2018-01-15,76.51,Bihar
Araria,2018-01-16,76.6,Bihar
Araria,2018-01-17,76.71,Bihar
Araria,2018-01-18,76.88,Bihar
Araria,2018-01-19,77.02,Bihar
Araria,2018-01-22,77.55,Bihar
Araria,2018-01-23,77.69,Bihar
Araria,2018-01-24,77.74,Bihar
Araria,2018-01-25,77.8,Bihar
Araria,2018-01-29,78.15,Bihar
Araria,2018-01-30,78.23,Bihar
Araria,2018-02-01,78.38,Bihar
Araria,2018-02-02,78.46,Bihar
Araria,2018-02-05,78.74,Bihar
Araria,2018-02-06,78.84,Bihar
Araria,2018-02-07,78.88,Bihar
Araria,2018-02-08,78.87,Bihar
Araria,2018-02-09,78.86,Bihar
Araria,2018-02-12,78.65,Bihar
Araria,2018-02-13,78.61,Bihar
Araria,2018-02-15,78.51,Bihar
Araria,2018-02-16,78.32,Bihar
Araria,2018-02-19,77.9,Bihar
Araria,2018-02-20,77.79,Bihar
Araria,2018-02-21,77.78,Bihar
Araria,2018-02-23,77.74,Bihar
Araria,2018-03-01,77.91,Bihar
Araria,2018-03-02,78.09,Bihar
Araria,2018-03-05,78.68,Bihar
Araria,2018-03-06,78.77,Bihar
Araria,2018-03-08,78.8,Bihar
Araria,2018-03-09,78.86,Bihar
Araria,2018-03-12,78.97,Bihar
Araria,2018-03-13,79.02,Bihar
Araria,2018-03-16,78.96,Bihar
Araria,2018-03-19,78.78,Bihar
Araria,2018-03-20,78.79,Bihar
Araria,2018-03-22,78.85,Bihar
Araria,2018-03-23,78.89,Bihar
Araria,2018-03-26,79.38,Bihar
Araria,2018-03-27,79.49,Bihar
Araria,2018-03-29,79.67,Bihar
Araria,2018-03-30,79.89,Bihar
Araria,2018-04-02,80.38,Bihar
Araria,2018-04-03,80.51,Bihar
Araria,2018-04-05,80.54,Bihar
Araria,2018-04-09,80.55,Bihar
Araria,2018-04-10,80.54,Bihar
Araria,2018-04-12,80.5,Bihar
Araria,2018-04-13,80.47,Bihar
Araria,2018-04-16,80.59,Bihar
Araria,2018-04-19,80.64,Bihar
Araria,2018-04-20,80.65,Bihar
Araria,2018-04-23,81.06,Bihar
Araria,2018-04-24,81.19,Bihar
Araria,2018-05-14,81.43,Bihar
Araria,2018-05-15,81.58,Bihar
Araria,2018-05-16,81.73,Bihar
Araria,2018-05-17,81.94,Bihar
Araria,2018-05-18,81.43,Bihar
Araria,2018-05-21,83.18,Bihar
Araria,2018-05-22,83.48,Bihar
Araria,2018-05-23,83.78,Bihar
Araria,2018-05-24,84.07,Bihar
Araria,2018-05-25,84.43,Bihar
Araria,2018-05-26,84.57,Bihar
Araria,2018-05-27,84.72,Bihar
Araria,2018-05-28,84.86,Bihar
Araria,2018-05-29,85.02,Bihar
Araria,2018-05-31,84.94,Bihar
Araria,2018-06-01,84.88,Bihar
Araria,2018-06-02,84.8,Bihar
Araria,2018-06-03,84.71,Bihar
Araria,2018-06-04,84.56,Bihar
Araria,2018-06-05,84.43,Bihar
Araria,2018-06-06,84.32,Bihar
Araria,2018-06-07,84.23,Bihar
Araria,2018-06-08,84.02,Bihar
Araria,2018-06-09,83.63,Bihar
Araria,2018-06-10,83.39,Bihar
Araria,2018-06-11,83.19,Bihar
Araria,2018-06-12,83.04,Bihar
Araria,2018-06-15,82.96,Bihar
Araria,2018-06-19,82.88,Bihar
Araria,2018-06-21,82.78,Bihar
Araria,2018-06-22,82.64,Bihar
Araria,2018-06-23,82.55,Bihar
Araria,2018-06-24,82.41,Bihar
Araria,2018-06-25,82.31,Bihar
Araria,2018-06-26,82.17,Bihar
Araria,2018-07-05,82.5,Bihar
Araria,2018-07-06,82.64,Bihar
Araria,2018-07-09,83.15,Bihar
Araria,2018-07-10,83.32,Bihar
Araria,2018-07-12,83.38,Bihar
Araria,2018-07-13,83.54,Bihar
Araria,2018-07-16,83.62,Bihar
Araria,2018-07-20,83.5,Bihar
Araria,2018-07-23,83.28,Bihar
Araria,2018-07-24,83.23,Bihar
Araria,2018-07-30,83.28,Bihar
Araria,2018-07-31,83.34,Bihar
Araria,2018-08-02,83.53,Bihar
Araria,2018-08-03,83.62,Bihar
Araria,2018-08-06,84.08,Bihar
Araria,2018-08-07,84.2,Bihar
Araria,2018-08-13,84.41,Bihar
Araria,2018-08-16,84.5,Bihar
Araria,2018-08-20,84.87,Bihar
Araria,2018-08-21,84.98,Bihar
Araria,2018-08-24,85.11,Bihar
Araria,2018-08-25,76.95,Bihar
Araria,2018-08-26,77.03,Bihar
Araria,2018-08-27,85.41,Bihar
Araria,2018-08-28,85.58,Bihar
Araria,2018-08-29,85.74,Bihar
Araria,2018-08-30,85.88,Bihar
Araria,2018-08-31,86.1,Bihar
Araria,2018-09-03,86.76,Bihar
Araria,2018-09-04,86.92,Bihar
Araria,2018-09-06,87.12,Bihar
Araria,2018-09-07,87.59,Bihar
Araria,2018-09-10,88.32,Bihar
Araria,2018-09-11,88.46,Bihar
Araria,2018-09-13,88.59,Bihar
Araria,2018-09-14,88.87,Bihar
Araria,2018-09-15,89.21,Bihar
Araria,2018-09-16,89.49,Bihar
Araria,2018-09-17,89.64,Bihar
Araria,2018-09-18,89.74,Bihar
Araria,2018-09-20,89.8,Bihar
Araria,2018-09-21,89.9,Bihar
Araria,2018-09-23,90.17,Bihar
Araria,2018-09-24,90.28,Bihar
Araria,2018-09-25,90.42,Bihar
Araria,2018-09-27,90.56,Bihar
Araria,2018-09-28,90.77,Bihar
Araria,2018-09-30,91.04,Bihar
Araria,2018-10-01,91.27,Bihar
Araria,2018-10-02,91.37,Bihar
Araria,2018-10-04,91.51,Bihar
Araria,2018-10-05,89.03,Bihar
Araria,2018-10-06,86.6,Bihar
Araria,2018-10-07,86.74,Bihar
Araria,2018-10-08,86.94,Bihar
Araria,2018-10-09,87.16,Bihar
Araria,2018-10-11,87.25,Bihar
Araria,2018-10-12,87.37,Bihar
Araria,2018-10-13,87.54,Bihar
Araria,2018-10-14,87.6,Bihar
Araria,2018-10-16,87.71,Bihar
Araria,2018-10-18,87.5,Bihar
Araria,2018-10-19,87.27,Bihar
Araria,2018-10-20,86.9,Bihar
Araria,2018-10-22,86.37,Bihar
Araria,2018-10-23,86.28,Bihar
Araria,2018-10-24,86.19,Bihar
Araria,2018-10-25,86.05,Bihar
Araria,2018-10-26,85.81,Bihar
Araria,2018-10-29,84.75,Bihar
Araria,2018-10-30,84.56,Bihar
Araria,2018-11-01,84.38,Bihar
Araria,2018-11-02,84.33,Bihar
Araria,2018-11-05,83.76,Bihar
Araria,2018-11-06,83.62,Bihar
Araria,2018-11-12,82.8,Bihar
Araria,2018-11-13,82.67,Bihar
Araria,2018-11-15,82.53,Bihar
Araria,2018-11-16,82.35,Bihar
Araria,2018-11-19,81.8,Bihar
Araria,2018-11-20,81.66,Bihar
Araria,2018-11-22,81.27,Bihar
Araria,2018-11-23,80.88,Bihar
Araria,2018-11-26,79.85,Bihar
Araria,2018-11-27,79.44,Bihar
Araria,2018-11-28,78.96,Bihar
Araria,2018-11-29,78.65,Bihar
Araria,2018-11-30,78.29,Bihar
Araria,2018-12-01,77.95,Bihar
Araria,2018-12-02,77.65,Bihar
Araria,2018-12-03,77.35,Bihar
Araria,2018-12-04,77.15,Bihar
Araria,2018-12-06,76.77,Bihar
Araria,2018-12-07,76.38,Bihar
Araria,2018-12-10,75.8,Bihar
Araria,2018-12-11,75.64,Bihar
Araria,2018-12-13,75.73,Bihar
Araria,2018-12-17,75.96,Bihar
Araria,2018-12-18,76.06,Bihar
Araria,2018-12-21,75.89,Bihar
Araria,2018-12-24,75.32,Bihar
Araria,2018-12-25,75.25,Bihar
Araria,2018-12-27,75.2,Bihar
Araria,2018-12-28,75.02,Bihar
Araria,2018-12-31,74.34,Bihar
Araria,2019-01-02,74.24,Bihar
Araria,2019-01-04,74.04,Bihar
Araria,2019-01-07,74.1,Bihar
Araria,2019-01-10,74.46,Bihar
Araria,2019-01-11,74.64,Bihar
Araria,2019-01-14,75.66,Bihar
Araria,2019-01-16,75.85,Bihar
Araria,2019-01-17,75.99,Bihar
Araria,2019-01-18,76.07,Bihar
Araria,2019-01-21,76.63,Bihar
Araria,2019-01-22,76.76,Bihar
Araria,2019-01-29,76.68,Bihar
Araria,2019-01-31,76.58,Bihar
Araria,2019-02-01,76.39,Bihar
Araria,2019-02-05,75.91,Bihar
Araria,2019-02-07,75.97,Bihar
Araria,2019-02-08,75.91,Bihar
Araria,2019-02-11,75.86,Bihar
Araria,2019-02-14,75.92,Bihar
Araria,2019-02-15,75.99,Bihar
Araria,2019-02-18,76.34,Bihar
Araria,2019-02-19,76.44,Bihar
Araria,2019-02-22,76.72,Bihar
Araria,2019-02-25,76.98,Bihar
Araria,2019-02-26,77.07,Bihar
Araria,2019-02-28,77.14,Bihar
Araria,2019-03-01,77.24,Bihar
Araria,2019-03-04,77.59,Bihar
Araria,2019-03-05,77.65,Bihar
Araria,2019-03-11,77.86,Bihar
Araria,2019-03-12,77.82,Bihar
Araria,2019-03-14,77.88,Bihar
Araria,2019-03-15,77.95,Bihar
Araria,2019-03-18,78.17,Bihar
Araria,2019-03-21,78.1,Bihar
Araria,2019-03-22,78.15,Bihar
Araria,2019-03-23,78.2,Bihar
Araria,2019-03-24,78.25,Bihar
Araria,2019-03-28,78.2,Bihar
Araria,2019-04-01,78.27,Bihar
Araria,2019-04-05,78.32,Bihar
Araria,2019-04-08,78.26,Bihar
Araria,2019-04-09,78.21,Bihar
Araria,2019-04-12,78.28,Bihar
Araria,2019-04-15,78.4,Bihar
Araria,2019-04-16,78.35,Bihar
Araria,2019-04-20,78.42,Bihar
Araria,2019-04-22,78.37,Bihar
Araria,2019-04-25,78.44,Bihar
Araria,2019-04-27,78.5,Bihar
Araria,2019-04-30,78.54,Bihar
Araria,2019-05-02,78.42,Bihar
Araria,2019-05-04,78.43,Bihar
Araria,2019-05-05,78.37,Bihar
Araria,2019-05-06,78.3,Bihar
Araria,2019-05-09,78.15,Bihar
Araria,2019-05-10,77.95,Bihar
Araria,2019-05-11,77.49,Bihar
Araria,2019-05-12,77.08,Bihar
Araria,2019-05-13,76.79,Bihar
Araria,2019-05-14,76.55,Bihar
Araria,2019-05-17,76.48,Bihar
Araria,2019-05-18,76.41,Bihar
Araria,2019-05-20,76.5,Bihar
Araria,2019-05-21,76.54,Bihar
Araria,2019-05-23,76.62,Bihar
Araria,2019-05-24,76.76,Bihar
Araria,2019-05-25,76.89,Bihar
Araria,2019-05-26,77.02,Bihar
Araria,2019-05-27,77.12,Bihar
Araria,2019-05-28,77.21,Bihar
Araria,2019-05-30,77.15,Bihar
Araria,2019-05-31,77.08,Bihar
Araria,2019-06-01,77.05,Bihar
Araria,2019-06-02,76.93,Bihar
Araria,2019-06-03,76.74,Bihar
Araria,2019-06-04,76.67,Bihar
Araria,2019-06-06,76.52,Bihar
Araria,2019-06-07,76.39,Bihar
Araria,2019-06-10,75.9,Bihar
Araria,2019-06-13,75.83,Bihar
Araria,2019-06-14,75.66,Bihar
Araria,2019-06-15,75.48,Bihar
Araria,2019-06-16,75.42,Bihar
Araria,2019-06-24,75.54,Bihar
Araria,2019-06-27,75.61,Bihar
Araria,2019-06-28,75.65,Bihar
Araria,2019-06-29,75.76,Bihar
Araria,2019-06-30,75.85,Bihar
Araria,2019-07-01,75.94,Bihar
Araria,2019-07-02,75.96,Bihar
Araria,2019-07-06,78.31,Bihar
Araria,2019-07-09,78.21,Bihar
Araria,2019-07-13,78.26,Bihar
Araria,2019-07-14,78.31,Bihar
Araria,2019-07-15,78.39,Bihar
Araria,2019-07-16,78.41,Bihar
Araria,2019-07-18,78.44,Bihar
Araria,2019-07-23,78.46,Bihar
Araria,2019-07-25,78.36,Bihar
Araria,2019-07-26,78.26,Bihar
Araria,2019-07-27,78.17,Bihar
Araria,2019-07-28,78.03,Bihar
Araria,2019-07-29,77.89,Bihar
Araria,2019-07-30,77.76,Bihar
Araria,2019-08-01,77.7,Bihar
Araria,2019-08-02,77.55,Bihar
Araria,2019-08-03,77.48,Bihar
Araria,2019-08-04,77.46,Bihar
Araria,2019-08-05,77.31,Bihar
Araria,2019-08-06,77.23,Bihar
Araria,2019-08-08,77.18,Bihar
Araria,2019-08-09,77.04,Bihar
Araria,2019-08-11,76.95,Bihar
Araria,2019-08-18,76.87,Bihar
Araria,2019-08-19,76.81,Bihar
Araria,2019-08-24,76.88,Bihar
Araria,2019-08-25,76.95,Bihar
Araria,2019-08-26,77.03,Bihar
Araria,2019-08-27,77.03,Bihar
Araria,2019-08-29,76.97,Bihar
Araria,2019-09-05,76.94,Bihar
Araria,2019-09-06,76.86,Bihar
Araria,2019-09-07,76.77,Bihar
Araria,2019-09-08,76.71,Bihar
Araria,2019-09-10,76.76,Bihar
Araria,2019-09-12,76.82,Bihar
Araria,2019-09-13,76.88,Bihar
Araria,2019-09-14,76.96,Bihar
Araria,2019-09-15,77.02,Bihar
Araria,2019-09-17,77.15,Bihar
Araria,2019-09-18,77.39,Bihar
Araria,2019-09-19,77.67,Bihar
Araria,2019-09-20,78.01,Bihar
Araria,2019-09-21,78.29,Bihar
Araria,2019-09-22,78.55,Bihar
Araria,2019-09-23,78.82,Bihar
Araria,2019-09-24,79.03,Bihar
Araria,2019-09-26,79.09,Bihar
Araria,2019-09-27,79.24,Bihar
Araria,2019-09-30,79.31,Bihar
Araria,2019-10-01,79.52,Bihar
Araria,2019-10-03,79.42,Bihar
Araria,2019-10-04,79.25,Bihar
Araria,2019-10-05,78.97,Bihar
Araria,2019-10-07,78.7,Bihar
Araria,2019-10-08,78.54,Bihar
Araria,2019-10-10,78.49,Bihar
Araria,2019-10-11,78.38,Bihar
Araria,2019-10-12,78.28,Bihar
Araria,2019-10-15,78.23,Bihar
Araria,2019-10-22,78.19,Bihar
Araria,2019-10-24,78.14,Bihar
Araria,2019-10-25,80.38,Bihar
Araria,2019-10-26,80.3,Bihar
Araria,2019-10-29,80.24,Bihar
Araria,2019-11-01,80.12,Bihar
Araria,2019-11-02,80.04,Bihar
Araria,2019-11-03,79.99,Bihar
Araria,2019-11-04,79.91,Bihar
Araria,2019-11-05,79.86,Bihar
Araria,2019-11-08,79.96,Bihar
Araria,2019-11-09,80.11,Bihar
Araria,2019-11-10,80.3,Bihar
Araria,2019-11-11,80.45,Bihar
Araria,2019-11-13,80.55,Bihar
Araria,2019-11-14,80.7,Bihar
Araria,2019-11-15,80.88,Bihar
Araria,2019-11-16,81.02,Bihar
Araria,2019-11-17,81.14,Bihar
Araria,2019-11-18,81.29,Bihar
Araria,2019-11-19,81.44,Bihar
Araria,2019-11-22,81.59,Bihar
Araria,2019-11-23,81.68,Bihar
Araria,2019-11-24,81.78,Bihar
Araria,2019-11-25,81.9,Bihar
Araria,2019-11-26,82.0,Bihar
Araria,2019-11-29,82.05,Bihar
Araria,2019-11-30,82.103,Bihar
Araria,2019-12-01,82.09,Bihar
Araria,2019-12-07,82.0,Bihar
Araria,2019-12-08,82.09,Bihar
Araria,2019-12-09,82.14,Bihar
Araria,2019-12-10,81.65,Bihar
Araria,2019-12-12,81.6,Bihar
Araria,2019-12-13,81.54,Bihar
Araria,2019-12-14,81.29,Bihar
Araria,2019-12-15,81.14,Bihar
Araria,2019-12-16,81.04,Bihar
Araria,2019-12-17,80.99,Bihar
Araria,2019-12-19,80.83,Bihar
Araria,2019-12-20,80.78,Bihar
Araria,2019-12-21,80.73,Bihar
Araria,2019-12-22,80.7,Bihar
Araria,2019-12-26,80.75,Bihar
Araria,2019-12-27,80.81,Bihar
Araria,2019-12-29,80.95,Bihar
Araria,2019-12-30,81.1,Bihar
Araria,2019-12-31,81.2,Bihar
Araria,2020-01-02,81.33,Bihar
Araria,2020-01-03,81.43,Bihar
Araria,2020-01-04,81.53,Bihar
Araria,2020-01-05,81.62,Bihar
Araria,2020-01-06,81.77,Bihar
Araria,2020-01-07,81.92,Bihar
Araria,2020-01-08,81.82,Bihar
Araria,2020-01-09,81.89,Bihar
Araria,2020-01-10,82.03,Bihar
Araria,2020-01-11,82.08,Bihar
Araria,2020-01-12,81.98,Bihar
Araria,2020-01-13,81.88,Bihar
Araria,2020-01-14,81.78,Bihar
Araria,2020-01-16,81.63,Bihar
Araria,2020-01-17,81.49,Bihar
Araria,2020-01-18,81.34,Bihar
Araria,2020-01-19,81.17,Bihar
Araria,2020-01-20,81.06,Bihar
Araria,2020-01-21,80.9,Bihar
Araria,2020-01-22,80.9,Bihar
Araria,2020-01-23,80.72,Bihar
Araria,2020-01-24,80.5,Bihar
Araria,2020-01-25,80.25,Bihar
Araria,2020-01-26,79.95,Bihar
Araria,2020-01-27,79.81,Bihar
Araria,2020-01-28,79.7,Bihar
Araria,2020-01-29,79.7,Bihar
Araria,2020-01-30,79.46,Bihar
Araria,2020-01-31,79.37,Bihar
Araria,2020-02-01,79.24,Bihar
Araria,2020-02-02,79.14,Bihar
Araria,2020-02-03,79.09,Bihar
Araria,2020-02-04,79.04,Bihar
Araria,2020-02-05,79.04,Bihar
Araria,2020-02-06,78.94,Bihar
Araria,2020-02-07,78.73,Bihar
Araria,2020-02-08,78.5,Bihar
Araria,2020-02-09,78.28,Bihar
Araria,2020-02-10,78.03,Bihar
Araria,2020-02-11,77.87,Bihar
Araria,2020-02-12,77.87,Bihar
Araria,2020-02-13,77.87,Bihar
Araria,2020-02-14,77.87,Bihar
Araria,2020-02-15,77.87,Bihar
Araria,2020-02-17,77.87,Bihar
Araria,2020-02-18,77.82,Bihar
Araria,2020-02-19,77.82,Bihar
Araria,2020-02-20,77.82,Bihar
Araria,2020-02-21,77.82,Bihar
Araria,2020-02-24,77.94,Bihar
Araria,2020-02-25,77.94,Bihar
Araria,2020-02-26,77.94,Bihar
Araria,2020-02-27,77.89,Bihar
Araria,2020-02-28,77.89,Bihar
Araria,2020-02-29,77.82,Bihar
Araria,2020-03-01,77.68,Bihar
Araria,2020-03-02,77.46,Bihar
Araria,2020-03-03,77.41,Bihar
Araria,2020-03-04,77.41,Bihar
Araria,2020-03-05,77.26,Bihar
Araria,2020-03-06,77.12,Bihar
Araria,2020-03-07,77.0,Bihar
Araria,2020-03-08,76.81,Bihar
Araria,2020-03-09,76.57,Bihar
Araria,2020-03-10,76.27,Bihar
Araria,2020-03-11,76.27,Bihar
Araria,2020-03-12,76.13,Bihar
Araria,2020-03-13,75.99,Bihar
Araria,2020-03-14,75.86,Bihar
Araria,2020-03-15,75.74,Bihar
Araria,2020-03-16,75.58,Bihar
Araria,2020-03-17,75.58,Bihar
Araria,2020-03-18,75.58,Bihar
Araria,2020-03-19,75.58,Bihar
Araria,2020-03-20,75.58,Bihar
Araria,2020-03-21,75.58,Bihar
Araria,2020-03-22,75.58,Bihar
Araria,2020-03-23,75.58,Bihar
Araria,2020-03-24,75.58,Bihar
Araria,2020-03-25,75.58,Bihar
Araria,2020-03-26,75.58,Bihar
Araria,2020-03-27,75.58,Bihar
Araria,2020-03-28,75.58,Bihar
Araria,2020-03-29,75.58,Bihar
Araria,2020-03-30,75.58,Bihar
Araria,2020-03-31,75.58,Bihar
Araria,2020-04-01,75.58,Bihar
Araria,2020-04-02,75.58,Bihar
Araria,2020-04-03,75.58,Bihar
Araria,2020-04-04,75.58,Bihar
Araria,2020-04-05,75.58,Bihar
Araria,2020-04-06,75.58,Bihar
Araria,2020-04-07,75.58,Bihar
Araria,2020-04-08,75.58,Bihar
Araria,2020-04-09,75.58,Bihar
Araria,2020-04-10,75.58,Bihar
Araria,2020-04-11,75.58,Bihar
Araria,2020-04-12,75.58,Bihar
Araria,2020-04-13,75.58,Bihar
Araria,2020-04-14,75.58,Bihar
Araria,2020-04-15,75.58,Bihar
Araria,2020-04-16,75.58,Bihar
Araria,2020-04-17,75.58,Bihar
Araria,2020-04-18,75.58,Bihar
Araria,2020-04-20,75.58,Bihar
Araria,2020-04-21,75.58,Bihar
Araria,2020-04-22,75.58,Bihar
Araria,2020-04-23,75.58,Bihar
Araria,2020-04-24,75.58,Bihar
Araria,2020-04-25,75.58,Bihar
Araria,2020-04-26,75.58,Bihar
Araria,2020-04-27,75.58,Bihar
Araria,2020-04-28,75.58,Bihar
Araria,2020-04-29,75.58,Bihar
Araria,2020-04-30,75.58,Bihar
Araria,2020-05-01,75.58,Bihar
Araria,2020-05-02,75.58,Bihar
Araria,2020-05-03,75.58,Bihar
Araria,2020-05-04,75.58,Bihar
Araria,2020-05-05,75.58,Bihar
Araria,2020-05-06,75.58,Bihar
Araria,2020-05-07,75.58,Bihar
Araria,2020-05-08,75.58,Bihar
Araria,2020-05-09,75.58,Bihar
Araria,2020-05-10,75.58,Bihar
Araria,2020-05-11,75.58,Bihar
Araria,2020-05-12,75.58,Bihar
Araria,2020-05-13,75.58,Bihar
Araria,2020-05-14,75.58,Bihar
Araria,2020-05-15,75.58,Bihar
Araria,2020-05-16,75.58,Bihar
Araria,2020-05-17,75.58,Bihar
Araria,2020-05-18,75.58,Bihar
Araria,2020-05-19,75.58,Bihar
Araria,2020-05-20,75.58,Bihar
Araria,2020-05-21,75.58,Bihar
Araria,2020-05-22,75.58,Bihar
Araria,2020-05-23,75.58,Bihar
Araria,2020-05-24,75.58,Bihar
Araria,2020-05-25,75.58,Bihar
Araria,2020-05-26,75.58,Bihar
Araria,2020-05-27,75.58,Bihar
Araria,2020-05-28,75.58,Bihar
Araria,2020-05-29,75.58,Bihar
Araria,2020-05-30,75.58,Bihar
Araria,2020-05-31,75.58,Bihar
Araria,2020-06-01,77.32,Bihar
Araria,2020-06-02,77.32,Bihar
Araria,2020-06-03,77.32,Bihar
Araria,2020-06-04,77.32,Bihar
Araria,2020-06-05,77.32,Bihar
Araria,2020-06-06,77.32,Bihar
Araria,2020-06-07,77.92,Bihar
Araria,2020-06-08,78.52,Bihar
Araria,2020-06-09,79.06,Bihar
Araria,2020-06-10,79.46,Bihar
Araria,2020-06-11,80.06,Bihar
Araria,2020-06-12,80.66,Bihar
Araria,2020-06-13,81.26,Bihar
Araria,2020-06-14,81.86,Bihar
Araria,2020-06-15,81.15,Bihar
Araria,2020-06-16,81.51,Bihar
Araria,2020-06-17,81.93,Bihar
Araria,2020-06-18,82.34,Bihar
Araria,2020-06-19,82.77,Bihar
Araria,2020-06-20,83.16,Bihar
Araria,2020-06-21,83.43,Bihar
Araria,2020-06-22,83.68,Bihar
Araria,2020-06-23,83.83,Bihar
Araria,2020-06-24,83.83,Bihar
Araria,2020-06-25,83.95,Bihar
Araria,2020-06-26,84.14,Bihar
Araria,2020-06-27,84.38,Bihar
Araria,2020-06-28,84.38,Bihar
Araria,2020-06-29,84.43,Bihar
Araria,2020-06-30,84.43,Bihar
Araria,2020-07-01,84.43,Bihar
Araria,2020-07-02,84.43,Bihar
Araria,2020-07-03,84.43,Bihar
Araria,2020-07-04,84.43,Bihar
Araria,2020-07-05,84.43,Bihar
Araria,2020-07-06,84.43,Bihar
Araria,2020-07-07,84.43,Bihar
Araria,2020-07-08,84.43,Bihar
Araria,2020-07-09,84.43,Bihar
Araria,2020-07-10,84.43,Bihar
Araria,2020-07-11,84.43,Bihar
Araria,2020-07-12,84.43,Bihar
Araria,2020-07-13,84.43,Bihar
Araria,2020-07-15,84.43,Bihar
Araria,2020-07-16,84.43,Bihar
Araria,2020-07-17,84.43,Bihar
Araria,2020-07-18,84.43,Bihar
Araria,2020-07-19,84.43,Bihar
Araria,2020-07-20,84.43,Bihar
Araria,2020-07-21,84.43,Bihar
Araria,2020-07-22,84.43,Bihar
Araria,2020-07-23,84.43,Bihar
Araria,2020-07-24,84.43,Bihar
Araria,2020-07-25,84.43,Bihar
Araria,2020-07-26,84.43,Bihar
Araria,2020-07-27,84.43,Bihar
Araria,2020-07-28,84.43,Bihar
Araria,2020-07-29,84.43,Bihar
Araria,2020-07-30,84.43,Bihar
Araria,2020-07-31,84.43,Bihar
Araria,2020-08-01,84.43,Bihar
Araria,2020-08-02,84.43,Bihar
Araria,2020-08-03,84.43,Bihar
Araria,2020-08-04,84.43,Bihar
Araria,2020-08-05,84.43,Bihar
Araria,2020-08-06,84.43,Bihar
Araria,2020-08-07,84.43,Bihar
Araria,2020-08-08,84.43,Bihar
Araria,2020-08-09,84.43,Bihar
Araria,2020-08-10,84.43,Bihar
Araria,2020-08-11,84.43,Bihar
Araria,2020-08-12,84.43,Bihar
Araria,2020-08-13,84.43,Bihar
Araria,2020-08-14,84.43,Bihar
Araria,2020-08-15,84.43,Bihar
Araria,2020-08-16,84.75,Bihar
Araria,2020-08-17,84.9,Bihar
Araria,2020-08-18,85.06,Bihar
Araria,2020-08-19,85.06,Bihar
Araria,2020-08-20,85.16,Bihar
Araria,2020-08-21,85.34,Bihar
Araria,2020-08-22,85.5,Bihar
Araria,2020-08-23,85.63,Bihar
Araria,2020-08-24,85.76,Bihar
Araria,2020-08-25,85.86,Bihar
Araria,2020-08-26,85.86,Bihar
Araria,2020-08-27,85.96,Bihar
Araria,2020-08-28,86.06,Bihar
Araria,2020-08-29,86.06,Bihar
Araria,2020-08-30,86.15,Bihar
Araria,2020-08-31,86.15,Bihar
Araria,2020-09-01,86.2,Bihar
Araria,2020-09-02,86.2,Bihar
Araria,2020-09-03,86.2,Bihar
Araria,2020-09-04,86.2,Bihar
Araria,2020-09-05,86.2,Bihar
Araria,2020-09-06,86.2,Bihar
Araria,2020-09-07,86.2,Bihar
Araria,2020-09-08,86.2,Bihar
Araria,2020-09-09,86.2,Bihar
Araria,2020-09-10,86.12,Bihar
Araria,2020-09-11,86.12,Bihar
Araria,2020-09-12,85.99,Bihar
Araria,2020-09-13,85.99,Bihar
Araria,2020-09-14,85.85,Bihar
Araria,2020-09-15,85.69,Bihar
Araria,2020-09-16,85.69,Bihar
Araria,2020-09-17,85.54,Bihar
Araria,2020-09-18,85.29,Bihar
Araria,2020-09-19,85.29,Bihar
Araria,2020-09-20,85.29,Bihar
Araria,2020-09-21,85.29,Bihar
Araria,2020-09-22,85.22,Bihar
Araria,2020-09-23,85.22,Bihar
Araria,2020-09-24,85.22,Bihar
Araria,2020-09-25,85.22,Bihar
Araria,2020-09-26,85.22,Bihar
Araria,2020-09-27,85.22,Bihar
Araria,2020-09-28,85.22,Bihar
Araria,2020-09-29,85.22,Bihar
Araria,2020-09-30,85.22,Bihar
Araria,2020-10-01,85.22,Bihar
Araria,2020-10-02,85.22,Bihar
Araria,2020-10-03,85.22,Bihar
Araria,2020-10-04,85.22,Bihar
Araria,2020-10-05,85.22,Bihar
Araria,2020-10-06,85.22,Bihar
Araria,2020-10-07,85.22,Bihar
Araria,2020-10-08,85.22,Bihar
Araria,2020-10-09,85.22,Bihar
Araria,2020-10-10,85.22,Bihar
Araria,2020-10-11,85.22,Bihar
Araria,2020-10-12,85.22,Bihar
Araria,2020-10-13,85.22,Bihar
Araria,2020-10-14,85.22,Bihar
Araria,2020-10-15,85.22,Bihar
Araria,2020-10-16,85.22,Bihar
Araria,2020-10-17,85.22,Bihar
Araria,2020-10-18,85.22,Bihar
Araria,2020-10-19,85.22,Bihar
Araria,2020-10-20,85.22,Bihar
Araria,2020-10-21,85.22,Bihar
Araria,2020-10-22,85.22,Bihar
Araria,2020-10-23,85.22,Bihar
Araria,2020-10-24,85.22,Bihar
Araria,2020-10-25,85.22,Bihar
Araria,2020-10-26,85.22,Bihar
Araria,2020-10-27,85.22,Bihar
Araria,2020-10-28,85.22,Bihar
Araria,2020-10-29,85.22,Bihar
Araria,2020-10-30,85.22,Bihar
Araria,2020-10-31,85.22,Bihar
Araria,2020-11-01,85.22,Bihar
Araria,2020-11-02,85.22,Bihar
Araria,2020-11-03,85.22,Bihar
Araria,2020-11-04,85.22,Bihar
Araria,2020-11-05,85.22,Bihar
Araria,2020-11-06,85.22,Bihar
Araria,2020-11-07,85.22,Bihar
Araria,2020-11-08,85.22,Bihar
Araria,2020-11-09,85.22,Bihar
Araria,2020-11-10,85.22,Bihar
Araria,2020-11-11,85.22,Bihar
Araria,2020-11-12,85.22,Bihar
Araria,2020-11-13,85.22,Bihar
Araria,2020-11-14,85.22,Bihar
Araria,2020-11-15,85.22,Bihar
Araria,2020-11-16,85.22,Bihar
Araria,2020-11-17,85.22,Bihar
Araria,2020-11-18,85.22,Bihar
Araria,2020-11-19,85.22,Bihar
Araria,2020-11-20,85.51,Bihar
Araria,2020-11-21,85.64,Bihar
Araria,2020-11-22,85.69,Bihar
Araria,2020-11-23,85.75,Bihar
Araria,2020-11-24,85.81,Bihar
Araria,2020-11-25,85.81,Bihar
Araria,2020-11-26,85.92,Bihar
Araria,2020-11-27,86.1,Bihar
Araria,2020-11-28,86.33,Bihar
Araria,2020-11-29,86.54,Bihar
Araria,2020-11-30,86.54,Bihar
Araria,2020-12-01,86.54,Bihar
Araria,2020-12-02,86.68,Bihar
Araria,2020-12-03,86.85,Bihar
Araria,2020-12-04,87.04,Bihar
Araria,2020-12-05,87.3,Bihar
Araria,2020-12-06,87.57,Bihar
Araria,2020-12-07,87.86,Bihar
Araria,2020-12-08,87.86,Bihar
Araria,2020-12-09,87.86,Bihar
Araria,2020-12-10,87.86,Bihar
Araria,2020-12-11,87.86,Bihar
Araria,2020-12-12,87.86,Bihar
Araria,2020-12-13,87.86,Bihar
Araria,2020-12-14,87.86,Bihar
Araria,2020-12-15,87.86,Bihar
Araria,2020-12-16,87.86,Bihar
Araria,2020-12-17,87.86,Bihar
Araria,2020-12-18,87.86,Bihar
Araria,2020-12-19,87.86,Bihar
Araria,2020-12-20,87.86,Bihar
Araria,2020-12-21,87.86,Bihar
Araria,2020-12-22,87.86,Bihar
Araria,2020-12-23,87.86,Bihar
Araria,2020-12-24,87.86,Bihar
Araria,2020-12-25,87.86,Bihar
Araria,2020-12-26,87.86,Bihar
Araria,2020-12-27,87.86,Bihar
Araria,2020-12-28,87.86,Bihar
Araria,2020-12-29,87.86,Bihar
Araria,2020-12-30,87.86,Bihar
Araria,2020-12-31,87.86,Bihar
Araria,2021-01-01,87.86,Bihar
Araria,2021-01-02,87.86,Bihar
Araria,2021-01-03,87.86,Bihar
Araria,2021-01-04,87.86,Bihar
Araria,2021-01-05,87.86,Bihar
Araria,2021-01-06,88.13,Bihar
Araria,2021-01-07,88.37,Bihar
Araria,2021-01-08,88.37,Bihar
Araria,2021-01-09,88.37,Bihar
Araria,2021-01-10,88.37,Bihar
Araria,2021-01-11,88.37,Bihar
Araria,2021-01-12,88.37,Bihar
Araria,2021-01-13,88.62,Bihar
Araria,2021-01-14,88.86,Bihar
Araria,2021-01-15,88.86,Bihar
Araria,2021-01-16,88.86,Bihar
Araria,2021-01-17,88.86,Bihar
Araria,2021-01-18,89.1,Bihar
Araria,2021-01-19,89.34,Bihar
Araria,2021-01-20,89.34,Bihar
Araria,2021-01-21,89.34,Bihar
Araria,2021-01-22,89.58,Bihar
Araria,2021-01-23,89.82,Bihar
Araria,2021-01-24,89.82,Bihar
Araria,2021-01-25,89.82,Bihar
Araria,2021-01-26,90.16,Bihar
Araria,2021-01-27,90.4,Bihar
Araria,2021-01-28,90.4,Bihar
Araria,2021-01-29,90.4,Bihar
Araria,2021-01-30,90.4,Bihar
Araria,2021-01-31,90.4,Bihar
Araria,2021-02-01,90.4,Bihar
Araria,2021-02-02,90.4,Bihar
Araria,2021-02-03,90.4,Bihar
Araria,2021-02-04,90.59,Bihar
Araria,2021-02-05,90.88,Bihar
Araria,2021-02-06,90.88,Bihar
Araria,2021-02-07,90.88,Bihar
Araria,2021-02-08,90.88,Bihar
Araria,2021-02-09,91.22,Bihar
Araria,2021-02-10,91.51,Bihar
Araria,2021-02-11,91.75,Bihar
Araria,2021-02-12,92.03,Bihar
Araria,2021-02-13,92.32,Bihar
Araria,2021-02-14,92.6,Bihar
Araria,2021-02-15,92.85,Bihar
Araria,2021-02-16,93.14,Bihar
Araria,2021-02-17,93.38,Bihar
Araria,2021-02-18,93.71,Bihar
Araria,2021-02-19,94.01,Bihar
Araria,2021-02-20,94.39,Bihar
Araria,2021-02-21,94.39,Bihar
Araria,2021-02-22,94.39,Bihar
Araria,2021-02-23,94.73,Bihar
Araria,2021-02-24,94.73,Bihar
Araria,2021-02-25,94.73,Bihar
Araria,2021-02-26,94.73,Bihar
Araria,2021-02-27,94.96,Bihar
Araria,2021-02-28,94.96,Bihar
Araria,2021-03-01,94.96,Bihar
