city,date,rate,district
Chandigarh,2011-11-16,67.27,Chandigarh
Chandigarh,2011-12-01,66.47,Chandigarh
Chandigarh,2012-04-01,66.48,Chandigarh
Chandigarh,2012-05-24,74.17,Chandigarh
Chandigarh,2012-06-03,72.16,Chandigarh
Chandigarh,2012-06-29,69.15,Chandigarh
Chandigarh,2012-07-24,70.01,Chandigarh
Chandigarh,2012-08-01,69.98,Chandigarh
Chandigarh,2012-10-09,69.31,Chandigarh
Chandigarh,2012-10-27,69.66,Chandigarh
Chandigarh,2012-11-16,68.5,Chandigarh
Chandigarh,2013-01-18,68.16,Chandigarh
Chandigarh,2013-02-16,70.0,Chandigarh
Chandigarh,2013-03-02,71.71,Chandigarh
Chandigarh,2013-03-16,69.26,Chandigarh
Chandigarh,2013-04-02,68.23,Chandigarh
Chandigarh,2013-04-16,67.01,Chandigarh
Chandigarh,2013-05-01,63.95,Chandigarh
Chandigarh,2013-06-01,64.87,Chandigarh
Chandigarh,2013-06-16,67.31,Chandigarh
Chandigarh,2013-06-29,69.59,Chandigarh
Chandigarh,2013-07-15,71.48,Chandigarh
Chandigarh,2013-08-01,72.34,Chandigarh
Chandigarh,2013-09-01,75.22,Chandigarh
Chandigarh,2013-09-14,77.26,Chandigarh
Chandigarh,2013-10-01,73.52,Chandigarh
Chandigarh,2013-11-01,72.12,Chandigarh
Chandigarh,2013-12-21,72.5,Chandigarh
Chandigarh,2014-01-04,73.78,Chandigarh
Chandigarh,2014-03-01,74.18,Chandigarh
Chandigarh,2014-04-01,73.26,Chandigarh
Chandigarh,2014-04-16,72.4,Chandigarh
Chandigarh,2014-06-07,72.5,Chandigarh
Chandigarh,2014-06-25,72.55,Chandigarh
Chandigarh,2014-07-01,74.63,Chandigarh
Chandigarh,2014-08-01,73.52,Chandigarh
Chandigarh,2014-08-15,71.3,Chandigarh
Chandigarh,2014-08-31,69.45,Chandigarh
Chandigarh,2014-10-01,68.79,Chandigarh
Chandigarh,2014-10-15,67.56,Chandigarh
Chandigarh,2014-11-01,65.11,Chandigarh
Chandigarh,2014-12-01,64.18,Chandigarh
Chandigarh,2014-12-16,62.15,Chandigarh
Chandigarh,2015-01-17,59.68,Chandigarh
Chandigarh,2015-02-01,59.67,Chandigarh
Chandigarh,2015-02-04,57.45,Chandigarh
Chandigarh,2015-02-16,58.28,Chandigarh
Chandigarh,2015-03-01,61.52,Chandigarh
Chandigarh,2015-04-02,61.33,Chandigarh
Chandigarh,2015-04-15,60.52,Chandigarh
Chandigarh,2015-05-01,64.52,Chandigarh
Chandigarh,2015-05-16,67.71,Chandigarh
Chandigarh,2015-06-16,68.58,Chandigarh
Chandigarh,2015-07-01,68.26,Chandigarh
Chandigarh,2015-07-15,65.79,Chandigarh
Chandigarh,2015-08-01,63.42,Chandigarh
Chandigarh,2015-08-15,62.19,Chandigarh
Chandigarh,2015-09-01,60.23,Chandigarh
Chandigarh,2015-11-01,59.75,Chandigarh
Chandigarh,2015-11-16,60.09,Chandigarh
Chandigarh,2015-12-01,59.53,Chandigarh
Chandigarh,2015-12-01,59.53,Chandigarh
Chandigarh,2015-12-16,61.37,Chandigarh
Chandigarh,2016-01-01,60.73,Chandigarh
Chandigarh,2016-01-16,60.41,Chandigarh
Chandigarh,2016-02-01,60.36,Chandigarh
Chandigarh,2016-02-17,60.04,Chandigarh
Chandigarh,2016-03-09,57.03,Chandigarh
Chandigarh,2016-03-17,60.1,Chandigarh
Chandigarh,2016-04-05,62.29,Chandigarh
Chandigarh,2016-04-16,61.48,Chandigarh
Chandigarh,2016-05-01,62.64,Chandigarh
Chandigarh,2016-05-17,63.47,Chandigarh
Chandigarh,2016-06-01,66.05,Chandigarh
Chandigarh,2016-06-16,66.1,Chandigarh
Chandigarh,2016-07-01,65.1,Chandigarh
Chandigarh,2016-07-15,62.85,Chandigarh
Chandigarh,2016-08-01,61.44,Chandigarh
Chandigarh,2016-08-15,60.44,Chandigarh
Chandigarh,2016-09-01,63.82,Chandigarh
Chandigarh,2016-09-15,64.59,Chandigarh
Chandigarh,2016-10-01,64.96,Chandigarh
Chandigarh,2016-10-05,65.1,Chandigarh
Chandigarh,2016-10-15,66.9,Chandigarh
Chandigarh,2016-11-06,68.08,Chandigarh
Chandigarh,2016-11-16,66.39,Chandigarh
Chandigarh,2016-12-01,66.56,Chandigarh
Chandigarh,2016-12-17,69.4,Chandigarh
Chandigarh,2017-01-01,71.0,Chandigarh
Chandigarh,2017-01-16,71.54,Chandigarh
Chandigarh,2017-04-01,66.83,Chandigarh
Chandigarh,2017-04-16,68.61,Chandigarh
Chandigarh,2017-05-01,67.67,Chandigarh
Chandigarh,2017-05-15,65.57,Chandigarh
Chandigarh,2017-05-16,65.47,Chandigarh
Chandigarh,2017-05-29,67.15,Chandigarh
Chandigarh,2017-05-30,67.25,Chandigarh
Chandigarh,2017-06-01,67.22,Chandigarh
Chandigarh,2017-06-16,65.73,Chandigarh
Chandigarh,2017-06-19,64.9,Chandigarh
Chandigarh,2017-06-20,64.75,Chandigarh
Chandigarh,2017-06-21,64.8,Chandigarh
Chandigarh,2017-06-22,64.64,Chandigarh
Chandigarh,2017-06-23,64.43,Chandigarh
Chandigarh,2017-06-26,63.8,Chandigarh
Chandigarh,2017-06-27,63.66,Chandigarh
Chandigarh,2017-06-28,63.71,Chandigarh
Chandigarh,2017-06-29,63.67,Chandigarh
Chandigarh,2017-06-30,63.56,Chandigarh
Chandigarh,2017-07-03,63.34,Chandigarh
Chandigarh,2017-07-04,63.25,Chandigarh
Chandigarh,2017-07-05,63.29,Chandigarh
Chandigarh,2017-07-06,63.36,Chandigarh
Chandigarh,2017-07-07,63.5,Chandigarh
Chandigarh,2017-07-10,64.04,Chandigarh
Chandigarh,2017-07-11,64.1,Chandigarh
Chandigarh,2017-07-12,64.14,Chandigarh
Chandigarh,2017-07-13,64.08,Chandigarh
Chandigarh,2017-07-14,64.06,Chandigarh
Chandigarh,2017-07-17,64.36,Chandigarh
Chandigarh,2017-07-18,64.38,Chandigarh
Chandigarh,2017-07-19,64.42,Chandigarh
Chandigarh,2017-07-20,64.46,Chandigarh
Chandigarh,2017-07-21,64.45,Chandigarh
Chandigarh,2017-07-24,67.74,Chandigarh
Chandigarh,2017-07-25,64.78,Chandigarh
Chandigarh,2017-07-26,64.74,Chandigarh
Chandigarh,2017-07-27,64.75,Chandigarh
Chandigarh,2017-07-28,64.86,Chandigarh
Chandigarh,2017-07-31,65.43,Chandigarh
Chandigarh,2017-08-01,65.59,Chandigarh
Chandigarh,2017-08-02,65.61,Chandigarh
Chandigarh,2017-08-04,66.14,Chandigarh
Chandigarh,2017-08-07,66.84,Chandigarh
Chandigarh,2017-08-08,66.89,Chandigarh
Chandigarh,2017-08-09,66.95,Chandigarh
Chandigarh,2017-08-10,67.1,Chandigarh
Chandigarh,2017-08-11,67.41,Chandigarh
Chandigarh,2017-08-14,68.13,Chandigarh
Chandigarh,2017-08-16,68.28,Chandigarh
Chandigarh,2017-08-17,68.38,Chandigarh
Chandigarh,2017-08-18,68.43,Chandigarh
Chandigarh,2017-08-21,68.72,Chandigarh
Chandigarh,2017-08-22,68.8,Chandigarh
Chandigarh,2017-08-23,68.91,Chandigarh
Chandigarh,2017-08-24,69.02,Chandigarh
Chandigarh,2017-08-28,69.27,Chandigarh
Chandigarh,2017-08-29,69.25,Chandigarh
Chandigarh,2017-08-30,69.3,Chandigarh
Chandigarh,2017-08-31,69.33,Chandigarh
Chandigarh,2017-09-01,69.4,Chandigarh
Chandigarh,2017-09-04,69.77,Chandigarh
Chandigarh,2017-09-05,69.85,Chandigarh
Chandigarh,2017-09-07,69.94,Chandigarh
Chandigarh,2017-09-08,70.03,Chandigarh
Chandigarh,2017-09-11,70.42,Chandigarh
Chandigarh,2017-09-12,70.51,Chandigarh
Chandigarh,2017-09-13,70.49,Chandigarh
Chandigarh,2017-09-14,70.53,Chandigarh
Chandigarh,2017-09-15,70.57,Chandigarh
Chandigarh,2017-09-19,70.63,Chandigarh
Chandigarh,2017-09-20,70.66,Chandigarh
Chandigarh,2017-09-21,70.63,Chandigarh
Chandigarh,2017-09-22,70.61,Chandigarh
Chandigarh,2017-09-25,70.52,Chandigarh
Chandigarh,2017-09-26,70.55,Chandigarh
Chandigarh,2017-09-27,70.52,Chandigarh
Chandigarh,2017-09-28,70.6,Chandigarh
Chandigarh,2017-09-29,70.7,Chandigarh
Chandigarh,2017-10-03,70.98,Chandigarh
Chandigarh,2017-10-04,68.52,Chandigarh
Chandigarh,2017-10-05,68.49,Chandigarh
Chandigarh,2017-10-06,68.5,Chandigarh
Chandigarh,2017-10-09,68.56,Chandigarh
Chandigarh,2017-10-10,68.59,Chandigarh
Chandigarh,2017-10-11,68.62,Chandigarh
Chandigarh,2017-10-12,68.56,Chandigarh
Chandigarh,2017-10-13,68.57,Chandigarh
Chandigarh,2017-10-16,68.4,Chandigarh
Chandigarh,2017-10-17,68.37,Chandigarh
Chandigarh,2017-10-18,65.66,Chandigarh
Chandigarh,2017-10-24,65.95,Chandigarh
Chandigarh,2017-10-25,66.01,Chandigarh
Chandigarh,2017-10-26,66.04,Chandigarh
Chandigarh,2017-10-30,66.4,Chandigarh
Chandigarh,2017-10-31,66.5,Chandigarh
Chandigarh,2017-11-02,66.61,Chandigarh
Chandigarh,2017-11-03,66.69,Chandigarh
Chandigarh,2017-11-06,67.1,Chandigarh
Chandigarh,2017-11-07,67.13,Chandigarh
Chandigarh,2017-11-09,67.18,Chandigarh
Chandigarh,2017-11-10,67.26,Chandigarh
Chandigarh,2017-11-13,67.19,Chandigarh
Chandigarh,2017-11-14,67.07,Chandigarh
Chandigarh,2017-11-15,67.02,Chandigarh
Chandigarh,2017-11-16,66.99,Chandigarh
Chandigarh,2017-11-17,66.95,Chandigarh
Chandigarh,2017-11-20,66.93,Chandigarh
Chandigarh,2017-11-21,66.87,Chandigarh
Chandigarh,2017-11-22,66.83,Chandigarh
Chandigarh,2017-11-23,66.78,Chandigarh
Chandigarh,2017-11-24,66.76,Chandigarh
Chandigarh,2017-11-27,66.71,Chandigarh
Chandigarh,2017-11-28,66.62,Chandigarh
Chandigarh,2017-11-29,66.69,Chandigarh
Chandigarh,2017-11-30,66.6,Chandigarh
Chandigarh,2017-12-01,66.58,Chandigarh
Chandigarh,2017-12-05,66.68,Chandigarh
Chandigarh,2017-12-06,66.6,Chandigarh
Chandigarh,2017-12-07,66.59,Chandigarh
Chandigarh,2017-12-08,66.55,Chandigarh
Chandigarh,2017-12-11,66.56,Chandigarh
Chandigarh,2017-12-12,66.45,Chandigarh
Chandigarh,2017-12-13,66.43,Chandigarh
Chandigarh,2017-12-15,66.46,Chandigarh
Chandigarh,2017-12-18,66.62,Chandigarh
Chandigarh,2017-12-19,66.7,Chandigarh
Chandigarh,2017-12-20,66.78,Chandigarh
Chandigarh,2017-12-21,66.77,Chandigarh
Chandigarh,2017-12-22,66.85,Chandigarh
Chandigarh,2017-12-26,67.04,Chandigarh
Chandigarh,2017-12-27,67.06,Chandigarh
Chandigarh,2017-12-28,67.14,Chandigarh
Chandigarh,2017-12-29,67.23,Chandigarh
Chandigarh,2018-01-01,67.37,Chandigarh
Chandigarh,2018-01-02,67.3,Chandigarh
Chandigarh,2018-01-03,67.37,Chandigarh
Chandigarh,2018-01-05,67.39,Chandigarh
Chandigarh,2018-01-08,67.81,Chandigarh
Chandigarh,2018-01-09,67.85,Chandigarh
Chandigarh,2018-01-10,67.92,Chandigarh
Chandigarh,2018-01-11,67.96,Chandigarh
Chandigarh,2018-01-12,68.02,Chandigarh
Chandigarh,2018-01-15,68.44,Chandigarh
Chandigarh,2018-01-16,68.53,Chandigarh
Chandigarh,2018-01-17,68.64,Chandigarh
Chandigarh,2018-01-18,68.8,Chandigarh
Chandigarh,2018-01-19,68.94,Chandigarh
Chandigarh,2018-01-22,69.45,Chandigarh
Chandigarh,2018-01-23,69.59,Chandigarh
Chandigarh,2018-01-24,69.64,Chandigarh
Chandigarh,2018-01-25,69.7,Chandigarh
Chandigarh,2018-01-29,70.03,Chandigarh
Chandigarh,2018-01-30,70.11,Chandigarh
Chandigarh,2018-02-01,70.23,Chandigarh
Chandigarh,2018-02-02,70.28,Chandigarh
Chandigarh,2018-02-05,70.48,Chandigarh
Chandigarh,2018-02-06,70.55,Chandigarh
Chandigarh,2018-02-08,70.54,Chandigarh
Chandigarh,2018-02-09,70.52,Chandigarh
Chandigarh,2018-02-12,70.19,Chandigarh
Chandigarh,2018-02-13,70.13,Chandigarh
Chandigarh,2018-02-15,69.98,Chandigarh
Chandigarh,2018-02-16,69.72,Chandigarh
Chandigarh,2018-02-19,69.15,Chandigarh
Chandigarh,2018-02-20,68.97,Chandigarh
Chandigarh,2018-02-21,68.96,Chandigarh
Chandigarh,2018-02-22,68.94,Chandigarh
Chandigarh,2018-02-23,68.85,Chandigarh
Chandigarh,2018-02-26,68.77,Chandigarh
Chandigarh,2018-02-27,68.76,Chandigarh
Chandigarh,2018-03-01,68.88,Chandigarh
Chandigarh,2018-03-02,69.05,Chandigarh
Chandigarh,2018-03-05,69.6,Chandigarh
Chandigarh,2018-03-06,69.67,Chandigarh
Chandigarh,2018-03-09,69.71,Chandigarh
Chandigarh,2018-03-12,69.73,Chandigarh
Chandigarh,2018-03-13,69.75,Chandigarh
Chandigarh,2018-03-15,69.73,Chandigarh
Chandigarh,2018-03-16,69.65,Chandigarh
Chandigarh,2018-03-19,69.48,Chandigarh
Chandigarh,2018-03-20,69.49,Chandigarh
Chandigarh,2018-03-22,69.54,Chandigarh
Chandigarh,2018-03-23,69.58,Chandigarh
Chandigarh,2018-03-26,70.05,Chandigarh
Chandigarh,2018-03-27,70.16,Chandigarh
Chandigarh,2018-03-29,70.33,Chandigarh
Chandigarh,2018-03-30,70.55,Chandigarh
Chandigarh,2018-04-02,71.03,Chandigarh
Chandigarh,2018-04-03,71.15,Chandigarh
Chandigarh,2018-04-05,71.18,Chandigarh
Chandigarh,2018-04-09,71.19,Chandigarh
Chandigarh,2018-04-10,71.18,Chandigarh
Chandigarh,2018-04-12,71.14,Chandigarh
Chandigarh,2018-04-13,71.11,Chandigarh
Chandigarh,2018-04-16,71.22,Chandigarh
Chandigarh,2018-04-19,71.27,Chandigarh
Chandigarh,2018-04-20,71.28,Chandigarh
Chandigarh,2018-04-23,71.68,Chandigarh
Chandigarh,2018-04-24,71.81,Chandigarh
Chandigarh,2018-05-14,71.98,Chandigarh
Chandigarh,2018-05-15,72.13,Chandigarh
Chandigarh,2018-05-16,72.27,Chandigarh
Chandigarh,2018-05-17,72.48,Chandigarh
Chandigarh,2018-05-18,71.98,Chandigarh
Chandigarh,2018-05-21,73.68,Chandigarh
Chandigarh,2018-05-22,73.97,Chandigarh
Chandigarh,2018-05-23,74.26,Chandigarh
Chandigarh,2018-05-24,74.54,Chandigarh
Chandigarh,2018-05-25,74.89,Chandigarh
Chandigarh,2018-05-26,75.02,Chandigarh
Chandigarh,2018-05-27,75.17,Chandigarh
Chandigarh,2018-05-28,75.31,Chandigarh
Chandigarh,2018-05-29,75.46,Chandigarh
Chandigarh,2018-05-31,75.39,Chandigarh
Chandigarh,2018-06-01,75.33,Chandigarh
Chandigarh,2018-06-02,75.24,Chandigarh
Chandigarh,2018-06-03,75.16,Chandigarh
Chandigarh,2018-06-04,75.01,Chandigarh
Chandigarh,2018-06-05,74.89,Chandigarh
Chandigarh,2018-06-06,74.78,Chandigarh
Chandigarh,2018-06-07,74.7,Chandigarh
Chandigarh,2018-06-08,74.5,Chandigarh
Chandigarh,2018-06-09,74.11,Chandigarh
Chandigarh,2018-06-10,73.88,Chandigarh
Chandigarh,2018-06-11,73.69,Chandigarh
Chandigarh,2018-06-12,73.55,Chandigarh
Chandigarh,2018-06-15,73.47,Chandigarh
Chandigarh,2018-06-19,73.39,Chandigarh
Chandigarh,2018-06-21,73.29,Chandigarh
Chandigarh,2018-06-22,73.15,Chandigarh
Chandigarh,2018-06-23,73.07,Chandigarh
Chandigarh,2018-06-24,72.93,Chandigarh
Chandigarh,2018-06-25,72.84,Chandigarh
Chandigarh,2018-06-26,72.7,Chandigarh
Chandigarh,2018-07-05,72.85,Chandigarh
Chandigarh,2018-07-06,72.99,Chandigarh
Chandigarh,2018-07-09,73.48,Chandigarh
Chandigarh,2018-07-10,73.64,Chandigarh
Chandigarh,2018-07-12,73.7,Chandigarh
Chandigarh,2018-07-13,73.86,Chandigarh
Chandigarh,2018-07-16,73.97,Chandigarh
Chandigarh,2018-07-20,73.82,Chandigarh
Chandigarh,2018-07-23,73.51,Chandigarh
Chandigarh,2018-07-24,73.44,Chandigarh
Chandigarh,2018-07-30,73.46,Chandigarh
Chandigarh,2018-07-31,73.52,Chandigarh
Chandigarh,2018-08-02,73.65,Chandigarh
Chandigarh,2018-08-03,73.71,Chandigarh
Chandigarh,2018-08-06,74.17,Chandigarh
Chandigarh,2018-08-07,74.25,Chandigarh
Chandigarh,2018-08-13,74.33,Chandigarh
Chandigarh,2018-08-16,74.38,Chandigarh
Chandigarh,2018-08-20,74.67,Chandigarh
Chandigarh,2018-08-21,74.75,Chandigarh
Chandigarh,2018-08-24,74.84,Chandigarh
Chandigarh,2018-08-25,68.03,Chandigarh
Chandigarh,2018-08-26,68.11,Chandigarh
Chandigarh,2018-08-27,75.07,Chandigarh
Chandigarh,2018-08-28,75.2,Chandigarh
Chandigarh,2018-08-29,75.33,Chandigarh
Chandigarh,2018-08-30,75.44,Chandigarh
Chandigarh,2018-08-31,75.65,Chandigarh
Chandigarh,2018-09-03,76.3,Chandigarh
Chandigarh,2018-09-04,76.45,Chandigarh
Chandigarh,2018-09-06,76.64,Chandigarh
Chandigarh,2018-09-07,77.1,Chandigarh
Chandigarh,2018-09-10,77.81,Chandigarh
Chandigarh,2018-09-11,77.95,Chandigarh
Chandigarh,2018-09-13,78.07,Chandigarh
Chandigarh,2018-09-14,78.34,Chandigarh
Chandigarh,2018-09-15,78.68,Chandigarh
Chandigarh,2018-09-16,78.94,Chandigarh
Chandigarh,2018-09-17,79.09,Chandigarh
Chandigarh,2018-09-18,79.18,Chandigarh
Chandigarh,2018-09-20,79.24,Chandigarh
Chandigarh,2018-09-21,79.34,Chandigarh
Chandigarh,2018-09-23,79.6,Chandigarh
Chandigarh,2018-09-24,79.71,Chandigarh
Chandigarh,2018-09-25,79.84,Chandigarh
Chandigarh,2018-09-27,79.98,Chandigarh
Chandigarh,2018-09-28,80.19,Chandigarh
Chandigarh,2018-09-30,80.45,Chandigarh
Chandigarh,2018-10-01,80.67,Chandigarh
Chandigarh,2018-10-02,80.77,Chandigarh
Chandigarh,2018-10-04,80.9,Chandigarh
Chandigarh,2018-10-05,78.5,Chandigarh
Chandigarh,2018-10-06,77.17,Chandigarh
Chandigarh,2018-10-07,77.3,Chandigarh
Chandigarh,2018-10-08,77.5,Chandigarh
Chandigarh,2018-10-09,77.72,Chandigarh
Chandigarh,2018-10-11,77.81,Chandigarh
Chandigarh,2018-10-12,77.92,Chandigarh
Chandigarh,2018-10-13,78.09,Chandigarh
Chandigarh,2018-10-14,78.15,Chandigarh
Chandigarh,2018-10-16,78.25,Chandigarh
Chandigarh,2018-10-18,78.05,Chandigarh
Chandigarh,2018-10-19,77.83,Chandigarh
Chandigarh,2018-10-20,77.46,Chandigarh
Chandigarh,2018-10-22,76.94,Chandigarh
Chandigarh,2018-10-23,76.85,Chandigarh
Chandigarh,2018-10-24,76.76,Chandigarh
Chandigarh,2018-10-25,76.62,Chandigarh
Chandigarh,2018-10-26,76.39,Chandigarh
Chandigarh,2018-10-29,75.35,Chandigarh
Chandigarh,2018-10-30,75.16,Chandigarh
Chandigarh,2018-11-01,75.0,Chandigarh
Chandigarh,2018-11-02,74.85,Chandigarh
Chandigarh,2018-11-05,74.29,Chandigarh
Chandigarh,2018-11-06,74.16,Chandigarh
Chandigarh,2018-11-12,73.35,Chandigarh
Chandigarh,2018-11-13,73.23,Chandigarh
Chandigarh,2018-11-15,73.09,Chandigarh
Chandigarh,2018-11-16,72.92,Chandigarh
Chandigarh,2018-11-19,72.37,Chandigarh
Chandigarh,2018-11-20,72.24,Chandigarh
Chandigarh,2018-11-22,71.85,Chandigarh
Chandigarh,2018-11-23,71.48,Chandigarh
Chandigarh,2018-11-26,70.46,Chandigarh
Chandigarh,2018-11-27,70.06,Chandigarh
Chandigarh,2018-11-28,69.59,Chandigarh
Chandigarh,2018-11-29,69.28,Chandigarh
Chandigarh,2018-11-30,68.94,Chandigarh
Chandigarh,2018-12-01,68.6,Chandigarh
Chandigarh,2018-12-02,68.31,Chandigarh
Chandigarh,2018-12-03,68.01,Chandigarh
Chandigarh,2018-12-04,67.82,Chandigarh
Chandigarh,2018-12-06,67.44,Chandigarh
Chandigarh,2018-12-07,67.06,Chandigarh
Chandigarh,2018-12-10,66.49,Chandigarh
Chandigarh,2018-12-11,66.34,Chandigarh
Chandigarh,2018-12-13,66.42,Chandigarh
Chandigarh,2018-12-17,66.65,Chandigarh
Chandigarh,2018-12-18,66.74,Chandigarh
Chandigarh,2018-12-21,66.58,Chandigarh
Chandigarh,2018-12-24,66.02,Chandigarh
Chandigarh,2018-12-25,65.95,Chandigarh
Chandigarh,2018-12-27,65.9,Chandigarh
Chandigarh,2018-12-28,65.73,Chandigarh
Chandigarh,2018-12-31,65.06,Chandigarh
Chandigarh,2019-01-02,64.96,Chandigarh
Chandigarh,2019-01-04,64.77,Chandigarh
Chandigarh,2019-01-07,64.82,Chandigarh
Chandigarh,2019-01-10,65.18,Chandigarh
Chandigarh,2019-01-11,65.36,Chandigarh
Chandigarh,2019-01-14,66.36,Chandigarh
Chandigarh,2019-01-16,66.55,Chandigarh
Chandigarh,2019-01-17,66.68,Chandigarh
Chandigarh,2019-01-18,66.75,Chandigarh
Chandigarh,2019-01-21,67.31,Chandigarh
Chandigarh,2019-01-22,67.43,Chandigarh
Chandigarh,2019-01-29,67.35,Chandigarh
Chandigarh,2019-01-31,67.26,Chandigarh
Chandigarh,2019-02-01,67.04,Chandigarh
Chandigarh,2019-02-05,66.57,Chandigarh
Chandigarh,2019-02-08,66.51,Chandigarh
Chandigarh,2019-02-11,66.47,Chandigarh
Chandigarh,2019-02-14,66.52,Chandigarh
Chandigarh,2019-02-15,66.59,Chandigarh
Chandigarh,2019-02-18,67.01,Chandigarh
Chandigarh,2019-02-19,67.1,Chandigarh
Chandigarh,2019-02-22,67.37,Chandigarh
Chandigarh,2019-02-25,67.63,Chandigarh
Chandigarh,2019-02-26,67.72,Chandigarh
Chandigarh,2019-02-28,67.79,Chandigarh
Chandigarh,2019-03-01,67.88,Chandigarh
Chandigarh,2019-03-04,68.22,Chandigarh
Chandigarh,2019-03-05,68.29,Chandigarh
Chandigarh,2019-03-11,68.5,Chandigarh
Chandigarh,2019-03-12,68.45,Chandigarh
Chandigarh,2019-03-14,68.52,Chandigarh
Chandigarh,2019-03-15,68.58,Chandigarh
Chandigarh,2019-03-18,68.8,Chandigarh
Chandigarh,2019-03-21,68.73,Chandigarh
Chandigarh,2019-03-22,68.78,Chandigarh
Chandigarh,2019-03-23,68.83,Chandigarh
Chandigarh,2019-03-24,68.87,Chandigarh
Chandigarh,2019-03-28,68.83,Chandigarh
Chandigarh,2019-04-01,68.9,Chandigarh
Chandigarh,2019-04-05,68.94,Chandigarh
Chandigarh,2019-04-08,68.89,Chandigarh
Chandigarh,2019-04-09,68.84,Chandigarh
Chandigarh,2019-04-12,68.9,Chandigarh
Chandigarh,2019-04-15,69.01,Chandigarh
Chandigarh,2019-04-16,68.96,Chandigarh
Chandigarh,2019-04-20,69.03,Chandigarh
Chandigarh,2019-04-22,68.98,Chandigarh
Chandigarh,2019-04-25,69.05,Chandigarh
Chandigarh,2019-04-27,69.1,Chandigarh
Chandigarh,2019-04-30,69.15,Chandigarh
Chandigarh,2019-05-02,69.08,Chandigarh
Chandigarh,2019-05-04,69.09,Chandigarh
Chandigarh,2019-05-05,69.03,Chandigarh
Chandigarh,2019-05-06,68.97,Chandigarh
Chandigarh,2019-05-09,68.82,Chandigarh
Chandigarh,2019-05-10,68.62,Chandigarh
Chandigarh,2019-05-11,68.17,Chandigarh
Chandigarh,2019-05-12,67.77,Chandigarh
Chandigarh,2019-05-13,67.49,Chandigarh
Chandigarh,2019-05-14,67.25,Chandigarh
Chandigarh,2019-05-17,67.18,Chandigarh
Chandigarh,2019-05-18,67.11,Chandigarh
Chandigarh,2019-05-20,67.2,Chandigarh
Chandigarh,2019-05-21,67.25,Chandigarh
Chandigarh,2019-05-23,67.32,Chandigarh
Chandigarh,2019-05-24,67.45,Chandigarh
Chandigarh,2019-05-25,67.58,Chandigarh
Chandigarh,2019-05-26,67.72,Chandigarh
Chandigarh,2019-05-27,67.81,Chandigarh
Chandigarh,2019-05-28,67.89,Chandigarh
Chandigarh,2019-05-30,67.84,Chandigarh
Chandigarh,2019-05-31,67.77,Chandigarh
Chandigarh,2019-06-01,67.69,Chandigarh
Chandigarh,2019-06-02,67.58,Chandigarh
Chandigarh,2019-06-03,67.39,Chandigarh
Chandigarh,2019-06-04,67.33,Chandigarh
Chandigarh,2019-06-06,67.18,Chandigarh
Chandigarh,2019-06-07,67.05,Chandigarh
Chandigarh,2019-06-10,66.57,Chandigarh
Chandigarh,2019-06-13,66.5,Chandigarh
Chandigarh,2019-06-14,66.34,Chandigarh
Chandigarh,2019-06-15,66.16,Chandigarh
Chandigarh,2019-06-16,66.1,Chandigarh
Chandigarh,2019-06-24,66.22,Chandigarh
Chandigarh,2019-06-27,66.28,Chandigarh
Chandigarh,2019-06-28,66.33,Chandigarh
Chandigarh,2019-06-29,66.43,Chandigarh
Chandigarh,2019-06-30,66.52,Chandigarh
Chandigarh,2019-07-01,66.61,Chandigarh
Chandigarh,2019-07-02,66.67,Chandigarh
Chandigarh,2019-07-06,68.97,Chandigarh
Chandigarh,2019-07-09,68.92,Chandigarh
Chandigarh,2019-07-13,69.01,Chandigarh
Chandigarh,2019-07-14,69.09,Chandigarh
Chandigarh,2019-07-15,69.21,Chandigarh
Chandigarh,2019-07-16,69.27,Chandigarh
Chandigarh,2019-07-18,69.35,Chandigarh
Chandigarh,2019-07-23,69.4,Chandigarh
Chandigarh,2019-07-25,69.35,Chandigarh
Chandigarh,2019-07-26,69.29,Chandigarh
Chandigarh,2019-07-27,69.24,Chandigarh
Chandigarh,2019-07-28,69.15,Chandigarh
Chandigarh,2019-07-29,69.01,Chandigarh
Chandigarh,2019-07-30,68.88,Chandigarh
Chandigarh,2019-08-01,68.83,Chandigarh
Chandigarh,2019-08-02,68.68,Chandigarh
Chandigarh,2019-08-03,68.61,Chandigarh
Chandigarh,2019-08-04,68.53,Chandigarh
Chandigarh,2019-08-05,68.39,Chandigarh
Chandigarh,2019-08-06,68.3,Chandigarh
Chandigarh,2019-08-08,68.26,Chandigarh
Chandigarh,2019-08-09,68.12,Chandigarh
Chandigarh,2019-08-11,68.03,Chandigarh
Chandigarh,2019-08-18,67.96,Chandigarh
Chandigarh,2019-08-19,67.89,Chandigarh
Chandigarh,2019-08-24,67.97,Chandigarh
Chandigarh,2019-08-25,68.03,Chandigarh
Chandigarh,2019-08-26,68.11,Chandigarh
Chandigarh,2019-08-27,68.11,Chandigarh
Chandigarh,2019-08-29,68.05,Chandigarh
Chandigarh,2019-09-05,68.02,Chandigarh
Chandigarh,2019-09-06,67.94,Chandigarh
Chandigarh,2019-09-07,67.85,Chandigarh
Chandigarh,2019-09-08,67.8,Chandigarh
Chandigarh,2019-09-10,67.84,Chandigarh
Chandigarh,2019-09-12,67.9,Chandigarh
Chandigarh,2019-09-13,67.97,Chandigarh
Chandigarh,2019-09-14,68.04,Chandigarh
Chandigarh,2019-09-15,68.1,Chandigarh
Chandigarh,2019-09-17,68.23,Chandigarh
Chandigarh,2019-09-18,68.47,Chandigarh
Chandigarh,2019-09-19,68.74,Chandigarh
Chandigarh,2019-09-20,69.07,Chandigarh
Chandigarh,2019-09-21,69.34,Chandigarh
Chandigarh,2019-09-22,69.6,Chandigarh
Chandigarh,2019-09-23,69.87,Chandigarh
Chandigarh,2019-09-24,70.08,Chandigarh
Chandigarh,2019-09-26,70.13,Chandigarh
Chandigarh,2019-09-27,70.28,Chandigarh
Chandigarh,2019-09-30,70.35,Chandigarh
Chandigarh,2019-10-01,70.55,Chandigarh
Chandigarh,2019-10-03,70.46,Chandigarh
Chandigarh,2019-10-04,70.29,Chandigarh
Chandigarh,2019-10-05,70.02,Chandigarh
Chandigarh,2019-10-07,69.75,Chandigarh
Chandigarh,2019-10-08,69.59,Chandigarh
Chandigarh,2019-10-10,69.55,Chandigarh
Chandigarh,2019-10-11,69.43,Chandigarh
Chandigarh,2019-10-12,69.34,Chandigarh
Chandigarh,2019-10-15,69.29,Chandigarh
Chandigarh,2019-10-22,69.25,Chandigarh
Chandigarh,2019-10-24,69.2,Chandigarh
Chandigarh,2019-10-25,69.09,Chandigarh
Chandigarh,2019-10-26,69.02,Chandigarh
Chandigarh,2019-10-29,68.96,Chandigarh
Chandigarh,2019-11-01,68.85,Chandigarh
Chandigarh,2019-11-02,68.78,Chandigarh
Chandigarh,2019-11-03,68.73,Chandigarh
Chandigarh,2019-11-04,68.65,Chandigarh
Chandigarh,2019-11-05,68.61,Chandigarh
Chandigarh,2019-11-08,68.7,Chandigarh
Chandigarh,2019-11-09,68.84,Chandigarh
Chandigarh,2019-11-10,69.03,Chandigarh
Chandigarh,2019-11-11,69.17,Chandigarh
Chandigarh,2019-11-13,69.27,Chandigarh
Chandigarh,2019-11-14,69.41,Chandigarh
Chandigarh,2019-11-15,69.58,Chandigarh
Chandigarh,2019-11-16,69.71,Chandigarh
Chandigarh,2019-11-17,69.82,Chandigarh
Chandigarh,2019-11-18,69.97,Chandigarh
Chandigarh,2019-11-19,70.11,Chandigarh
Chandigarh,2019-11-22,70.25,Chandigarh
Chandigarh,2019-11-23,70.34,Chandigarh
Chandigarh,2019-11-24,70.43,Chandigarh
Chandigarh,2019-11-25,70.55,Chandigarh
Chandigarh,2019-11-26,70.64,Chandigarh
Chandigarh,2019-11-29,70.69,Chandigarh
Chandigarh,2019-11-30,70.743,Chandigarh
Chandigarh,2019-12-01,70.85,Chandigarh
Chandigarh,2019-12-07,70.76,Chandigarh
Chandigarh,2019-12-08,70.85,Chandigarh
Chandigarh,2019-12-09,70.9,Chandigarh
Chandigarh,2019-12-10,70.9,Chandigarh
Chandigarh,2019-12-12,70.85,Chandigarh
Chandigarh,2019-12-13,70.79,Chandigarh
Chandigarh,2019-12-14,70.75,Chandigarh
Chandigarh,2019-12-15,70.66,Chandigarh
Chandigarh,2019-12-16,70.61,Chandigarh
Chandigarh,2019-12-17,70.56,Chandigarh
Chandigarh,2019-12-19,70.55,Chandigarh
Chandigarh,2019-12-26,70.6,Chandigarh
Chandigarh,2019-12-27,70.66,Chandigarh
Chandigarh,2019-12-29,70.79,Chandigarh
Chandigarh,2019-12-30,70.94,Chandigarh
Chandigarh,2019-12-31,71.03,Chandigarh
Chandigarh,2020-01-02,71.15,Chandigarh
Chandigarh,2020-01-03,71.25,Chandigarh
Chandigarh,2020-01-04,71.35,Chandigarh
Chandigarh,2020-01-05,71.43,Chandigarh
Chandigarh,2020-01-06,71.57,Chandigarh
Chandigarh,2020-01-07,71.72,Chandigarh
Chandigarh,2020-01-08,71.62,Chandigarh
Chandigarh,2020-01-09,71.68,Chandigarh
Chandigarh,2020-01-10,71.82,Chandigarh
Chandigarh,2020-01-11,71.87,Chandigarh
Chandigarh,2020-01-12,71.77,Chandigarh
Chandigarh,2020-01-13,71.67,Chandigarh
Chandigarh,2020-01-14,71.57,Chandigarh
Chandigarh,2020-01-16,71.44,Chandigarh
Chandigarh,2020-01-17,71.31,Chandigarh
Chandigarh,2020-01-18,71.16,Chandigarh
Chandigarh,2020-01-19,71.0,Chandigarh
Chandigarh,2020-01-20,70.9,Chandigarh
Chandigarh,2020-01-21,70.74,Chandigarh
Chandigarh,2020-01-22,70.74,Chandigarh
Chandigarh,2020-01-23,70.56,Chandigarh
Chandigarh,2020-01-24,70.34,Chandigarh
Chandigarh,2020-01-25,70.09,Chandigarh
Chandigarh,2020-01-26,69.79,Chandigarh
Chandigarh,2020-01-27,69.71,Chandigarh
Chandigarh,2020-01-28,69.6,Chandigarh
Chandigarh,2020-01-29,69.6,Chandigarh
Chandigarh,2020-01-30,69.36,Chandigarh
Chandigarh,2020-01-31,69.29,Chandigarh
Chandigarh,2020-02-01,69.16,Chandigarh
Chandigarh,2020-02-02,69.06,Chandigarh
Chandigarh,2020-02-03,69.02,Chandigarh
Chandigarh,2020-02-04,68.97,Chandigarh
Chandigarh,2020-02-05,68.97,Chandigarh
Chandigarh,2020-02-06,68.88,Chandigarh
Chandigarh,2020-02-07,68.68,Chandigarh
Chandigarh,2020-02-08,68.47,Chandigarh
Chandigarh,2020-02-09,68.26,Chandigarh
Chandigarh,2020-02-10,68.12,Chandigarh
Chandigarh,2020-02-11,67.97,Chandigarh
Chandigarh,2020-02-12,67.97,Chandigarh
Chandigarh,2020-02-13,67.97,Chandigarh
Chandigarh,2020-02-14,67.97,Chandigarh
Chandigarh,2020-02-15,67.97,Chandigarh
Chandigarh,2020-02-17,67.97,Chandigarh
Chandigarh,2020-02-18,67.93,Chandigarh
Chandigarh,2020-02-19,67.93,Chandigarh
Chandigarh,2020-02-20,67.93,Chandigarh
Chandigarh,2020-02-21,67.93,Chandigarh
Chandigarh,2020-02-24,68.04,Chandigarh
Chandigarh,2020-02-25,68.04,Chandigarh
Chandigarh,2020-02-26,68.04,Chandigarh
Chandigarh,2020-02-27,67.99,Chandigarh
Chandigarh,2020-02-28,67.99,Chandigarh
Chandigarh,2020-02-29,67.93,Chandigarh
Chandigarh,2020-03-01,67.79,Chandigarh
Chandigarh,2020-03-02,67.59,Chandigarh
Chandigarh,2020-03-03,67.54,Chandigarh
Chandigarh,2020-03-04,67.54,Chandigarh
Chandigarh,2020-03-05,67.4,Chandigarh
Chandigarh,2020-03-06,67.26,Chandigarh
Chandigarh,2020-03-07,67.14,Chandigarh
Chandigarh,2020-03-08,66.97,Chandigarh
Chandigarh,2020-03-09,66.74,Chandigarh
Chandigarh,2020-03-10,66.44,Chandigarh
Chandigarh,2020-03-11,66.44,Chandigarh
Chandigarh,2020-03-12,66.32,Chandigarh
Chandigarh,2020-03-13,66.18,Chandigarh
Chandigarh,2020-03-14,66.05,Chandigarh
Chandigarh,2020-03-15,65.95,Chandigarh
Chandigarh,2020-03-16,65.8,Chandigarh
Chandigarh,2020-03-17,65.8,Chandigarh
Chandigarh,2020-03-18,65.8,Chandigarh
Chandigarh,2020-03-19,65.8,Chandigarh
Chandigarh,2020-03-20,65.8,Chandigarh
Chandigarh,2020-03-21,65.8,Chandigarh
Chandigarh,2020-03-22,65.8,Chandigarh
Chandigarh,2020-03-23,65.8,Chandigarh
Chandigarh,2020-03-24,65.8,Chandigarh
Chandigarh,2020-03-25,65.8,Chandigarh
Chandigarh,2020-03-26,65.8,Chandigarh
Chandigarh,2020-03-27,65.8,Chandigarh
Chandigarh,2020-03-28,65.8,Chandigarh
Chandigarh,2020-03-29,65.8,Chandigarh
Chandigarh,2020-03-30,65.8,Chandigarh
Chandigarh,2020-03-31,65.8,Chandigarh
Chandigarh,2020-04-01,65.8,Chandigarh
Chandigarh,2020-04-02,65.8,Chandigarh
Chandigarh,2020-04-03,65.8,Chandigarh
Chandigarh,2020-04-04,65.8,Chandigarh
Chandigarh,2020-04-05,65.8,Chandigarh
Chandigarh,2020-04-06,65.8,Chandigarh
Chandigarh,2020-04-07,65.8,Chandigarh
Chandigarh,2020-04-08,65.8,Chandigarh
Chandigarh,2020-04-09,65.8,Chandigarh
Chandigarh,2020-04-10,65.8,Chandigarh
Chandigarh,2020-04-11,65.8,Chandigarh
Chandigarh,2020-04-12,65.8,Chandigarh
Chandigarh,2020-04-13,65.8,Chandigarh
Chandigarh,2020-04-14,65.8,Chandigarh
Chandigarh,2020-04-15,65.8,Chandigarh
Chandigarh,2020-04-16,65.8,Chandigarh
Chandigarh,2020-04-17,65.8,Chandigarh
Chandigarh,2020-04-18,65.8,Chandigarh
Chandigarh,2020-04-20,65.8,Chandigarh
Chandigarh,2020-04-21,65.8,Chandigarh
Chandigarh,2020-04-22,65.8,Chandigarh
Chandigarh,2020-04-23,65.8,Chandigarh
Chandigarh,2020-04-24,65.8,Chandigarh
Chandigarh,2020-04-25,65.8,Chandigarh
Chandigarh,2020-04-26,65.8,Chandigarh
Chandigarh,2020-04-27,65.8,Chandigarh
Chandigarh,2020-04-28,65.8,Chandigarh
Chandigarh,2020-04-29,65.8,Chandigarh
Chandigarh,2020-04-30,65.8,Chandigarh
Chandigarh,2020-05-01,65.8,Chandigarh
Chandigarh,2020-05-02,65.8,Chandigarh
Chandigarh,2020-05-03,65.8,Chandigarh
Chandigarh,2020-05-04,65.8,Chandigarh
Chandigarh,2020-05-05,65.8,Chandigarh
Chandigarh,2020-05-06,65.8,Chandigarh
Chandigarh,2020-05-07,65.8,Chandigarh
Chandigarh,2020-05-08,65.8,Chandigarh
Chandigarh,2020-05-09,65.8,Chandigarh
Chandigarh,2020-05-10,65.8,Chandigarh
Chandigarh,2020-05-11,65.8,Chandigarh
Chandigarh,2020-05-12,65.8,Chandigarh
Chandigarh,2020-05-13,65.8,Chandigarh
Chandigarh,2020-05-14,65.8,Chandigarh
Chandigarh,2020-05-15,65.8,Chandigarh
Chandigarh,2020-05-16,65.8,Chandigarh
Chandigarh,2020-05-17,65.8,Chandigarh
Chandigarh,2020-05-18,65.8,Chandigarh
Chandigarh,2020-05-19,65.8,Chandigarh
Chandigarh,2020-05-20,65.8,Chandigarh
Chandigarh,2020-05-21,65.8,Chandigarh
Chandigarh,2020-05-22,65.8,Chandigarh
Chandigarh,2020-05-23,65.8,Chandigarh
Chandigarh,2020-05-24,65.8,Chandigarh
Chandigarh,2020-05-25,65.8,Chandigarh
Chandigarh,2020-05-26,65.8,Chandigarh
Chandigarh,2020-05-27,65.8,Chandigarh
Chandigarh,2020-05-28,65.8,Chandigarh
Chandigarh,2020-05-29,65.8,Chandigarh
Chandigarh,2020-05-30,65.8,Chandigarh
Chandigarh,2020-05-31,65.8,Chandigarh
Chandigarh,2020-06-01,68.6,Chandigarh
Chandigarh,2020-06-02,68.6,Chandigarh
Chandigarh,2020-06-03,68.6,Chandigarh
Chandigarh,2020-06-04,68.6,Chandigarh
Chandigarh,2020-06-05,68.6,Chandigarh
Chandigarh,2020-06-06,68.6,Chandigarh
Chandigarh,2020-06-07,69.2,Chandigarh
Chandigarh,2020-06-08,69.8,Chandigarh
Chandigarh,2020-06-09,70.34,Chandigarh
Chandigarh,2020-06-10,70.74,Chandigarh
Chandigarh,2020-06-11,71.34,Chandigarh
Chandigarh,2020-06-12,71.94,Chandigarh
Chandigarh,2020-06-13,72.54,Chandigarh
Chandigarh,2020-06-14,73.14,Chandigarh
Chandigarh,2020-06-15,73.4,Chandigarh
Chandigarh,2020-06-16,73.85,Chandigarh
Chandigarh,2020-06-17,74.37,Chandigarh
Chandigarh,2020-06-18,74.88,Chandigarh
Chandigarh,2020-06-19,75.42,Chandigarh
Chandigarh,2020-06-20,75.91,Chandigarh
Chandigarh,2020-06-21,76.24,Chandigarh
Chandigarh,2020-06-22,76.56,Chandigarh
Chandigarh,2020-06-23,76.74,Chandigarh
Chandigarh,2020-06-24,76.74,Chandigarh
Chandigarh,2020-06-25,76.9,Chandigarh
Chandigarh,2020-06-26,77.1,Chandigarh
Chandigarh,2020-06-27,77.34,Chandigarh
Chandigarh,2020-06-28,77.34,Chandigarh
Chandigarh,2020-06-29,77.39,Chandigarh
Chandigarh,2020-06-30,77.39,Chandigarh
Chandigarh,2020-07-01,77.39,Chandigarh
Chandigarh,2020-07-02,77.39,Chandigarh
Chandigarh,2020-07-03,77.39,Chandigarh
Chandigarh,2020-07-04,77.39,Chandigarh
Chandigarh,2020-07-05,77.39,Chandigarh
Chandigarh,2020-07-06,77.39,Chandigarh
Chandigarh,2020-07-07,77.39,Chandigarh
Chandigarh,2020-07-08,77.39,Chandigarh
Chandigarh,2020-07-09,77.39,Chandigarh
Chandigarh,2020-07-10,77.39,Chandigarh
Chandigarh,2020-07-11,77.39,Chandigarh
Chandigarh,2020-07-12,77.39,Chandigarh
Chandigarh,2020-07-13,77.39,Chandigarh
Chandigarh,2020-07-15,77.39,Chandigarh
Chandigarh,2020-07-16,77.39,Chandigarh
Chandigarh,2020-07-17,77.39,Chandigarh
Chandigarh,2020-07-18,77.39,Chandigarh
Chandigarh,2020-07-19,77.39,Chandigarh
Chandigarh,2020-07-20,77.39,Chandigarh
Chandigarh,2020-07-21,77.39,Chandigarh
Chandigarh,2020-07-22,77.39,Chandigarh
Chandigarh,2020-07-23,77.39,Chandigarh
Chandigarh,2020-07-24,77.39,Chandigarh
Chandigarh,2020-07-25,77.39,Chandigarh
Chandigarh,2020-07-26,77.39,Chandigarh
Chandigarh,2020-07-27,77.39,Chandigarh
Chandigarh,2020-07-28,77.39,Chandigarh
Chandigarh,2020-07-29,77.39,Chandigarh
Chandigarh,2020-07-30,77.39,Chandigarh
Chandigarh,2020-07-31,77.39,Chandigarh
Chandigarh,2020-08-01,77.39,Chandigarh
Chandigarh,2020-08-02,77.39,Chandigarh
Chandigarh,2020-08-03,77.39,Chandigarh
Chandigarh,2020-08-04,77.39,Chandigarh
Chandigarh,2020-08-05,77.39,Chandigarh
Chandigarh,2020-08-06,77.39,Chandigarh
Chandigarh,2020-08-07,77.39,Chandigarh
Chandigarh,2020-08-08,77.39,Chandigarh
Chandigarh,2020-08-09,77.39,Chandigarh
Chandigarh,2020-08-10,77.39,Chandigarh
Chandigarh,2020-08-11,77.39,Chandigarh
Chandigarh,2020-08-12,77.39,Chandigarh
Chandigarh,2020-08-13,77.39,Chandigarh
Chandigarh,2020-08-14,77.39,Chandigarh
Chandigarh,2020-08-15,77.39,Chandigarh
Chandigarh,2020-08-16,77.58,Chandigarh
Chandigarh,2020-08-17,77.73,Chandigarh
Chandigarh,2020-08-18,77.88,Chandigarh
Chandigarh,2020-08-19,77.88,Chandigarh
Chandigarh,2020-08-20,77.98,Chandigarh
Chandigarh,2020-08-21,78.17,Chandigarh
Chandigarh,2020-08-22,78.32,Chandigarh
Chandigarh,2020-08-23,78.45,Chandigarh
Chandigarh,2020-08-24,78.58,Chandigarh
Chandigarh,2020-08-25,78.68,Chandigarh
Chandigarh,2020-08-26,78.68,Chandigarh
Chandigarh,2020-08-27,78.78,Chandigarh
Chandigarh,2020-08-28,78.88,Chandigarh
Chandigarh,2020-08-29,78.88,Chandigarh
Chandigarh,2020-08-30,78.97,Chandigarh
Chandigarh,2020-08-31,78.97,Chandigarh
Chandigarh,2020-09-01,79.02,Chandigarh
Chandigarh,2020-09-02,79.02,Chandigarh
Chandigarh,2020-09-03,79.02,Chandigarh
Chandigarh,2020-09-04,79.02,Chandigarh
Chandigarh,2020-09-05,79.02,Chandigarh
Chandigarh,2020-09-06,79.02,Chandigarh
Chandigarh,2020-09-07,79.02,Chandigarh
Chandigarh,2020-09-08,79.02,Chandigarh
Chandigarh,2020-09-09,79.02,Chandigarh
Chandigarh,2020-09-10,78.93,Chandigarh
Chandigarh,2020-09-11,78.93,Chandigarh
Chandigarh,2020-09-12,78.81,Chandigarh
Chandigarh,2020-09-13,78.81,Chandigarh
Chandigarh,2020-09-14,78.67,Chandigarh
Chandigarh,2020-09-15,78.51,Chandigarh
Chandigarh,2020-09-16,78.51,Chandigarh
Chandigarh,2020-09-17,78.37,Chandigarh
Chandigarh,2020-09-18,78.12,Chandigarh
Chandigarh,2020-09-19,78.12,Chandigarh
Chandigarh,2020-09-20,78.12,Chandigarh
Chandigarh,2020-09-21,78.12,Chandigarh
Chandigarh,2020-09-22,78.04,Chandigarh
Chandigarh,2020-09-23,78.04,Chandigarh
Chandigarh,2020-09-24,78.04,Chandigarh
Chandigarh,2020-09-25,78.04,Chandigarh
Chandigarh,2020-09-26,78.04,Chandigarh
Chandigarh,2020-09-27,78.04,Chandigarh
Chandigarh,2020-09-28,78.04,Chandigarh
Chandigarh,2020-09-29,78.04,Chandigarh
Chandigarh,2020-09-30,78.04,Chandigarh
Chandigarh,2020-10-01,78.04,Chandigarh
Chandigarh,2020-10-02,78.04,Chandigarh
Chandigarh,2020-10-03,78.04,Chandigarh
Chandigarh,2020-10-04,78.04,Chandigarh
Chandigarh,2020-10-05,78.04,Chandigarh
Chandigarh,2020-10-06,78.04,Chandigarh
Chandigarh,2020-10-07,78.04,Chandigarh
Chandigarh,2020-10-08,78.04,Chandigarh
Chandigarh,2020-10-09,78.04,Chandigarh
Chandigarh,2020-10-10,78.04,Chandigarh
Chandigarh,2020-10-11,78.04,Chandigarh
Chandigarh,2020-10-12,78.04,Chandigarh
Chandigarh,2020-10-13,78.04,Chandigarh
Chandigarh,2020-10-14,78.04,Chandigarh
Chandigarh,2020-10-15,78.04,Chandigarh
Chandigarh,2020-10-16,78.04,Chandigarh
Chandigarh,2020-10-17,78.04,Chandigarh
Chandigarh,2020-10-18,78.04,Chandigarh
Chandigarh,2020-10-19,78.04,Chandigarh
Chandigarh,2020-10-20,78.04,Chandigarh
Chandigarh,2020-10-21,78.04,Chandigarh
Chandigarh,2020-10-22,78.04,Chandigarh
Chandigarh,2020-10-23,78.04,Chandigarh
Chandigarh,2020-10-24,78.04,Chandigarh
Chandigarh,2020-10-25,78.04,Chandigarh
Chandigarh,2020-10-26,78.04,Chandigarh
Chandigarh,2020-10-27,78.04,Chandigarh
Chandigarh,2020-10-28,78.04,Chandigarh
Chandigarh,2020-10-29,78.04,Chandigarh
Chandigarh,2020-10-30,78.04,Chandigarh
Chandigarh,2020-10-31,78.04,Chandigarh
Chandigarh,2020-11-01,78.04,Chandigarh
Chandigarh,2020-11-02,78.04,Chandigarh
Chandigarh,2020-11-03,78.04,Chandigarh
Chandigarh,2020-11-04,78.04,Chandigarh
Chandigarh,2020-11-05,78.04,Chandigarh
Chandigarh,2020-11-06,78.04,Chandigarh
Chandigarh,2020-11-07,78.04,Chandigarh
Chandigarh,2020-11-08,78.04,Chandigarh
Chandigarh,2020-11-09,78.04,Chandigarh
Chandigarh,2020-11-10,78.04,Chandigarh
Chandigarh,2020-11-11,78.04,Chandigarh
Chandigarh,2020-11-12,78.04,Chandigarh
Chandigarh,2020-11-13,78.04,Chandigarh
Chandigarh,2020-11-14,78.04,Chandigarh
Chandigarh,2020-11-15,78.04,Chandigarh
Chandigarh,2020-11-16,78.04,Chandigarh
Chandigarh,2020-11-17,78.04,Chandigarh
Chandigarh,2020-11-18,78.04,Chandigarh
Chandigarh,2020-11-19,78.04,Chandigarh
Chandigarh,2020-11-20,78.22,Chandigarh
Chandigarh,2020-11-21,78.35,Chandigarh
Chandigarh,2020-11-22,78.4,Chandigarh
Chandigarh,2020-11-23,78.46,Chandigarh
Chandigarh,2020-11-24,78.52,Chandigarh
Chandigarh,2020-11-25,78.52,Chandigarh
Chandigarh,2020-11-26,78.63,Chandigarh
Chandigarh,2020-11-27,78.81,Chandigarh
Chandigarh,2020-11-28,79.04,Chandigarh
Chandigarh,2020-11-29,79.24,Chandigarh
Chandigarh,2020-11-30,79.24,Chandigarh
Chandigarh,2020-12-01,79.24,Chandigarh
Chandigarh,2020-12-02,79.38,Chandigarh
Chandigarh,2020-12-03,79.55,Chandigarh
Chandigarh,2020-12-04,79.74,Chandigarh
Chandigarh,2020-12-05,80.0,Chandigarh
Chandigarh,2020-12-06,80.26,Chandigarh
Chandigarh,2020-12-07,80.55,Chandigarh
Chandigarh,2020-12-08,80.55,Chandigarh
Chandigarh,2020-12-09,80.55,Chandigarh
Chandigarh,2020-12-10,80.55,Chandigarh
Chandigarh,2020-12-11,80.55,Chandigarh
Chandigarh,2020-12-12,80.55,Chandigarh
Chandigarh,2020-12-13,80.55,Chandigarh
Chandigarh,2020-12-14,80.55,Chandigarh
Chandigarh,2020-12-15,80.55,Chandigarh
Chandigarh,2020-12-16,80.55,Chandigarh
Chandigarh,2020-12-17,80.55,Chandigarh
Chandigarh,2020-12-18,80.55,Chandigarh
Chandigarh,2020-12-19,80.55,Chandigarh
Chandigarh,2020-12-20,80.55,Chandigarh
Chandigarh,2020-12-21,80.55,Chandigarh
Chandigarh,2020-12-22,80.55,Chandigarh
Chandigarh,2020-12-23,80.55,Chandigarh
Chandigarh,2020-12-24,80.55,Chandigarh
Chandigarh,2020-12-25,80.55,Chandigarh
Chandigarh,2020-12-26,80.55,Chandigarh
Chandigarh,2020-12-27,80.55,Chandigarh
Chandigarh,2020-12-28,80.55,Chandigarh
Chandigarh,2020-12-29,80.55,Chandigarh
Chandigarh,2020-12-30,80.55,Chandigarh
Chandigarh,2020-12-31,80.55,Chandigarh
Chandigarh,2021-01-01,80.55,Chandigarh
Chandigarh,2021-01-02,80.55,Chandigarh
Chandigarh,2021-01-03,80.55,Chandigarh
Chandigarh,2021-01-04,80.55,Chandigarh
Chandigarh,2021-01-05,80.55,Chandigarh
Chandigarh,2021-01-06,80.82,Chandigarh
Chandigarh,2021-01-07,81.06,Chandigarh
Chandigarh,2021-01-08,81.06,Chandigarh
Chandigarh,2021-01-09,81.06,Chandigarh
Chandigarh,2021-01-10,81.06,Chandigarh
Chandigarh,2021-01-11,81.06,Chandigarh
Chandigarh,2021-01-12,81.06,Chandigarh
Chandigarh,2021-01-13,81.3,Chandigarh
Chandigarh,2021-01-14,81.54,Chandigarh
Chandigarh,2021-01-15,81.54,Chandigarh
Chandigarh,2021-01-16,81.54,Chandigarh
Chandigarh,2021-01-17,81.54,Chandigarh
Chandigarh,2021-01-18,81.78,Chandigarh
Chandigarh,2021-01-19,82.02,Chandigarh
Chandigarh,2021-01-20,82.02,Chandigarh
Chandigarh,2021-01-21,82.02,Chandigarh
Chandigarh,2021-01-22,82.26,Chandigarh
Chandigarh,2021-01-23,82.5,Chandigarh
Chandigarh,2021-01-24,82.5,Chandigarh
Chandigarh,2021-01-25,82.5,Chandigarh
Chandigarh,2021-01-26,82.83,Chandigarh
Chandigarh,2021-01-27,83.07,Chandigarh
Chandigarh,2021-01-28,83.07,Chandigarh
Chandigarh,2021-01-29,83.07,Chandigarh
Chandigarh,2021-01-30,83.07,Chandigarh
Chandigarh,2021-01-31,83.07,Chandigarh
Chandigarh,2021-02-01,83.07,Chandigarh
Chandigarh,2021-02-02,83.07,Chandigarh
Chandigarh,2021-02-03,83.07,Chandigarh
Chandigarh,2021-02-04,83.38,Chandigarh
Chandigarh,2021-02-05,83.67,Chandigarh
Chandigarh,2021-02-06,83.67,Chandigarh
Chandigarh,2021-02-07,83.67,Chandigarh
Chandigarh,2021-02-08,83.67,Chandigarh
Chandigarh,2021-02-09,84.0,Chandigarh
Chandigarh,2021-02-10,84.29,Chandigarh
Chandigarh,2021-02-11,84.53,Chandigarh
Chandigarh,2021-02-12,84.81,Chandigarh
Chandigarh,2021-02-13,85.09,Chandigarh
Chandigarh,2021-02-14,85.37,Chandigarh
Chandigarh,2021-02-15,85.62,Chandigarh
Chandigarh,2021-02-16,85.91,Chandigarh
Chandigarh,2021-02-17,86.15,Chandigarh
Chandigarh,2021-02-18,86.47,Chandigarh
Chandigarh,2021-02-19,86.77,Chandigarh
Chandigarh,2021-02-20,87.14,Chandigarh
Chandigarh,2021-02-21,87.14,Chandigarh
Chandigarh,2021-02-22,87.14,Chandigarh
Chandigarh,2021-02-23,87.48,Chandigarh
Chandigarh,2021-02-24,87.48,Chandigarh
Chandigarh,2021-02-25,87.48,Chandigarh
Chandigarh,2021-02-26,87.48,Chandigarh
Chandigarh,2021-02-27,87.71,Chandigarh
Chandigarh,2021-02-28,87.71,Chandigarh
Chandigarh,2021-03-01,87.71,Chandigarh
