city,date,rate,district
Ambikapur,2016-04-05,63.31,Chhattisgarh
Ambikapur,2016-04-16,62.57,Chhattisgarh
Ambikapur,2016-05-01,63.62,Chhattisgarh
Ambikapur,2016-05-17,64.45,Chhattisgarh
Ambikapur,2016-06-01,67.01,Chhattisgarh
Ambikapur,2016-06-15,67.06,Chhattisgarh
Ambikapur,2016-07-01,66.16,Chhattisgarh
Ambikapur,2016-07-15,63.93,Chhattisgarh
Ambikapur,2016-08-01,62.52,Chhattisgarh
Ambikapur,2016-08-15,61.53,Chhattisgarh
Ambikapur,2016-09-01,64.88,Chhattisgarh
Ambikapur,2016-09-15,65.64,Chhattisgarh
Ambikapur,2016-10-01,66.01,Chhattisgarh
Ambikapur,2016-10-05,66.12,Chhattisgarh
Ambikapur,2016-10-15,67.84,Chhattisgarh
Ambikapur,2016-11-06,69.01,Chhattisgarh
Ambikapur,2016-11-16,67.29,Chhattisgarh
Ambikapur,2016-12-01,67.46,Chhattisgarh
Ambikapur,2016-12-17,70.29,Chhattisgarh
Ambikapur,2017-01-01,71.93,Chhattisgarh
Ambikapur,2017-01-16,72.47,Chhattisgarh
Ambikapur,2017-04-01,68.2,Chhattisgarh
Ambikapur,2017-04-16,69.96,Chhattisgarh
Ambikapur,2017-05-01,69.98,Chhattisgarh
Ambikapur,2017-05-16,67.26,Chhattisgarh
Ambikapur,2017-06-01,68.91,Chhattisgarh
Ambikapur,2017-06-16,67.16,Chhattisgarh
Ambikapur,2017-06-19,66.33,Chhattisgarh
Ambikapur,2017-06-21,66.23,Chhattisgarh
Ambikapur,2017-06-26,65.24,Chhattisgarh
Ambikapur,2017-06-30,65.0,Chhattisgarh
Ambikapur,2017-07-03,64.22,Chhattisgarh
Ambikapur,2017-07-10,64.91,Chhattisgarh
Ambikapur,2017-07-13,72.21,Chhattisgarh
Ambikapur,2017-07-17,65.22,Chhattisgarh
Ambikapur,2017-07-24,65.6,Chhattisgarh
Ambikapur,2017-08-01,66.29,Chhattisgarh
Ambikapur,2017-08-07,67.52,Chhattisgarh
Ambikapur,2017-08-14,68.82,Chhattisgarh
Ambikapur,2017-08-21,69.4,Chhattisgarh
Ambikapur,2017-08-28,69.94,Chhattisgarh
Ambikapur,2017-09-04,70.92,Chhattisgarh
Ambikapur,2017-09-11,71.6,Chhattisgarh
Ambikapur,2017-09-19,71.82,Chhattisgarh
Ambikapur,2017-09-25,71.71,Chhattisgarh
Ambikapur,2017-10-03,72.16,Chhattisgarh
Ambikapur,2017-10-04,69.73,Chhattisgarh
Ambikapur,2017-10-09,69.78,Chhattisgarh
Ambikapur,2017-10-16,69.62,Chhattisgarh
Ambikapur,2017-10-24,69.92,Chhattisgarh
Ambikapur,2017-10-30,70.39,Chhattisgarh
Ambikapur,2017-11-06,71.04,Chhattisgarh
Ambikapur,2017-11-13,71.1,Chhattisgarh
Ambikapur,2017-11-20,70.83,Chhattisgarh
Ambikapur,2017-11-27,70.61,Chhattisgarh
Ambikapur,2017-12-05,70.58,Chhattisgarh
Ambikapur,2017-12-11,70.45,Chhattisgarh
Ambikapur,2017-12-18,70.52,Chhattisgarh
Ambikapur,2017-12-26,70.95,Chhattisgarh
Ambikapur,2018-01-01,71.29,Chhattisgarh
Ambikapur,2018-01-02,71.49,Chhattisgarh
Ambikapur,2018-01-05,71.3,Chhattisgarh
Ambikapur,2018-01-08,71.73,Chhattisgarh
Ambikapur,2018-01-09,71.78,Chhattisgarh
Ambikapur,2018-01-10,71.85,Chhattisgarh
Ambikapur,2018-01-11,71.89,Chhattisgarh
Ambikapur,2018-01-12,71.95,Chhattisgarh
Ambikapur,2018-01-15,72.38,Chhattisgarh
Ambikapur,2018-01-16,72.47,Chhattisgarh
Ambikapur,2018-01-17,72.58,Chhattisgarh
Ambikapur,2018-01-18,72.75,Chhattisgarh
Ambikapur,2018-01-19,72.89,Chhattisgarh
Ambikapur,2018-01-22,73.41,Chhattisgarh
Ambikapur,2018-01-23,73.56,Chhattisgarh
Ambikapur,2018-01-24,73.61,Chhattisgarh
Ambikapur,2018-01-25,73.66,Chhattisgarh
Ambikapur,2018-01-29,74.01,Chhattisgarh
Ambikapur,2018-01-30,74.09,Chhattisgarh
Ambikapur,2018-02-01,74.21,Chhattisgarh
Ambikapur,2018-02-02,74.26,Chhattisgarh
Ambikapur,2018-02-05,74.47,Chhattisgarh
Ambikapur,2018-02-06,74.54,Chhattisgarh
Ambikapur,2018-02-08,74.53,Chhattisgarh
Ambikapur,2018-02-09,74.51,Chhattisgarh
Ambikapur,2018-02-12,74.18,Chhattisgarh
Ambikapur,2018-02-13,74.11,Chhattisgarh
Ambikapur,2018-02-15,73.96,Chhattisgarh
Ambikapur,2018-02-16,73.69,Chhattisgarh
Ambikapur,2018-02-19,73.11,Chhattisgarh
Ambikapur,2018-02-20,72.92,Chhattisgarh
Ambikapur,2018-02-21,72.91,Chhattisgarh
Ambikapur,2018-02-22,72.89,Chhattisgarh
Ambikapur,2018-02-23,72.8,Chhattisgarh
Ambikapur,2018-02-26,72.72,Chhattisgarh
Ambikapur,2018-02-27,72.7,Chhattisgarh
Ambikapur,2018-03-01,72.83,Chhattisgarh
Ambikapur,2018-03-02,73.01,Chhattisgarh
Ambikapur,2018-03-05,73.57,Chhattisgarh
Ambikapur,2018-03-06,73.64,Chhattisgarh
Ambikapur,2018-03-09,73.68,Chhattisgarh
Ambikapur,2018-03-12,73.7,Chhattisgarh
Ambikapur,2018-03-13,73.72,Chhattisgarh
Ambikapur,2018-03-15,73.7,Chhattisgarh
Ambikapur,2018-03-16,73.62,Chhattisgarh
Ambikapur,2018-03-19,73.44,Chhattisgarh
Ambikapur,2018-03-20,73.45,Chhattisgarh
Ambikapur,2018-03-22,73.51,Chhattisgarh
Ambikapur,2018-03-23,73.55,Chhattisgarh
Ambikapur,2018-03-26,74.03,Chhattisgarh
Ambikapur,2018-03-27,74.14,Chhattisgarh
Ambikapur,2018-03-29,74.31,Chhattisgarh
Ambikapur,2018-03-30,74.54,Chhattisgarh
Ambikapur,2018-04-02,75.03,Chhattisgarh
Ambikapur,2018-04-03,75.16,Chhattisgarh
Ambikapur,2018-04-05,75.19,Chhattisgarh
Ambikapur,2018-04-09,75.2,Chhattisgarh
Ambikapur,2018-04-10,75.19,Chhattisgarh
Ambikapur,2018-04-12,75.15,Chhattisgarh
Ambikapur,2018-04-13,75.12,Chhattisgarh
Ambikapur,2018-04-16,75.22,Chhattisgarh
Ambikapur,2018-04-19,75.27,Chhattisgarh
Ambikapur,2018-04-20,75.28,Chhattisgarh
Ambikapur,2018-04-23,75.7,Chhattisgarh
Ambikapur,2018-04-24,75.82,Chhattisgarh
Ambikapur,2018-05-14,76.04,Chhattisgarh
Ambikapur,2018-05-15,76.18,Chhattisgarh
Ambikapur,2018-05-16,76.33,Chhattisgarh
Ambikapur,2018-05-17,76.55,Chhattisgarh
Ambikapur,2018-05-18,76.04,Chhattisgarh
Ambikapur,2018-05-21,77.78,Chhattisgarh
Ambikapur,2018-05-22,78.07,Chhattisgarh
Ambikapur,2018-05-23,78.36,Chhattisgarh
Ambikapur,2018-05-24,78.66,Chhattisgarh
Ambikapur,2018-05-25,79.01,Chhattisgarh
Ambikapur,2018-05-26,79.15,Chhattisgarh
Ambikapur,2018-05-27,79.3,Chhattisgarh
Ambikapur,2018-05-28,79.45,Chhattisgarh
Ambikapur,2018-05-29,79.6,Chhattisgarh
Ambikapur,2018-05-31,79.52,Chhattisgarh
Ambikapur,2018-06-01,79.46,Chhattisgarh
Ambikapur,2018-06-02,79.38,Chhattisgarh
Ambikapur,2018-06-03,79.29,Chhattisgarh
Ambikapur,2018-06-04,79.14,Chhattisgarh
Ambikapur,2018-06-05,79.01,Chhattisgarh
Ambikapur,2018-06-06,78.91,Chhattisgarh
Ambikapur,2018-06-07,78.82,Chhattisgarh
Ambikapur,2018-06-08,78.61,Chhattisgarh
Ambikapur,2018-06-09,78.22,Chhattisgarh
Ambikapur,2018-06-10,77.98,Chhattisgarh
Ambikapur,2018-06-11,77.79,Chhattisgarh
Ambikapur,2018-06-12,77.64,Chhattisgarh
Ambikapur,2018-06-15,77.56,Chhattisgarh
Ambikapur,2018-06-19,77.48,Chhattisgarh
Ambikapur,2018-06-21,77.37,Chhattisgarh
Ambikapur,2018-06-22,77.24,Chhattisgarh
Ambikapur,2018-06-23,77.15,Chhattisgarh
Ambikapur,2018-06-24,77.01,Chhattisgarh
Ambikapur,2018-06-25,76.91,Chhattisgarh
Ambikapur,2018-06-26,76.77,Chhattisgarh
Ambikapur,2018-07-05,76.93,Chhattisgarh
Ambikapur,2018-07-06,77.07,Chhattisgarh
Ambikapur,2018-07-09,77.57,Chhattisgarh
Ambikapur,2018-07-10,77.74,Chhattisgarh
Ambikapur,2018-07-12,77.8,Chhattisgarh
Ambikapur,2018-07-13,77.96,Chhattisgarh
Ambikapur,2018-07-16,78.04,Chhattisgarh
Ambikapur,2018-07-20,77.88,Chhattisgarh
Ambikapur,2018-07-23,77.57,Chhattisgarh
Ambikapur,2018-07-24,77.5,Chhattisgarh
Ambikapur,2018-07-30,77.52,Chhattisgarh
Ambikapur,2018-07-31,77.58,Chhattisgarh
Ambikapur,2018-08-02,77.74,Chhattisgarh
Ambikapur,2018-08-03,77.81,Chhattisgarh
Ambikapur,2018-08-06,78.27,Chhattisgarh
Ambikapur,2018-08-07,78.36,Chhattisgarh
Ambikapur,2018-08-13,78.44,Chhattisgarh
Ambikapur,2018-08-16,78.49,Chhattisgarh
Ambikapur,2018-08-20,78.79,Chhattisgarh
Ambikapur,2018-08-21,78.88,Chhattisgarh
Ambikapur,2018-08-24,78.96,Chhattisgarh
Ambikapur,2018-08-25,73.46,Chhattisgarh
Ambikapur,2018-08-26,73.54,Chhattisgarh
Ambikapur,2018-08-27,79.2,Chhattisgarh
Ambikapur,2018-08-28,79.34,Chhattisgarh
Ambikapur,2018-08-29,79.46,Chhattisgarh
Ambikapur,2018-08-30,79.58,Chhattisgarh
Ambikapur,2018-08-31,79.8,Chhattisgarh
Ambikapur,2018-09-03,80.46,Chhattisgarh
Ambikapur,2018-09-04,80.61,Chhattisgarh
Ambikapur,2018-09-06,80.81,Chhattisgarh
Ambikapur,2018-09-07,81.28,Chhattisgarh
Ambikapur,2018-09-10,82.01,Chhattisgarh
Ambikapur,2018-09-11,82.14,Chhattisgarh
Ambikapur,2018-09-13,82.27,Chhattisgarh
Ambikapur,2018-09-14,82.55,Chhattisgarh
Ambikapur,2018-09-15,82.89,Chhattisgarh
Ambikapur,2018-09-16,83.17,Chhattisgarh
Ambikapur,2018-09-17,83.31,Chhattisgarh
Ambikapur,2018-09-18,83.41,Chhattisgarh
Ambikapur,2018-09-20,83.47,Chhattisgarh
Ambikapur,2018-09-21,83.57,Chhattisgarh
Ambikapur,2018-09-23,83.84,Chhattisgarh
Ambikapur,2018-09-24,83.95,Chhattisgarh
Ambikapur,2018-09-25,84.09,Chhattisgarh
Ambikapur,2018-09-27,84.22,Chhattisgarh
Ambikapur,2018-09-28,84.44,Chhattisgarh
Ambikapur,2018-09-30,84.7,Chhattisgarh
Ambikapur,2018-10-01,84.93,Chhattisgarh
Ambikapur,2018-10-02,85.03,Chhattisgarh
Ambikapur,2018-10-04,85.17,Chhattisgarh
Ambikapur,2018-10-05,80.22,Chhattisgarh
Ambikapur,2018-10-06,80.39,Chhattisgarh
Ambikapur,2018-10-07,80.52,Chhattisgarh
Ambikapur,2018-10-08,80.72,Chhattisgarh
Ambikapur,2018-10-09,80.94,Chhattisgarh
Ambikapur,2018-10-11,81.03,Chhattisgarh
Ambikapur,2018-10-12,81.15,Chhattisgarh
Ambikapur,2018-10-13,81.32,Chhattisgarh
Ambikapur,2018-10-14,81.38,Chhattisgarh
Ambikapur,2018-10-16,81.48,Chhattisgarh
Ambikapur,2018-10-18,81.28,Chhattisgarh
Ambikapur,2018-10-19,81.05,Chhattisgarh
Ambikapur,2018-10-20,80.68,Chhattisgarh
Ambikapur,2018-10-22,80.16,Chhattisgarh
Ambikapur,2018-10-23,80.06,Chhattisgarh
Ambikapur,2018-10-24,79.98,Chhattisgarh
Ambikapur,2018-10-25,79.84,Chhattisgarh
Ambikapur,2018-10-26,79.6,Chhattisgarh
Ambikapur,2018-10-29,78.55,Chhattisgarh
Ambikapur,2018-10-30,78.36,Chhattisgarh
Ambikapur,2018-11-01,78.19,Chhattisgarh
Ambikapur,2018-11-02,78.1,Chhattisgarh
Ambikapur,2018-11-05,77.53,Chhattisgarh
Ambikapur,2018-11-06,77.4,Chhattisgarh
Ambikapur,2018-11-12,76.58,Chhattisgarh
Ambikapur,2018-11-13,76.46,Chhattisgarh
Ambikapur,2018-11-15,76.31,Chhattisgarh
Ambikapur,2018-11-16,76.14,Chhattisgarh
Ambikapur,2018-11-19,75.59,Chhattisgarh
Ambikapur,2018-11-20,75.46,Chhattisgarh
Ambikapur,2018-11-22,75.07,Chhattisgarh
Ambikapur,2018-11-23,74.69,Chhattisgarh
Ambikapur,2018-11-26,73.66,Chhattisgarh
Ambikapur,2018-11-27,73.26,Chhattisgarh
Ambikapur,2018-11-28,72.79,Chhattisgarh
Ambikapur,2018-11-29,72.47,Chhattisgarh
Ambikapur,2018-11-30,72.12,Chhattisgarh
Ambikapur,2018-12-01,71.79,Chhattisgarh
Ambikapur,2018-12-02,71.49,Chhattisgarh
Ambikapur,2018-12-03,71.19,Chhattisgarh
Ambikapur,2018-12-04,70.99,Chhattisgarh
Ambikapur,2018-12-06,70.61,Chhattisgarh
Ambikapur,2018-12-07,70.23,Chhattisgarh
Ambikapur,2018-12-10,69.65,Chhattisgarh
Ambikapur,2018-12-11,69.5,Chhattisgarh
Ambikapur,2018-12-13,69.58,Chhattisgarh
Ambikapur,2018-12-17,69.81,Chhattisgarh
Ambikapur,2018-12-18,69.91,Chhattisgarh
Ambikapur,2018-12-21,69.75,Chhattisgarh
Ambikapur,2018-12-24,69.18,Chhattisgarh
Ambikapur,2018-12-25,69.11,Chhattisgarh
Ambikapur,2018-12-27,69.06,Chhattisgarh
Ambikapur,2018-12-28,68.88,Chhattisgarh
Ambikapur,2018-12-31,68.21,Chhattisgarh
Ambikapur,2019-01-02,68.11,Chhattisgarh
Ambikapur,2019-01-04,67.91,Chhattisgarh
Ambikapur,2019-01-07,67.97,Chhattisgarh
Ambikapur,2019-01-10,68.33,Chhattisgarh
Ambikapur,2019-01-11,68.51,Chhattisgarh
Ambikapur,2019-01-14,69.52,Chhattisgarh
Ambikapur,2019-01-16,69.71,Chhattisgarh
Ambikapur,2019-01-17,69.84,Chhattisgarh
Ambikapur,2019-01-18,69.92,Chhattisgarh
Ambikapur,2019-01-21,70.48,Chhattisgarh
Ambikapur,2019-01-22,70.6,Chhattisgarh
Ambikapur,2019-01-29,70.53,Chhattisgarh
Ambikapur,2019-01-31,70.43,Chhattisgarh
Ambikapur,2019-02-01,70.22,Chhattisgarh
Ambikapur,2019-02-05,69.75,Chhattisgarh
Ambikapur,2019-02-08,69.69,Chhattisgarh
Ambikapur,2019-02-11,69.64,Chhattisgarh
Ambikapur,2019-02-14,69.7,Chhattisgarh
Ambikapur,2019-02-15,69.77,Chhattisgarh
Ambikapur,2019-02-18,70.19,Chhattisgarh
Ambikapur,2019-02-19,70.29,Chhattisgarh
Ambikapur,2019-02-22,70.56,Chhattisgarh
Ambikapur,2019-02-25,70.83,Chhattisgarh
Ambikapur,2019-02-26,70.92,Chhattisgarh
Ambikapur,2019-02-28,70.98,Chhattisgarh
Ambikapur,2019-03-01,71.08,Chhattisgarh
Ambikapur,2019-03-04,71.42,Chhattisgarh
Ambikapur,2019-03-05,71.49,Chhattisgarh
Ambikapur,2019-03-11,71.7,Chhattisgarh
Ambikapur,2019-03-12,71.65,Chhattisgarh
Ambikapur,2019-03-14,71.72,Chhattisgarh
Ambikapur,2019-03-15,71.79,Chhattisgarh
Ambikapur,2019-03-18,72.0,Chhattisgarh
Ambikapur,2019-03-21,71.94,Chhattisgarh
Ambikapur,2019-03-22,71.99,Chhattisgarh
Ambikapur,2019-03-23,72.03,Chhattisgarh
Ambikapur,2019-03-24,72.08,Chhattisgarh
Ambikapur,2019-03-28,72.03,Chhattisgarh
Ambikapur,2019-03-29,72.02,Chhattisgarh
Ambikapur,2019-04-01,72.09,Chhattisgarh
Ambikapur,2019-04-05,72.13,Chhattisgarh
Ambikapur,2019-04-08,72.08,Chhattisgarh
Ambikapur,2019-04-09,72.03,Chhattisgarh
Ambikapur,2019-04-12,72.09,Chhattisgarh
Ambikapur,2019-04-15,72.2,Chhattisgarh
Ambikapur,2019-04-16,72.15,Chhattisgarh
Ambikapur,2019-04-20,72.22,Chhattisgarh
Ambikapur,2019-04-22,72.17,Chhattisgarh
Ambikapur,2019-04-25,72.24,Chhattisgarh
Ambikapur,2019-04-27,72.3,Chhattisgarh
Ambikapur,2019-04-30,72.34,Chhattisgarh
Ambikapur,2019-05-02,72.24,Chhattisgarh
Ambikapur,2019-05-04,72.25,Chhattisgarh
Ambikapur,2019-05-05,72.19,Chhattisgarh
Ambikapur,2019-05-06,72.13,Chhattisgarh
Ambikapur,2019-05-09,71.97,Chhattisgarh
Ambikapur,2019-05-10,71.77,Chhattisgarh
Ambikapur,2019-05-11,71.32,Chhattisgarh
Ambikapur,2019-05-12,70.92,Chhattisgarh
Ambikapur,2019-05-13,70.63,Chhattisgarh
Ambikapur,2019-05-14,70.4,Chhattisgarh
Ambikapur,2019-05-17,70.32,Chhattisgarh
Ambikapur,2019-05-18,70.25,Chhattisgarh
Ambikapur,2019-05-20,70.34,Chhattisgarh
Ambikapur,2019-05-21,70.39,Chhattisgarh
Ambikapur,2019-05-23,70.46,Chhattisgarh
Ambikapur,2019-05-24,70.6,Chhattisgarh
Ambikapur,2019-05-25,70.73,Chhattisgarh
Ambikapur,2019-05-26,70.86,Chhattisgarh
Ambikapur,2019-05-27,70.96,Chhattisgarh
Ambikapur,2019-05-28,71.04,Chhattisgarh
Ambikapur,2019-05-30,70.99,Chhattisgarh
Ambikapur,2019-05-31,70.92,Chhattisgarh
Ambikapur,2019-06-01,70.88,Chhattisgarh
Ambikapur,2019-06-02,70.77,Chhattisgarh
Ambikapur,2019-06-03,70.58,Chhattisgarh
Ambikapur,2019-06-04,70.51,Chhattisgarh
Ambikapur,2019-06-06,70.36,Chhattisgarh
Ambikapur,2019-06-07,70.24,Chhattisgarh
Ambikapur,2019-06-10,69.75,Chhattisgarh
Ambikapur,2019-06-13,69.68,Chhattisgarh
Ambikapur,2019-06-14,69.51,Chhattisgarh
Ambikapur,2019-06-15,69.33,Chhattisgarh
Ambikapur,2019-06-16,69.28,Chhattisgarh
Ambikapur,2019-06-24,69.39,Chhattisgarh
Ambikapur,2019-06-27,69.46,Chhattisgarh
Ambikapur,2019-06-28,69.51,Chhattisgarh
Ambikapur,2019-06-29,69.61,Chhattisgarh
Ambikapur,2019-06-30,69.7,Chhattisgarh
Ambikapur,2019-07-01,69.79,Chhattisgarh
Ambikapur,2019-07-02,69.85,Chhattisgarh
Ambikapur,2019-07-06,72.17,Chhattisgarh
Ambikapur,2019-07-09,72.12,Chhattisgarh
Ambikapur,2019-07-13,72.21,Chhattisgarh
Ambikapur,2019-07-14,72.3,Chhattisgarh
Ambikapur,2019-07-15,72.42,Chhattisgarh
Ambikapur,2019-07-16,72.48,Chhattisgarh
Ambikapur,2019-07-18,72.55,Chhattisgarh
Ambikapur,2019-07-23,72.61,Chhattisgarh
Ambikapur,2019-07-25,72.55,Chhattisgarh
Ambikapur,2019-07-26,72.5,Chhattisgarh
Ambikapur,2019-07-27,72.45,Chhattisgarh
Ambikapur,2019-07-28,72.35,Chhattisgarh
Ambikapur,2019-07-29,72.21,Chhattisgarh
Ambikapur,2019-07-30,72.09,Chhattisgarh
Ambikapur,2019-08-01,72.03,Chhattisgarh
Ambikapur,2019-08-02,71.88,Chhattisgarh
Ambikapur,2019-08-03,71.81,Chhattisgarh
Ambikapur,2019-08-04,71.76,Chhattisgarh
Ambikapur,2019-08-05,71.62,Chhattisgarh
Ambikapur,2019-08-06,71.54,Chhattisgarh
Ambikapur,2019-08-08,73.7,Chhattisgarh
Ambikapur,2019-08-09,73.55,Chhattisgarh
Ambikapur,2019-08-11,73.46,Chhattisgarh
Ambikapur,2019-08-18,73.38,Chhattisgarh
Ambikapur,2019-08-19,73.31,Chhattisgarh
Ambikapur,2019-08-24,73.39,Chhattisgarh
Ambikapur,2019-08-25,73.46,Chhattisgarh
Ambikapur,2019-08-26,73.54,Chhattisgarh
Ambikapur,2019-08-27,73.54,Chhattisgarh
Ambikapur,2019-08-29,73.48,Chhattisgarh
Ambikapur,2019-09-05,73.45,Chhattisgarh
Ambikapur,2019-09-06,73.37,Chhattisgarh
Ambikapur,2019-09-07,73.28,Chhattisgarh
Ambikapur,2019-09-08,73.22,Chhattisgarh
Ambikapur,2019-09-10,73.27,Chhattisgarh
Ambikapur,2019-09-12,73.33,Chhattisgarh
Ambikapur,2019-09-13,73.4,Chhattisgarh
Ambikapur,2019-09-14,73.47,Chhattisgarh
Ambikapur,2019-09-15,73.53,Chhattisgarh
Ambikapur,2019-09-17,73.67,Chhattisgarh
Ambikapur,2019-09-18,73.92,Chhattisgarh
Ambikapur,2019-09-19,74.2,Chhattisgarh
Ambikapur,2019-09-20,74.54,Chhattisgarh
Ambikapur,2019-09-21,74.83,Chhattisgarh
Ambikapur,2019-09-22,75.09,Chhattisgarh
Ambikapur,2019-09-23,75.38,Chhattisgarh
Ambikapur,2019-09-24,75.59,Chhattisgarh
Ambikapur,2019-09-26,75.65,Chhattisgarh
Ambikapur,2019-09-27,75.8,Chhattisgarh
Ambikapur,2019-09-30,75.88,Chhattisgarh
Ambikapur,2019-10-01,76.09,Chhattisgarh
Ambikapur,2019-10-03,75.99,Chhattisgarh
Ambikapur,2019-10-04,75.82,Chhattisgarh
Ambikapur,2019-10-05,75.53,Chhattisgarh
Ambikapur,2019-10-07,75.26,Chhattisgarh
Ambikapur,2019-10-08,75.09,Chhattisgarh
Ambikapur,2019-10-10,75.04,Chhattisgarh
Ambikapur,2019-10-11,74.92,Chhattisgarh
Ambikapur,2019-10-12,74.82,Chhattisgarh
Ambikapur,2019-10-15,74.77,Chhattisgarh
Ambikapur,2019-10-19,74.78,Chhattisgarh
Ambikapur,2019-10-22,74.73,Chhattisgarh
Ambikapur,2019-10-24,74.68,Chhattisgarh
Ambikapur,2019-10-25,74.57,Chhattisgarh
Ambikapur,2019-10-26,74.49,Chhattisgarh
Ambikapur,2019-10-29,74.43,Chhattisgarh
Ambikapur,2019-11-01,74.31,Chhattisgarh
Ambikapur,2019-11-02,74.24,Chhattisgarh
Ambikapur,2019-11-03,74.19,Chhattisgarh
Ambikapur,2019-11-04,74.11,Chhattisgarh
Ambikapur,2019-11-05,74.06,Chhattisgarh
Ambikapur,2019-11-08,74.16,Chhattisgarh
Ambikapur,2019-11-09,74.3,Chhattisgarh
Ambikapur,2019-11-10,74.5,Chhattisgarh
Ambikapur,2019-11-11,74.65,Chhattisgarh
Ambikapur,2019-11-13,74.74,Chhattisgarh
Ambikapur,2019-11-14,74.89,Chhattisgarh
Ambikapur,2019-11-15,75.07,Chhattisgarh
Ambikapur,2019-11-16,75.21,Chhattisgarh
Ambikapur,2019-11-17,75.32,Chhattisgarh
Ambikapur,2019-11-18,75.48,Chhattisgarh
Ambikapur,2019-11-19,75.63,Chhattisgarh
Ambikapur,2019-11-22,75.78,Chhattisgarh
Ambikapur,2019-11-23,75.86,Chhattisgarh
Ambikapur,2019-11-24,75.96,Chhattisgarh
Ambikapur,2019-11-25,76.08,Chhattisgarh
Ambikapur,2019-11-26,76.18,Chhattisgarh
Ambikapur,2019-11-29,76.23,Chhattisgarh
Ambikapur,2019-11-30,76.283,Chhattisgarh
Ambikapur,2019-12-01,76.39,Chhattisgarh
Ambikapur,2019-12-07,76.3,Chhattisgarh
Ambikapur,2019-12-08,76.39,Chhattisgarh
Ambikapur,2019-12-09,76.44,Chhattisgarh
Ambikapur,2019-12-10,76.45,Chhattisgarh
Ambikapur,2019-12-12,76.4,Chhattisgarh
Ambikapur,2019-12-13,76.34,Chhattisgarh
Ambikapur,2019-12-14,76.29,Chhattisgarh
Ambikapur,2019-12-15,76.2,Chhattisgarh
Ambikapur,2019-12-16,76.15,Chhattisgarh
Ambikapur,2019-12-17,76.1,Chhattisgarh
Ambikapur,2019-12-19,76.09,Chhattisgarh
Ambikapur,2019-12-26,76.14,Chhattisgarh
Ambikapur,2019-12-27,76.2,Chhattisgarh
Ambikapur,2019-12-29,76.33,Chhattisgarh
Ambikapur,2019-12-30,76.49,Chhattisgarh
Ambikapur,2019-12-31,76.59,Chhattisgarh
Ambikapur,2020-01-02,76.72,Chhattisgarh
Ambikapur,2020-01-03,76.81,Chhattisgarh
Ambikapur,2020-01-04,76.91,Chhattisgarh
Ambikapur,2020-01-05,77.0,Chhattisgarh
Ambikapur,2020-01-06,77.15,Chhattisgarh
Ambikapur,2020-01-07,77.3,Chhattisgarh
Ambikapur,2020-01-08,77.2,Chhattisgarh
Ambikapur,2020-01-09,77.27,Chhattisgarh
Ambikapur,2020-01-10,77.41,Chhattisgarh
Ambikapur,2020-01-11,77.46,Chhattisgarh
Ambikapur,2020-01-12,77.36,Chhattisgarh
Ambikapur,2020-01-13,77.26,Chhattisgarh
Ambikapur,2020-01-14,77.16,Chhattisgarh
Ambikapur,2020-01-16,77.01,Chhattisgarh
Ambikapur,2020-01-17,76.87,Chhattisgarh
Ambikapur,2020-01-18,76.73,Chhattisgarh
Ambikapur,2020-01-19,76.56,Chhattisgarh
Ambikapur,2020-01-20,76.45,Chhattisgarh
Ambikapur,2020-01-21,76.29,Chhattisgarh
Ambikapur,2020-01-22,76.29,Chhattisgarh
Ambikapur,2020-01-23,76.11,Chhattisgarh
Ambikapur,2020-01-24,75.89,Chhattisgarh
Ambikapur,2020-01-25,75.64,Chhattisgarh
Ambikapur,2020-01-26,75.34,Chhattisgarh
Ambikapur,2020-01-27,75.2,Chhattisgarh
Ambikapur,2020-01-28,75.1,Chhattisgarh
Ambikapur,2020-01-29,75.1,Chhattisgarh
Ambikapur,2020-01-30,74.86,Chhattisgarh
Ambikapur,2020-01-31,74.77,Chhattisgarh
Ambikapur,2020-02-01,74.64,Chhattisgarh
Ambikapur,2020-02-02,74.54,Chhattisgarh
Ambikapur,2020-02-03,74.49,Chhattisgarh
Ambikapur,2020-02-04,74.44,Chhattisgarh
Ambikapur,2020-02-05,74.44,Chhattisgarh
Ambikapur,2020-02-06,74.34,Chhattisgarh
Ambikapur,2020-02-07,74.14,Chhattisgarh
Ambikapur,2020-02-08,73.91,Chhattisgarh
Ambikapur,2020-02-09,73.69,Chhattisgarh
Ambikapur,2020-02-10,73.66,Chhattisgarh
Ambikapur,2020-02-11,73.5,Chhattisgarh
Ambikapur,2020-02-12,73.5,Chhattisgarh
Ambikapur,2020-02-13,73.5,Chhattisgarh
Ambikapur,2020-02-14,73.5,Chhattisgarh
Ambikapur,2020-02-15,73.5,Chhattisgarh
Ambikapur,2020-02-17,73.5,Chhattisgarh
Ambikapur,2020-02-18,73.45,Chhattisgarh
Ambikapur,2020-02-19,73.45,Chhattisgarh
Ambikapur,2020-02-20,73.45,Chhattisgarh
Ambikapur,2020-02-21,73.45,Chhattisgarh
Ambikapur,2020-02-24,73.57,Chhattisgarh
Ambikapur,2020-02-25,73.57,Chhattisgarh
Ambikapur,2020-02-26,73.57,Chhattisgarh
Ambikapur,2020-02-27,73.52,Chhattisgarh
Ambikapur,2020-02-28,73.52,Chhattisgarh
Ambikapur,2020-02-29,73.45,Chhattisgarh
Ambikapur,2020-03-01,73.31,Chhattisgarh
Ambikapur,2020-03-02,73.1,Chhattisgarh
Ambikapur,2020-03-03,73.05,Chhattisgarh
Ambikapur,2020-03-04,73.05,Chhattisgarh
Ambikapur,2020-03-05,72.9,Chhattisgarh
Ambikapur,2020-03-06,72.75,Chhattisgarh
Ambikapur,2020-03-07,72.63,Chhattisgarh
Ambikapur,2020-03-08,72.45,Chhattisgarh
Ambikapur,2020-03-09,72.21,Chhattisgarh
Ambikapur,2020-03-10,71.91,Chhattisgarh
Ambikapur,2020-03-11,71.91,Chhattisgarh
Ambikapur,2020-03-12,71.77,Chhattisgarh
Ambikapur,2020-03-13,71.63,Chhattisgarh
Ambikapur,2020-03-14,71.5,Chhattisgarh
Ambikapur,2020-03-15,71.39,Chhattisgarh
Ambikapur,2020-03-16,71.23,Chhattisgarh
Ambikapur,2020-03-17,71.23,Chhattisgarh
Ambikapur,2020-03-18,71.23,Chhattisgarh
Ambikapur,2020-03-19,71.23,Chhattisgarh
Ambikapur,2020-03-20,71.23,Chhattisgarh
Ambikapur,2020-03-21,71.23,Chhattisgarh
Ambikapur,2020-03-22,71.23,Chhattisgarh
Ambikapur,2020-03-23,71.23,Chhattisgarh
Ambikapur,2020-03-24,71.23,Chhattisgarh
Ambikapur,2020-03-25,71.23,Chhattisgarh
Ambikapur,2020-03-26,71.23,Chhattisgarh
Ambikapur,2020-03-27,71.23,Chhattisgarh
Ambikapur,2020-03-28,71.23,Chhattisgarh
Ambikapur,2020-03-29,71.23,Chhattisgarh
Ambikapur,2020-03-30,71.23,Chhattisgarh
Ambikapur,2020-03-31,71.23,Chhattisgarh
Ambikapur,2020-04-01,71.23,Chhattisgarh
Ambikapur,2020-04-02,71.23,Chhattisgarh
Ambikapur,2020-04-03,71.23,Chhattisgarh
Ambikapur,2020-04-04,71.23,Chhattisgarh
Ambikapur,2020-04-05,71.23,Chhattisgarh
Ambikapur,2020-04-06,71.23,Chhattisgarh
Ambikapur,2020-04-07,71.23,Chhattisgarh
Ambikapur,2020-04-08,71.23,Chhattisgarh
Ambikapur,2020-04-09,71.23,Chhattisgarh
Ambikapur,2020-04-10,71.23,Chhattisgarh
Ambikapur,2020-04-11,71.23,Chhattisgarh
Ambikapur,2020-04-12,71.23,Chhattisgarh
Ambikapur,2020-04-13,71.23,Chhattisgarh
Ambikapur,2020-04-14,71.23,Chhattisgarh
Ambikapur,2020-04-15,71.23,Chhattisgarh
Ambikapur,2020-04-16,71.23,Chhattisgarh
Ambikapur,2020-04-17,71.23,Chhattisgarh
Ambikapur,2020-04-18,71.23,Chhattisgarh
Ambikapur,2020-04-20,71.23,Chhattisgarh
Ambikapur,2020-04-21,71.23,Chhattisgarh
Ambikapur,2020-04-22,71.23,Chhattisgarh
Ambikapur,2020-04-23,71.23,Chhattisgarh
Ambikapur,2020-04-24,71.23,Chhattisgarh
Ambikapur,2020-04-25,71.23,Chhattisgarh
Ambikapur,2020-04-26,71.23,Chhattisgarh
Ambikapur,2020-04-27,71.23,Chhattisgarh
Ambikapur,2020-04-28,71.23,Chhattisgarh
Ambikapur,2020-04-29,71.23,Chhattisgarh
Ambikapur,2020-04-30,71.23,Chhattisgarh
Ambikapur,2020-05-01,71.23,Chhattisgarh
Ambikapur,2020-05-02,71.23,Chhattisgarh
Ambikapur,2020-05-03,71.23,Chhattisgarh
Ambikapur,2020-05-04,71.23,Chhattisgarh
Ambikapur,2020-05-05,71.23,Chhattisgarh
Ambikapur,2020-05-06,71.23,Chhattisgarh
Ambikapur,2020-05-07,71.23,Chhattisgarh
Ambikapur,2020-05-08,71.23,Chhattisgarh
Ambikapur,2020-05-09,71.23,Chhattisgarh
Ambikapur,2020-05-10,71.23,Chhattisgarh
Ambikapur,2020-05-11,71.23,Chhattisgarh
Ambikapur,2020-05-12,71.23,Chhattisgarh
Ambikapur,2020-05-13,71.23,Chhattisgarh
Ambikapur,2020-05-14,71.23,Chhattisgarh
Ambikapur,2020-05-15,71.23,Chhattisgarh
Ambikapur,2020-05-16,71.23,Chhattisgarh
Ambikapur,2020-05-17,71.23,Chhattisgarh
Ambikapur,2020-05-18,71.23,Chhattisgarh
Ambikapur,2020-05-19,71.23,Chhattisgarh
Ambikapur,2020-05-20,71.23,Chhattisgarh
Ambikapur,2020-05-21,71.23,Chhattisgarh
Ambikapur,2020-05-22,71.23,Chhattisgarh
Ambikapur,2020-05-23,71.23,Chhattisgarh
Ambikapur,2020-05-24,71.23,Chhattisgarh
Ambikapur,2020-05-25,71.23,Chhattisgarh
Ambikapur,2020-05-26,71.23,Chhattisgarh
Ambikapur,2020-05-27,71.23,Chhattisgarh
Ambikapur,2020-05-28,71.23,Chhattisgarh
Ambikapur,2020-05-29,71.23,Chhattisgarh
Ambikapur,2020-05-30,71.23,Chhattisgarh
Ambikapur,2020-05-31,71.23,Chhattisgarh
Ambikapur,2020-06-01,71.23,Chhattisgarh
Ambikapur,2020-06-02,71.23,Chhattisgarh
Ambikapur,2020-06-03,71.23,Chhattisgarh
Ambikapur,2020-06-04,71.23,Chhattisgarh
Ambikapur,2020-06-05,71.23,Chhattisgarh
Ambikapur,2020-06-06,71.23,Chhattisgarh
Ambikapur,2020-06-07,71.83,Chhattisgarh
Ambikapur,2020-06-08,72.43,Chhattisgarh
Ambikapur,2020-06-09,72.97,Chhattisgarh
Ambikapur,2020-06-10,73.37,Chhattisgarh
Ambikapur,2020-06-11,73.97,Chhattisgarh
Ambikapur,2020-06-12,74.57,Chhattisgarh
Ambikapur,2020-06-13,75.17,Chhattisgarh
Ambikapur,2020-06-14,75.77,Chhattisgarh
Ambikapur,2020-06-15,76.02,Chhattisgarh
Ambikapur,2020-06-16,76.47,Chhattisgarh
Ambikapur,2020-06-17,77.0,Chhattisgarh
Ambikapur,2020-06-18,77.51,Chhattisgarh
Ambikapur,2020-06-19,78.04,Chhattisgarh
Ambikapur,2020-06-20,78.53,Chhattisgarh
Ambikapur,2020-06-21,78.87,Chhattisgarh
Ambikapur,2020-06-22,79.18,Chhattisgarh
Ambikapur,2020-06-23,79.37,Chhattisgarh
Ambikapur,2020-06-24,79.37,Chhattisgarh
Ambikapur,2020-06-25,79.53,Chhattisgarh
Ambikapur,2020-06-26,79.73,Chhattisgarh
Ambikapur,2020-06-27,79.97,Chhattisgarh
Ambikapur,2020-06-28,79.97,Chhattisgarh
Ambikapur,2020-06-29,80.02,Chhattisgarh
Ambikapur,2020-06-30,80.02,Chhattisgarh
Ambikapur,2020-07-01,80.02,Chhattisgarh
Ambikapur,2020-07-02,80.02,Chhattisgarh
Ambikapur,2020-07-03,80.02,Chhattisgarh
Ambikapur,2020-07-04,80.02,Chhattisgarh
Ambikapur,2020-07-05,80.02,Chhattisgarh
Ambikapur,2020-07-06,80.02,Chhattisgarh
Ambikapur,2020-07-07,80.02,Chhattisgarh
Ambikapur,2020-07-08,80.02,Chhattisgarh
Ambikapur,2020-07-09,80.02,Chhattisgarh
Ambikapur,2020-07-10,80.02,Chhattisgarh
Ambikapur,2020-07-11,80.02,Chhattisgarh
Ambikapur,2020-07-12,80.02,Chhattisgarh
Ambikapur,2020-07-13,80.02,Chhattisgarh
Ambikapur,2020-07-15,80.02,Chhattisgarh
Ambikapur,2020-07-16,80.02,Chhattisgarh
Ambikapur,2020-07-17,80.02,Chhattisgarh
Ambikapur,2020-07-18,80.02,Chhattisgarh
Ambikapur,2020-07-19,80.02,Chhattisgarh
Ambikapur,2020-07-20,80.02,Chhattisgarh
Ambikapur,2020-07-21,80.02,Chhattisgarh
Ambikapur,2020-07-22,80.02,Chhattisgarh
Ambikapur,2020-07-23,80.02,Chhattisgarh
Ambikapur,2020-07-24,80.02,Chhattisgarh
Ambikapur,2020-07-25,80.02,Chhattisgarh
Ambikapur,2020-07-26,80.02,Chhattisgarh
Ambikapur,2020-07-27,80.02,Chhattisgarh
Ambikapur,2020-07-28,80.02,Chhattisgarh
Ambikapur,2020-07-29,80.02,Chhattisgarh
Ambikapur,2020-07-30,80.02,Chhattisgarh
Ambikapur,2020-07-31,80.02,Chhattisgarh
Ambikapur,2020-08-01,80.02,Chhattisgarh
Ambikapur,2020-08-02,80.02,Chhattisgarh
Ambikapur,2020-08-03,80.02,Chhattisgarh
Ambikapur,2020-08-04,80.02,Chhattisgarh
Ambikapur,2020-08-05,80.02,Chhattisgarh
Ambikapur,2020-08-06,80.02,Chhattisgarh
Ambikapur,2020-08-07,80.02,Chhattisgarh
Ambikapur,2020-08-08,80.02,Chhattisgarh
Ambikapur,2020-08-09,80.02,Chhattisgarh
Ambikapur,2020-08-10,80.02,Chhattisgarh
Ambikapur,2020-08-11,80.02,Chhattisgarh
Ambikapur,2020-08-12,80.02,Chhattisgarh
Ambikapur,2020-08-13,80.02,Chhattisgarh
Ambikapur,2020-08-14,80.02,Chhattisgarh
Ambikapur,2020-08-15,80.02,Chhattisgarh
Ambikapur,2020-08-16,80.29,Chhattisgarh
Ambikapur,2020-08-17,80.44,Chhattisgarh
Ambikapur,2020-08-18,80.59,Chhattisgarh
Ambikapur,2020-08-19,80.59,Chhattisgarh
Ambikapur,2020-08-20,80.69,Chhattisgarh
Ambikapur,2020-08-21,80.88,Chhattisgarh
Ambikapur,2020-08-22,81.03,Chhattisgarh
Ambikapur,2020-08-23,81.16,Chhattisgarh
Ambikapur,2020-08-24,81.29,Chhattisgarh
Ambikapur,2020-08-25,81.39,Chhattisgarh
Ambikapur,2020-08-26,81.39,Chhattisgarh
Ambikapur,2020-08-27,81.49,Chhattisgarh
Ambikapur,2020-08-28,81.59,Chhattisgarh
Ambikapur,2020-08-29,81.59,Chhattisgarh
Ambikapur,2020-08-30,81.68,Chhattisgarh
Ambikapur,2020-08-31,81.68,Chhattisgarh
Ambikapur,2020-09-01,81.73,Chhattisgarh
Ambikapur,2020-09-02,81.73,Chhattisgarh
Ambikapur,2020-09-03,81.73,Chhattisgarh
Ambikapur,2020-09-04,81.73,Chhattisgarh
Ambikapur,2020-09-05,81.73,Chhattisgarh
Ambikapur,2020-09-06,81.73,Chhattisgarh
Ambikapur,2020-09-07,81.73,Chhattisgarh
Ambikapur,2020-09-08,81.73,Chhattisgarh
Ambikapur,2020-09-09,81.73,Chhattisgarh
Ambikapur,2020-09-10,81.64,Chhattisgarh
Ambikapur,2020-09-11,81.64,Chhattisgarh
Ambikapur,2020-09-12,81.52,Chhattisgarh
Ambikapur,2020-09-13,81.52,Chhattisgarh
Ambikapur,2020-09-14,81.39,Chhattisgarh
Ambikapur,2020-09-15,81.22,Chhattisgarh
Ambikapur,2020-09-16,81.22,Chhattisgarh
Ambikapur,2020-09-17,81.08,Chhattisgarh
Ambikapur,2020-09-18,80.83,Chhattisgarh
Ambikapur,2020-09-19,80.83,Chhattisgarh
Ambikapur,2020-09-20,80.83,Chhattisgarh
Ambikapur,2020-09-21,80.83,Chhattisgarh
Ambikapur,2020-09-22,80.75,Chhattisgarh
Ambikapur,2020-09-23,80.75,Chhattisgarh
Ambikapur,2020-09-24,80.75,Chhattisgarh
Ambikapur,2020-09-25,80.75,Chhattisgarh
Ambikapur,2020-09-26,80.75,Chhattisgarh
Ambikapur,2020-09-27,80.75,Chhattisgarh
Ambikapur,2020-09-28,80.75,Chhattisgarh
Ambikapur,2020-09-29,80.75,Chhattisgarh
Ambikapur,2020-09-30,80.75,Chhattisgarh
Ambikapur,2020-10-01,80.75,Chhattisgarh
Ambikapur,2020-10-02,80.75,Chhattisgarh
Ambikapur,2020-10-03,80.75,Chhattisgarh
Ambikapur,2020-10-04,80.75,Chhattisgarh
Ambikapur,2020-10-05,80.75,Chhattisgarh
Ambikapur,2020-10-06,80.75,Chhattisgarh
Ambikapur,2020-10-07,80.75,Chhattisgarh
Ambikapur,2020-10-08,80.75,Chhattisgarh
Ambikapur,2020-10-09,80.75,Chhattisgarh
Ambikapur,2020-10-10,80.75,Chhattisgarh
Ambikapur,2020-10-11,80.75,Chhattisgarh
Ambikapur,2020-10-12,80.75,Chhattisgarh
Ambikapur,2020-10-13,80.75,Chhattisgarh
Ambikapur,2020-10-14,80.75,Chhattisgarh
Ambikapur,2020-10-15,80.75,Chhattisgarh
Ambikapur,2020-10-16,80.75,Chhattisgarh
Ambikapur,2020-10-17,80.75,Chhattisgarh
Ambikapur,2020-10-18,80.75,Chhattisgarh
Ambikapur,2020-10-19,80.75,Chhattisgarh
Ambikapur,2020-10-20,80.75,Chhattisgarh
Ambikapur,2020-10-21,80.75,Chhattisgarh
Ambikapur,2020-10-22,80.75,Chhattisgarh
Ambikapur,2020-10-23,80.75,Chhattisgarh
Ambikapur,2020-10-24,80.75,Chhattisgarh
Ambikapur,2020-10-25,80.75,Chhattisgarh
Ambikapur,2020-10-26,80.75,Chhattisgarh
Ambikapur,2020-10-27,80.75,Chhattisgarh
Ambikapur,2020-10-28,80.75,Chhattisgarh
Ambikapur,2020-10-29,80.75,Chhattisgarh
Ambikapur,2020-10-30,80.75,Chhattisgarh
Ambikapur,2020-10-31,80.75,Chhattisgarh
Ambikapur,2020-11-01,80.75,Chhattisgarh
Ambikapur,2020-11-02,80.75,Chhattisgarh
Ambikapur,2020-11-03,80.75,Chhattisgarh
Ambikapur,2020-11-04,80.75,Chhattisgarh
Ambikapur,2020-11-05,80.75,Chhattisgarh
Ambikapur,2020-11-06,80.75,Chhattisgarh
Ambikapur,2020-11-07,80.75,Chhattisgarh
Ambikapur,2020-11-08,80.75,Chhattisgarh
Ambikapur,2020-11-09,80.75,Chhattisgarh
Ambikapur,2020-11-10,80.75,Chhattisgarh
Ambikapur,2020-11-11,80.75,Chhattisgarh
Ambikapur,2020-11-12,80.75,Chhattisgarh
Ambikapur,2020-11-13,80.75,Chhattisgarh
Ambikapur,2020-11-14,80.75,Chhattisgarh
Ambikapur,2020-11-15,80.75,Chhattisgarh
Ambikapur,2020-11-16,80.75,Chhattisgarh
Ambikapur,2020-11-17,80.75,Chhattisgarh
Ambikapur,2020-11-18,80.75,Chhattisgarh
Ambikapur,2020-11-19,80.75,Chhattisgarh
Ambikapur,2020-11-20,81.0,Chhattisgarh
Ambikapur,2020-11-21,81.12,Chhattisgarh
Ambikapur,2020-11-22,81.17,Chhattisgarh
Ambikapur,2020-11-23,81.24,Chhattisgarh
Ambikapur,2020-11-24,81.3,Chhattisgarh
Ambikapur,2020-11-25,81.3,Chhattisgarh
Ambikapur,2020-11-26,81.4,Chhattisgarh
Ambikapur,2020-11-27,81.59,Chhattisgarh
Ambikapur,2020-11-28,81.82,Chhattisgarh
Ambikapur,2020-11-29,82.02,Chhattisgarh
Ambikapur,2020-11-30,82.02,Chhattisgarh
Ambikapur,2020-12-01,82.02,Chhattisgarh
Ambikapur,2020-12-02,82.16,Chhattisgarh
Ambikapur,2020-12-03,82.32,Chhattisgarh
Ambikapur,2020-12-04,82.52,Chhattisgarh
Ambikapur,2020-12-05,82.77,Chhattisgarh
Ambikapur,2020-12-06,83.04,Chhattisgarh
Ambikapur,2020-12-07,83.33,Chhattisgarh
Ambikapur,2020-12-08,83.33,Chhattisgarh
Ambikapur,2020-12-09,83.33,Chhattisgarh
Ambikapur,2020-12-10,83.33,Chhattisgarh
Ambikapur,2020-12-11,83.33,Chhattisgarh
Ambikapur,2020-12-12,83.33,Chhattisgarh
Ambikapur,2020-12-13,83.33,Chhattisgarh
Ambikapur,2020-12-14,83.33,Chhattisgarh
Ambikapur,2020-12-15,83.33,Chhattisgarh
Ambikapur,2020-12-16,83.33,Chhattisgarh
Ambikapur,2020-12-17,83.33,Chhattisgarh
Ambikapur,2020-12-18,83.33,Chhattisgarh
Ambikapur,2020-12-19,83.33,Chhattisgarh
Ambikapur,2020-12-20,83.33,Chhattisgarh
Ambikapur,2020-12-21,83.33,Chhattisgarh
Ambikapur,2020-12-22,83.33,Chhattisgarh
Ambikapur,2020-12-23,83.33,Chhattisgarh
Ambikapur,2020-12-24,83.33,Chhattisgarh
Ambikapur,2020-12-25,83.33,Chhattisgarh
Ambikapur,2020-12-26,83.33,Chhattisgarh
Ambikapur,2020-12-27,83.33,Chhattisgarh
Ambikapur,2020-12-28,83.33,Chhattisgarh
Ambikapur,2020-12-29,83.33,Chhattisgarh
Ambikapur,2020-12-30,83.33,Chhattisgarh
Ambikapur,2020-12-31,83.33,Chhattisgarh
Ambikapur,2021-01-01,83.33,Chhattisgarh
Ambikapur,2021-01-02,83.33,Chhattisgarh
Ambikapur,2021-01-03,83.33,Chhattisgarh
Ambikapur,2021-01-04,83.33,Chhattisgarh
Ambikapur,2021-01-05,83.33,Chhattisgarh
Ambikapur,2021-01-06,83.6,Chhattisgarh
Ambikapur,2021-01-07,83.84,Chhattisgarh
Ambikapur,2021-01-08,83.84,Chhattisgarh
Ambikapur,2021-01-09,83.84,Chhattisgarh
Ambikapur,2021-01-10,83.84,Chhattisgarh
Ambikapur,2021-01-11,83.84,Chhattisgarh
Ambikapur,2021-01-12,83.84,Chhattisgarh
Ambikapur,2021-01-13,84.08,Chhattisgarh
Ambikapur,2021-01-14,84.32,Chhattisgarh
Ambikapur,2021-01-15,84.32,Chhattisgarh
Ambikapur,2021-01-16,84.32,Chhattisgarh
Ambikapur,2021-01-17,84.32,Chhattisgarh
Ambikapur,2021-01-18,84.56,Chhattisgarh
Ambikapur,2021-01-19,84.8,Chhattisgarh
Ambikapur,2021-01-20,84.8,Chhattisgarh
Ambikapur,2021-01-21,84.8,Chhattisgarh
Ambikapur,2021-01-22,85.04,Chhattisgarh
Ambikapur,2021-01-23,85.28,Chhattisgarh
Ambikapur,2021-01-24,85.28,Chhattisgarh
Ambikapur,2021-01-25,85.28,Chhattisgarh
Ambikapur,2021-01-26,85.61,Chhattisgarh
Ambikapur,2021-01-27,85.85,Chhattisgarh
Ambikapur,2021-01-28,85.85,Chhattisgarh
Ambikapur,2021-01-29,85.85,Chhattisgarh
Ambikapur,2021-01-30,85.85,Chhattisgarh
Ambikapur,2021-01-31,85.85,Chhattisgarh
Ambikapur,2021-02-01,85.85,Chhattisgarh
Ambikapur,2021-02-02,85.85,Chhattisgarh
Ambikapur,2021-02-03,85.85,Chhattisgarh
Ambikapur,2021-02-04,86.09,Chhattisgarh
Ambikapur,2021-02-05,86.38,Chhattisgarh
Ambikapur,2021-02-06,86.38,Chhattisgarh
Ambikapur,2021-02-07,86.38,Chhattisgarh
Ambikapur,2021-02-08,86.38,Chhattisgarh
Ambikapur,2021-02-09,86.71,Chhattisgarh
Ambikapur,2021-02-10,87.0,Chhattisgarh
Ambikapur,2021-02-11,87.24,Chhattisgarh
Ambikapur,2021-02-12,87.52,Chhattisgarh
Ambikapur,2021-02-13,87.8,Chhattisgarh
Ambikapur,2021-02-14,88.08,Chhattisgarh
Ambikapur,2021-02-15,88.33,Chhattisgarh
Ambikapur,2021-02-16,88.62,Chhattisgarh
Ambikapur,2021-02-17,88.86,Chhattisgarh
Ambikapur,2021-02-18,89.19,Chhattisgarh
Ambikapur,2021-02-19,89.48,Chhattisgarh
Ambikapur,2021-02-20,89.86,Chhattisgarh
Ambikapur,2021-02-21,89.86,Chhattisgarh
Ambikapur,2021-02-22,89.86,Chhattisgarh
Ambikapur,2021-02-23,90.19,Chhattisgarh
Ambikapur,2021-02-24,90.19,Chhattisgarh
Ambikapur,2021-02-25,90.19,Chhattisgarh
Ambikapur,2021-02-26,90.19,Chhattisgarh
Ambikapur,2021-02-27,90.42,Chhattisgarh
Ambikapur,2021-02-28,90.42,Chhattisgarh
Ambikapur,2021-03-01,90.42,Chhattisgarh
