city,date,rate,district
Silvassa,2016-06-01,63.91,Dadra and Nagar Haveli
Silvassa,2016-06-15,63.96,Dadra and Nagar Haveli
Silvassa,2016-07-01,63.09,Dadra and Nagar Haveli
Silvassa,2016-07-15,60.93,Dadra and Nagar Haveli
Silvassa,2016-08-01,59.61,Dadra and Nagar Haveli
Silvassa,2016-08-15,58.65,Dadra and Nagar Haveli
Silvassa,2016-09-01,61.9,Dadra and Nagar Haveli
Silvassa,2016-09-15,62.64,Dadra and Nagar Haveli
Silvassa,2016-10-01,62.99,Dadra and Nagar Haveli
Silvassa,2016-10-05,63.13,Dadra and Nagar Haveli
Silvassa,2016-10-15,64.8,Dadra and Nagar Haveli
Silvassa,2016-11-06,65.96,Dadra and Nagar Haveli
Silvassa,2016-11-16,64.33,Dadra and Nagar Haveli
Silvassa,2016-12-01,64.5,Dadra and Nagar Haveli
Silvassa,2016-12-17,67.24,Dadra and Nagar Haveli
Silvassa,2017-01-01,68.83,Dadra and Nagar Haveli
Silvassa,2017-01-16,69.35,Dadra and Nagar Haveli
Silvassa,2017-04-01,64.78,Dadra and Nagar Haveli
Silvassa,2017-04-16,66.49,Dadra and Nagar Haveli
Silvassa,2017-05-01,66.5,Dadra and Nagar Haveli
Silvassa,2017-05-16,63.86,Dadra and Nagar Haveli
Silvassa,2017-06-01,65.39,Dadra and Nagar Haveli
Silvassa,2017-06-16,63.91,Dadra and Nagar Haveli
Silvassa,2017-06-19,63.11,Dadra and Nagar Haveli
Silvassa,2017-06-21,63.01,Dadra and Nagar Haveli
Silvassa,2017-06-22,62.87,Dadra and Nagar Haveli
Silvassa,2017-06-23,62.66,Dadra and Nagar Haveli
Silvassa,2017-06-26,62.05,Dadra and Nagar Haveli
Silvassa,2017-06-27,61.93,Dadra and Nagar Haveli
Silvassa,2017-06-28,61.97,Dadra and Nagar Haveli
Silvassa,2017-06-29,61.93,Dadra and Nagar Haveli
Silvassa,2017-06-30,61.82,Dadra and Nagar Haveli
Silvassa,2017-07-03,61.63,Dadra and Nagar Haveli
Silvassa,2017-07-04,61.54,Dadra and Nagar Haveli
Silvassa,2017-07-05,61.59,Dadra and Nagar Haveli
Silvassa,2017-07-06,61.65,Dadra and Nagar Haveli
Silvassa,2017-07-07,61.78,Dadra and Nagar Haveli
Silvassa,2017-07-10,62.31,Dadra and Nagar Haveli
Silvassa,2017-07-11,62.36,Dadra and Nagar Haveli
Silvassa,2017-07-12,62.4,Dadra and Nagar Haveli
Silvassa,2017-07-13,62.34,Dadra and Nagar Haveli
Silvassa,2017-07-14,62.32,Dadra and Nagar Haveli
Silvassa,2017-07-17,62.61,Dadra and Nagar Haveli
Silvassa,2017-07-18,62.62,Dadra and Nagar Haveli
Silvassa,2017-07-19,62.67,Dadra and Nagar Haveli
Silvassa,2017-07-20,62.71,Dadra and Nagar Haveli
Silvassa,2017-07-21,62.69,Dadra and Nagar Haveli
Silvassa,2017-07-24,62.98,Dadra and Nagar Haveli
Silvassa,2017-07-25,63.02,Dadra and Nagar Haveli
Silvassa,2017-07-26,62.98,Dadra and Nagar Haveli
Silvassa,2017-07-27,62.99,Dadra and Nagar Haveli
Silvassa,2017-07-28,63.09,Dadra and Nagar Haveli
Silvassa,2017-07-31,63.64,Dadra and Nagar Haveli
Silvassa,2017-08-01,63.76,Dadra and Nagar Haveli
Silvassa,2017-08-02,63.78,Dadra and Nagar Haveli
Silvassa,2017-08-04,64.29,Dadra and Nagar Haveli
Silvassa,2017-08-07,64.97,Dadra and Nagar Haveli
Silvassa,2017-08-08,65.01,Dadra and Nagar Haveli
Silvassa,2017-08-09,65.07,Dadra and Nagar Haveli
Silvassa,2017-08-10,65.21,Dadra and Nagar Haveli
Silvassa,2017-08-11,65.51,Dadra and Nagar Haveli
Silvassa,2017-08-14,66.21,Dadra and Nagar Haveli
Silvassa,2017-08-16,66.35,Dadra and Nagar Haveli
Silvassa,2017-08-17,66.45,Dadra and Nagar Haveli
Silvassa,2017-08-18,66.5,Dadra and Nagar Haveli
Silvassa,2017-08-21,66.78,Dadra and Nagar Haveli
Silvassa,2017-08-22,66.85,Dadra and Nagar Haveli
Silvassa,2017-08-23,66.96,Dadra and Nagar Haveli
Silvassa,2017-08-24,67.06,Dadra and Nagar Haveli
Silvassa,2017-08-28,67.31,Dadra and Nagar Haveli
Silvassa,2017-08-29,67.29,Dadra and Nagar Haveli
Silvassa,2017-08-30,67.33,Dadra and Nagar Haveli
Silvassa,2017-08-31,67.36,Dadra and Nagar Haveli
Silvassa,2017-09-01,67.43,Dadra and Nagar Haveli
Silvassa,2017-09-04,67.79,Dadra and Nagar Haveli
Silvassa,2017-09-05,67.86,Dadra and Nagar Haveli
Silvassa,2017-09-07,67.95,Dadra and Nagar Haveli
Silvassa,2017-09-08,68.03,Dadra and Nagar Haveli
Silvassa,2017-09-11,68.4,Dadra and Nagar Haveli
Silvassa,2017-09-12,68.5,Dadra and Nagar Haveli
Silvassa,2017-09-13,68.47,Dadra and Nagar Haveli
Silvassa,2017-09-14,68.52,Dadra and Nagar Haveli
Silvassa,2017-09-15,68.56,Dadra and Nagar Haveli
Silvassa,2017-09-19,68.61,Dadra and Nagar Haveli
Silvassa,2017-09-20,68.64,Dadra and Nagar Haveli
Silvassa,2017-09-21,68.61,Dadra and Nagar Haveli
Silvassa,2017-09-22,68.59,Dadra and Nagar Haveli
Silvassa,2017-09-25,68.51,Dadra and Nagar Haveli
Silvassa,2017-09-26,68.54,Dadra and Nagar Haveli
Silvassa,2017-09-27,68.51,Dadra and Nagar Haveli
Silvassa,2017-09-28,68.58,Dadra and Nagar Haveli
Silvassa,2017-09-29,68.68,Dadra and Nagar Haveli
Silvassa,2017-10-03,68.95,Dadra and Nagar Haveli
Silvassa,2017-10-04,66.58,Dadra and Nagar Haveli
Silvassa,2017-10-05,66.55,Dadra and Nagar Haveli
Silvassa,2017-10-06,66.56,Dadra and Nagar Haveli
Silvassa,2017-10-09,66.61,Dadra and Nagar Haveli
Silvassa,2017-10-10,66.65,Dadra and Nagar Haveli
Silvassa,2017-10-11,66.68,Dadra and Nagar Haveli
Silvassa,2017-10-12,66.61,Dadra and Nagar Haveli
Silvassa,2017-10-13,66.63,Dadra and Nagar Haveli
Silvassa,2017-10-16,66.46,Dadra and Nagar Haveli
Silvassa,2017-10-17,66.43,Dadra and Nagar Haveli
Silvassa,2017-10-18,66.47,Dadra and Nagar Haveli
Silvassa,2017-10-24,66.76,Dadra and Nagar Haveli
Silvassa,2017-10-25,66.81,Dadra and Nagar Haveli
Silvassa,2017-10-26,66.84,Dadra and Nagar Haveli
Silvassa,2017-10-30,67.21,Dadra and Nagar Haveli
Silvassa,2017-10-31,67.31,Dadra and Nagar Haveli
Silvassa,2017-11-01,67.29,Dadra and Nagar Haveli
Silvassa,2017-11-02,67.4,Dadra and Nagar Haveli
Silvassa,2017-11-03,67.49,Dadra and Nagar Haveli
Silvassa,2017-11-06,67.9,Dadra and Nagar Haveli
Silvassa,2017-11-07,67.93,Dadra and Nagar Haveli
Silvassa,2017-11-09,67.98,Dadra and Nagar Haveli
Silvassa,2017-11-10,68.05,Dadra and Nagar Haveli
Silvassa,2017-11-13,67.98,Dadra and Nagar Haveli
Silvassa,2017-11-14,67.86,Dadra and Nagar Haveli
Silvassa,2017-11-15,67.81,Dadra and Nagar Haveli
Silvassa,2017-11-16,67.78,Dadra and Nagar Haveli
Silvassa,2017-11-17,67.75,Dadra and Nagar Haveli
Silvassa,2017-11-20,67.72,Dadra and Nagar Haveli
Silvassa,2017-11-21,67.67,Dadra and Nagar Haveli
Silvassa,2017-11-22,67.62,Dadra and Nagar Haveli
Silvassa,2017-11-23,67.57,Dadra and Nagar Haveli
Silvassa,2017-11-24,67.55,Dadra and Nagar Haveli
Silvassa,2017-11-27,67.5,Dadra and Nagar Haveli
Silvassa,2017-11-28,67.41,Dadra and Nagar Haveli
Silvassa,2017-11-29,67.48,Dadra and Nagar Haveli
Silvassa,2017-11-30,67.39,Dadra and Nagar Haveli
Silvassa,2017-12-01,67.37,Dadra and Nagar Haveli
Silvassa,2017-12-05,67.47,Dadra and Nagar Haveli
Silvassa,2017-12-06,67.39,Dadra and Nagar Haveli
Silvassa,2017-12-07,67.38,Dadra and Nagar Haveli
Silvassa,2017-12-08,67.34,Dadra and Nagar Haveli
Silvassa,2017-12-11,67.35,Dadra and Nagar Haveli
Silvassa,2017-12-12,67.25,Dadra and Nagar Haveli
Silvassa,2017-12-13,67.23,Dadra and Nagar Haveli
Silvassa,2017-12-15,67.26,Dadra and Nagar Haveli
Silvassa,2017-12-18,67.42,Dadra and Nagar Haveli
Silvassa,2017-12-19,67.49,Dadra and Nagar Haveli
Silvassa,2017-12-20,67.57,Dadra and Nagar Haveli
Silvassa,2017-12-21,67.56,Dadra and Nagar Haveli
Silvassa,2017-12-22,67.64,Dadra and Nagar Haveli
Silvassa,2017-12-26,67.84,Dadra and Nagar Haveli
Silvassa,2017-12-27,67.85,Dadra and Nagar Haveli
Silvassa,2017-12-28,67.94,Dadra and Nagar Haveli
Silvassa,2017-12-29,68.02,Dadra and Nagar Haveli
Silvassa,2018-01-01,68.17,Dadra and Nagar Haveli
Silvassa,2018-01-02,68.09,Dadra and Nagar Haveli
Silvassa,2018-01-03,68.17,Dadra and Nagar Haveli
Silvassa,2018-01-05,68.19,Dadra and Nagar Haveli
Silvassa,2018-01-08,68.6,Dadra and Nagar Haveli
Silvassa,2018-01-09,68.65,Dadra and Nagar Haveli
Silvassa,2018-01-10,68.72,Dadra and Nagar Haveli
Silvassa,2018-01-11,68.76,Dadra and Nagar Haveli
Silvassa,2018-01-12,68.81,Dadra and Nagar Haveli
Silvassa,2018-01-15,69.24,Dadra and Nagar Haveli
Silvassa,2018-01-16,69.32,Dadra and Nagar Haveli
Silvassa,2018-01-17,69.44,Dadra and Nagar Haveli
Silvassa,2018-01-18,69.6,Dadra and Nagar Haveli
Silvassa,2018-01-19,69.74,Dadra and Nagar Haveli
Silvassa,2018-01-22,70.25,Dadra and Nagar Haveli
Silvassa,2018-01-23,70.39,Dadra and Nagar Haveli
Silvassa,2018-01-24,70.44,Dadra and Nagar Haveli
Silvassa,2018-01-25,70.5,Dadra and Nagar Haveli
Silvassa,2018-01-29,70.83,Dadra and Nagar Haveli
Silvassa,2018-01-30,70.91,Dadra and Nagar Haveli
Silvassa,2018-02-01,71.03,Dadra and Nagar Haveli
Silvassa,2018-02-02,71.08,Dadra and Nagar Haveli
Silvassa,2018-02-05,71.28,Dadra and Nagar Haveli
Silvassa,2018-02-06,71.35,Dadra and Nagar Haveli
Silvassa,2018-02-08,71.34,Dadra and Nagar Haveli
Silvassa,2018-02-09,71.32,Dadra and Nagar Haveli
Silvassa,2018-02-12,71.0,Dadra and Nagar Haveli
Silvassa,2018-02-13,70.93,Dadra and Nagar Haveli
Silvassa,2018-02-15,70.78,Dadra and Nagar Haveli
Silvassa,2018-02-16,70.53,Dadra and Nagar Haveli
Silvassa,2018-02-19,69.95,Dadra and Nagar Haveli
Silvassa,2018-02-20,69.77,Dadra and Nagar Haveli
Silvassa,2018-02-21,69.76,Dadra and Nagar Haveli
Silvassa,2018-02-22,69.74,Dadra and Nagar Haveli
Silvassa,2018-02-23,69.65,Dadra and Nagar Haveli
Silvassa,2018-02-26,69.57,Dadra and Nagar Haveli
Silvassa,2018-02-27,69.55,Dadra and Nagar Haveli
Silvassa,2018-03-01,69.68,Dadra and Nagar Haveli
Silvassa,2018-03-02,69.85,Dadra and Nagar Haveli
Silvassa,2018-03-05,70.4,Dadra and Nagar Haveli
Silvassa,2018-03-06,70.47,Dadra and Nagar Haveli
Silvassa,2018-03-09,70.51,Dadra and Nagar Haveli
Silvassa,2018-03-12,70.53,Dadra and Nagar Haveli
Silvassa,2018-03-13,70.55,Dadra and Nagar Haveli
Silvassa,2018-03-15,70.53,Dadra and Nagar Haveli
Silvassa,2018-03-16,70.45,Dadra and Nagar Haveli
Silvassa,2018-03-19,70.28,Dadra and Nagar Haveli
Silvassa,2018-03-20,70.29,Dadra and Nagar Haveli
Silvassa,2018-03-22,70.34,Dadra and Nagar Haveli
Silvassa,2018-03-23,70.38,Dadra and Nagar Haveli
Silvassa,2018-03-26,70.85,Dadra and Nagar Haveli
Silvassa,2018-03-27,70.96,Dadra and Nagar Haveli
Silvassa,2018-03-29,71.13,Dadra and Nagar Haveli
Silvassa,2018-03-30,71.35,Dadra and Nagar Haveli
Silvassa,2018-04-02,71.83,Dadra and Nagar Haveli
Silvassa,2018-04-03,71.96,Dadra and Nagar Haveli
Silvassa,2018-04-05,71.99,Dadra and Nagar Haveli
Silvassa,2018-04-12,71.95,Dadra and Nagar Haveli
Silvassa,2018-04-13,71.92,Dadra and Nagar Haveli
Silvassa,2018-04-16,72.02,Dadra and Nagar Haveli
Silvassa,2018-04-19,72.07,Dadra and Nagar Haveli
Silvassa,2018-04-20,72.08,Dadra and Nagar Haveli
Silvassa,2018-04-23,72.49,Dadra and Nagar Haveli
Silvassa,2018-04-24,72.61,Dadra and Nagar Haveli
Silvassa,2018-05-14,72.82,Dadra and Nagar Haveli
Silvassa,2018-05-15,72.96,Dadra and Nagar Haveli
Silvassa,2018-05-16,73.11,Dadra and Nagar Haveli
Silvassa,2018-05-17,73.32,Dadra and Nagar Haveli
Silvassa,2018-05-18,72.82,Dadra and Nagar Haveli
Silvassa,2018-05-21,74.52,Dadra and Nagar Haveli
Silvassa,2018-05-22,74.81,Dadra and Nagar Haveli
Silvassa,2018-05-23,75.1,Dadra and Nagar Haveli
Silvassa,2018-05-24,75.39,Dadra and Nagar Haveli
Silvassa,2018-05-25,75.73,Dadra and Nagar Haveli
Silvassa,2018-05-26,75.87,Dadra and Nagar Haveli
Silvassa,2018-05-27,76.01,Dadra and Nagar Haveli
Silvassa,2018-05-28,76.16,Dadra and Nagar Haveli
Silvassa,2018-05-29,76.31,Dadra and Nagar Haveli
Silvassa,2018-05-31,76.23,Dadra and Nagar Haveli
Silvassa,2018-06-01,76.17,Dadra and Nagar Haveli
Silvassa,2018-06-02,76.09,Dadra and Nagar Haveli
Silvassa,2018-06-03,76.0,Dadra and Nagar Haveli
Silvassa,2018-06-04,75.86,Dadra and Nagar Haveli
Silvassa,2018-06-05,75.73,Dadra and Nagar Haveli
Silvassa,2018-06-06,75.63,Dadra and Nagar Haveli
Silvassa,2018-06-07,75.54,Dadra and Nagar Haveli
Silvassa,2018-06-08,75.34,Dadra and Nagar Haveli
Silvassa,2018-06-09,74.95,Dadra and Nagar Haveli
Silvassa,2018-06-10,74.72,Dadra and Nagar Haveli
Silvassa,2018-06-11,74.53,Dadra and Nagar Haveli
Silvassa,2018-06-12,74.39,Dadra and Nagar Haveli
Silvassa,2018-06-15,74.31,Dadra and Nagar Haveli
Silvassa,2018-06-19,74.23,Dadra and Nagar Haveli
Silvassa,2018-06-21,74.13,Dadra and Nagar Haveli
Silvassa,2018-06-22,73.99,Dadra and Nagar Haveli
Silvassa,2018-06-23,73.91,Dadra and Nagar Haveli
Silvassa,2018-06-24,73.77,Dadra and Nagar Haveli
Silvassa,2018-06-25,73.67,Dadra and Nagar Haveli
Silvassa,2018-06-26,73.54,Dadra and Nagar Haveli
Silvassa,2018-07-05,73.69,Dadra and Nagar Haveli
Silvassa,2018-07-06,73.83,Dadra and Nagar Haveli
Silvassa,2018-07-09,74.32,Dadra and Nagar Haveli
Silvassa,2018-07-10,74.48,Dadra and Nagar Haveli
Silvassa,2018-07-12,74.54,Dadra and Nagar Haveli
Silvassa,2018-07-13,74.7,Dadra and Nagar Haveli
Silvassa,2018-07-16,74.86,Dadra and Nagar Haveli
Silvassa,2018-07-20,74.7,Dadra and Nagar Haveli
Silvassa,2018-07-23,74.39,Dadra and Nagar Haveli
Silvassa,2018-07-24,74.33,Dadra and Nagar Haveli
Silvassa,2018-07-30,74.35,Dadra and Nagar Haveli
Silvassa,2018-07-31,74.4,Dadra and Nagar Haveli
Silvassa,2018-08-02,74.56,Dadra and Nagar Haveli
Silvassa,2018-08-03,74.63,Dadra and Nagar Haveli
Silvassa,2018-08-06,75.08,Dadra and Nagar Haveli
Silvassa,2018-08-07,75.17,Dadra and Nagar Haveli
Silvassa,2018-08-13,75.25,Dadra and Nagar Haveli
Silvassa,2018-08-16,75.29,Dadra and Nagar Haveli
Silvassa,2018-08-20,75.58,Dadra and Nagar Haveli
Silvassa,2018-08-21,75.67,Dadra and Nagar Haveli
Silvassa,2018-08-24,75.76,Dadra and Nagar Haveli
Silvassa,2018-08-25,70.32,Dadra and Nagar Haveli
Silvassa,2018-08-26,70.4,Dadra and Nagar Haveli
Silvassa,2018-08-27,75.99,Dadra and Nagar Haveli
Silvassa,2018-08-28,76.12,Dadra and Nagar Haveli
Silvassa,2018-08-29,76.25,Dadra and Nagar Haveli
Silvassa,2018-08-30,76.36,Dadra and Nagar Haveli
Silvassa,2018-08-31,76.58,Dadra and Nagar Haveli
Silvassa,2018-09-03,77.22,Dadra and Nagar Haveli
Silvassa,2018-09-04,77.37,Dadra and Nagar Haveli
Silvassa,2018-09-06,77.57,Dadra and Nagar Haveli
Silvassa,2018-09-07,78.03,Dadra and Nagar Haveli
Silvassa,2018-09-10,78.74,Dadra and Nagar Haveli
Silvassa,2018-09-11,78.87,Dadra and Nagar Haveli
Silvassa,2018-09-13,79.0,Dadra and Nagar Haveli
Silvassa,2018-09-14,79.27,Dadra and Nagar Haveli
Silvassa,2018-09-15,79.6,Dadra and Nagar Haveli
Silvassa,2018-09-16,79.87,Dadra and Nagar Haveli
Silvassa,2018-09-17,80.02,Dadra and Nagar Haveli
Silvassa,2018-09-18,80.11,Dadra and Nagar Haveli
Silvassa,2018-09-20,80.17,Dadra and Nagar Haveli
Silvassa,2018-09-21,80.27,Dadra and Nagar Haveli
Silvassa,2018-09-23,80.53,Dadra and Nagar Haveli
Silvassa,2018-09-24,80.64,Dadra and Nagar Haveli
Silvassa,2018-09-25,80.77,Dadra and Nagar Haveli
Silvassa,2018-09-27,80.91,Dadra and Nagar Haveli
Silvassa,2018-09-28,81.12,Dadra and Nagar Haveli
Silvassa,2018-09-30,81.38,Dadra and Nagar Haveli
Silvassa,2018-10-01,81.6,Dadra and Nagar Haveli
Silvassa,2018-10-02,81.7,Dadra and Nagar Haveli
Silvassa,2018-10-04,81.83,Dadra and Nagar Haveli
Silvassa,2018-10-05,79.43,Dadra and Nagar Haveli
Silvassa,2018-10-06,79.6,Dadra and Nagar Haveli
Silvassa,2018-10-07,79.74,Dadra and Nagar Haveli
Silvassa,2018-10-08,79.94,Dadra and Nagar Haveli
Silvassa,2018-10-09,80.16,Dadra and Nagar Haveli
Silvassa,2018-10-11,80.26,Dadra and Nagar Haveli
Silvassa,2018-10-12,80.37,Dadra and Nagar Haveli
Silvassa,2018-10-13,80.54,Dadra and Nagar Haveli
Silvassa,2018-10-14,80.6,Dadra and Nagar Haveli
Silvassa,2018-10-16,80.71,Dadra and Nagar Haveli
Silvassa,2018-10-18,80.51,Dadra and Nagar Haveli
Silvassa,2018-10-19,80.27,Dadra and Nagar Haveli
Silvassa,2018-10-20,79.9,Dadra and Nagar Haveli
Silvassa,2018-10-22,79.37,Dadra and Nagar Haveli
Silvassa,2018-10-23,79.27,Dadra and Nagar Haveli
Silvassa,2018-10-24,79.19,Dadra and Nagar Haveli
Silvassa,2018-10-25,79.04,Dadra and Nagar Haveli
Silvassa,2018-10-26,78.8,Dadra and Nagar Haveli
Silvassa,2018-10-29,77.75,Dadra and Nagar Haveli
Silvassa,2018-10-30,77.55,Dadra and Nagar Haveli
Silvassa,2018-11-01,77.38,Dadra and Nagar Haveli
Silvassa,2018-11-02,77.28,Dadra and Nagar Haveli
Silvassa,2018-11-05,76.71,Dadra and Nagar Haveli
Silvassa,2018-11-06,76.58,Dadra and Nagar Haveli
Silvassa,2018-11-12,75.75,Dadra and Nagar Haveli
Silvassa,2018-11-13,75.62,Dadra and Nagar Haveli
Silvassa,2018-11-15,75.48,Dadra and Nagar Haveli
Silvassa,2018-11-16,75.31,Dadra and Nagar Haveli
Silvassa,2018-11-19,74.75,Dadra and Nagar Haveli
Silvassa,2018-11-20,74.62,Dadra and Nagar Haveli
Silvassa,2018-11-22,74.22,Dadra and Nagar Haveli
Silvassa,2018-11-23,73.84,Dadra and Nagar Haveli
Silvassa,2018-11-26,72.8,Dadra and Nagar Haveli
Silvassa,2018-11-27,72.39,Dadra and Nagar Haveli
Silvassa,2018-11-28,71.91,Dadra and Nagar Haveli
Silvassa,2018-11-29,71.6,Dadra and Nagar Haveli
Silvassa,2018-11-30,71.24,Dadra and Nagar Haveli
Silvassa,2018-12-01,70.9,Dadra and Nagar Haveli
Silvassa,2018-12-02,70.6,Dadra and Nagar Haveli
Silvassa,2018-12-03,70.3,Dadra and Nagar Haveli
Silvassa,2018-12-04,70.1,Dadra and Nagar Haveli
Silvassa,2018-12-06,69.71,Dadra and Nagar Haveli
Silvassa,2018-12-07,69.33,Dadra and Nagar Haveli
Silvassa,2018-12-10,68.74,Dadra and Nagar Haveli
Silvassa,2018-12-11,68.59,Dadra and Nagar Haveli
Silvassa,2018-12-13,68.67,Dadra and Nagar Haveli
Silvassa,2018-12-17,68.9,Dadra and Nagar Haveli
Silvassa,2018-12-18,69.0,Dadra and Nagar Haveli
Silvassa,2018-12-21,68.84,Dadra and Nagar Haveli
Silvassa,2018-12-24,68.26,Dadra and Nagar Haveli
Silvassa,2018-12-25,68.19,Dadra and Nagar Haveli
Silvassa,2018-12-27,68.14,Dadra and Nagar Haveli
Silvassa,2018-12-28,67.96,Dadra and Nagar Haveli
Silvassa,2018-12-31,67.28,Dadra and Nagar Haveli
Silvassa,2019-01-02,67.18,Dadra and Nagar Haveli
Silvassa,2019-01-04,66.98,Dadra and Nagar Haveli
Silvassa,2019-01-07,67.04,Dadra and Nagar Haveli
Silvassa,2019-01-10,67.4,Dadra and Nagar Haveli
Silvassa,2019-01-11,67.59,Dadra and Nagar Haveli
Silvassa,2019-01-14,68.61,Dadra and Nagar Haveli
Silvassa,2019-01-16,68.8,Dadra and Nagar Haveli
Silvassa,2019-01-17,68.93,Dadra and Nagar Haveli
Silvassa,2019-01-18,69.01,Dadra and Nagar Haveli
Silvassa,2019-01-21,69.58,Dadra and Nagar Haveli
Silvassa,2019-01-22,69.7,Dadra and Nagar Haveli
Silvassa,2019-01-29,69.62,Dadra and Nagar Haveli
Silvassa,2019-01-31,69.53,Dadra and Nagar Haveli
Silvassa,2019-02-01,69.32,Dadra and Nagar Haveli
Silvassa,2019-02-05,68.84,Dadra and Nagar Haveli
Silvassa,2019-02-08,68.78,Dadra and Nagar Haveli
Silvassa,2019-02-11,68.73,Dadra and Nagar Haveli
Silvassa,2019-02-14,68.79,Dadra and Nagar Haveli
Silvassa,2019-02-15,68.86,Dadra and Nagar Haveli
Silvassa,2019-02-18,69.29,Dadra and Nagar Haveli
Silvassa,2019-02-19,69.38,Dadra and Nagar Haveli
Silvassa,2019-02-22,69.66,Dadra and Nagar Haveli
Silvassa,2019-02-25,69.93,Dadra and Nagar Haveli
Silvassa,2019-02-26,70.01,Dadra and Nagar Haveli
Silvassa,2019-02-28,70.08,Dadra and Nagar Haveli
Silvassa,2019-03-01,70.18,Dadra and Nagar Haveli
Silvassa,2019-03-04,70.53,Dadra and Nagar Haveli
Silvassa,2019-03-05,70.59,Dadra and Nagar Haveli
Silvassa,2019-03-11,70.81,Dadra and Nagar Haveli
Silvassa,2019-03-12,70.76,Dadra and Nagar Haveli
Silvassa,2019-03-14,70.82,Dadra and Nagar Haveli
Silvassa,2019-03-15,70.89,Dadra and Nagar Haveli
Silvassa,2019-03-18,71.11,Dadra and Nagar Haveli
Silvassa,2019-03-21,71.05,Dadra and Nagar Haveli
Silvassa,2019-03-22,71.09,Dadra and Nagar Haveli
Silvassa,2019-03-23,71.14,Dadra and Nagar Haveli
Silvassa,2019-03-24,71.19,Dadra and Nagar Haveli
Silvassa,2019-03-28,71.14,Dadra and Nagar Haveli
Silvassa,2019-04-01,71.21,Dadra and Nagar Haveli
Silvassa,2019-04-05,71.26,Dadra and Nagar Haveli
Silvassa,2019-04-08,71.21,Dadra and Nagar Haveli
Silvassa,2019-04-09,71.16,Dadra and Nagar Haveli
Silvassa,2019-04-12,71.21,Dadra and Nagar Haveli
Silvassa,2019-04-15,71.33,Dadra and Nagar Haveli
Silvassa,2019-04-16,71.28,Dadra and Nagar Haveli
Silvassa,2019-04-20,71.35,Dadra and Nagar Haveli
Silvassa,2019-04-22,71.3,Dadra and Nagar Haveli
Silvassa,2019-04-25,71.37,Dadra and Nagar Haveli
Silvassa,2019-04-27,71.43,Dadra and Nagar Haveli
Silvassa,2019-04-30,71.47,Dadra and Nagar Haveli
Silvassa,2019-05-02,71.37,Dadra and Nagar Haveli
Silvassa,2019-05-04,71.38,Dadra and Nagar Haveli
Silvassa,2019-05-05,71.32,Dadra and Nagar Haveli
Silvassa,2019-05-06,71.26,Dadra and Nagar Haveli
Silvassa,2019-05-09,71.1,Dadra and Nagar Haveli
Silvassa,2019-05-10,70.9,Dadra and Nagar Haveli
Silvassa,2019-05-11,70.44,Dadra and Nagar Haveli
Silvassa,2019-05-12,70.03,Dadra and Nagar Haveli
Silvassa,2019-05-13,69.75,Dadra and Nagar Haveli
Silvassa,2019-05-14,69.51,Dadra and Nagar Haveli
Silvassa,2019-05-17,69.43,Dadra and Nagar Haveli
Silvassa,2019-05-18,69.36,Dadra and Nagar Haveli
Silvassa,2019-05-20,69.45,Dadra and Nagar Haveli
Silvassa,2019-05-21,69.5,Dadra and Nagar Haveli
Silvassa,2019-05-23,69.57,Dadra and Nagar Haveli
Silvassa,2019-05-24,69.71,Dadra and Nagar Haveli
Silvassa,2019-05-25,69.84,Dadra and Nagar Haveli
Silvassa,2019-05-26,69.98,Dadra and Nagar Haveli
Silvassa,2019-05-27,70.07,Dadra and Nagar Haveli
Silvassa,2019-05-28,70.16,Dadra and Nagar Haveli
Silvassa,2019-05-30,70.1,Dadra and Nagar Haveli
Silvassa,2019-05-31,70.03,Dadra and Nagar Haveli
Silvassa,2019-06-01,69.94,Dadra and Nagar Haveli
Silvassa,2019-06-02,69.83,Dadra and Nagar Haveli
Silvassa,2019-06-03,69.64,Dadra and Nagar Haveli
Silvassa,2019-06-04,69.57,Dadra and Nagar Haveli
Silvassa,2019-06-06,69.42,Dadra and Nagar Haveli
Silvassa,2019-06-07,69.29,Dadra and Nagar Haveli
Silvassa,2019-06-10,68.8,Dadra and Nagar Haveli
Silvassa,2019-06-13,68.72,Dadra and Nagar Haveli
Silvassa,2019-06-14,68.56,Dadra and Nagar Haveli
Silvassa,2019-06-15,68.38,Dadra and Nagar Haveli
Silvassa,2019-06-16,68.32,Dadra and Nagar Haveli
Silvassa,2019-06-24,68.43,Dadra and Nagar Haveli
Silvassa,2019-06-27,68.5,Dadra and Nagar Haveli
Silvassa,2019-06-28,68.55,Dadra and Nagar Haveli
Silvassa,2019-06-29,68.66,Dadra and Nagar Haveli
Silvassa,2019-06-30,68.74,Dadra and Nagar Haveli
Silvassa,2019-07-01,68.83,Dadra and Nagar Haveli
Silvassa,2019-07-02,68.9,Dadra and Nagar Haveli
Silvassa,2019-07-06,71.25,Dadra and Nagar Haveli
Silvassa,2019-07-09,71.2,Dadra and Nagar Haveli
Silvassa,2019-07-13,71.29,Dadra and Nagar Haveli
Silvassa,2019-07-14,71.37,Dadra and Nagar Haveli
Silvassa,2019-07-15,71.5,Dadra and Nagar Haveli
Silvassa,2019-07-16,71.56,Dadra and Nagar Haveli
Silvassa,2019-07-18,71.63,Dadra and Nagar Haveli
Silvassa,2019-07-23,71.69,Dadra and Nagar Haveli
Silvassa,2019-07-25,71.63,Dadra and Nagar Haveli
Silvassa,2019-07-26,71.57,Dadra and Nagar Haveli
Silvassa,2019-07-27,71.53,Dadra and Nagar Haveli
Silvassa,2019-07-28,71.43,Dadra and Nagar Haveli
Silvassa,2019-07-29,71.29,Dadra and Nagar Haveli
Silvassa,2019-07-30,71.16,Dadra and Nagar Haveli
Silvassa,2019-08-01,71.1,Dadra and Nagar Haveli
Silvassa,2019-08-02,70.95,Dadra and Nagar Haveli
Silvassa,2019-08-03,70.88,Dadra and Nagar Haveli
Silvassa,2019-08-04,70.83,Dadra and Nagar Haveli
Silvassa,2019-08-05,70.69,Dadra and Nagar Haveli
Silvassa,2019-08-06,70.6,Dadra and Nagar Haveli
Silvassa,2019-08-08,70.55,Dadra and Nagar Haveli
Silvassa,2019-08-09,70.41,Dadra and Nagar Haveli
Silvassa,2019-08-11,70.32,Dadra and Nagar Haveli
Silvassa,2019-08-18,70.25,Dadra and Nagar Haveli
Silvassa,2019-08-19,70.18,Dadra and Nagar Haveli
Silvassa,2019-08-24,70.26,Dadra and Nagar Haveli
Silvassa,2019-08-25,70.32,Dadra and Nagar Haveli
Silvassa,2019-08-26,70.4,Dadra and Nagar Haveli
Silvassa,2019-08-27,70.4,Dadra and Nagar Haveli
Silvassa,2019-08-29,70.34,Dadra and Nagar Haveli
Silvassa,2019-09-05,70.32,Dadra and Nagar Haveli
Silvassa,2019-09-06,70.23,Dadra and Nagar Haveli
Silvassa,2019-09-07,70.14,Dadra and Nagar Haveli
Silvassa,2019-09-08,70.09,Dadra and Nagar Haveli
Silvassa,2019-09-10,70.13,Dadra and Nagar Haveli
Silvassa,2019-09-12,70.19,Dadra and Nagar Haveli
Silvassa,2019-09-13,70.26,Dadra and Nagar Haveli
Silvassa,2019-09-14,70.34,Dadra and Nagar Haveli
Silvassa,2019-09-15,70.39,Dadra and Nagar Haveli
Silvassa,2019-09-17,70.53,Dadra and Nagar Haveli
Silvassa,2019-09-18,70.77,Dadra and Nagar Haveli
Silvassa,2019-09-19,71.05,Dadra and Nagar Haveli
Silvassa,2019-09-20,71.38,Dadra and Nagar Haveli
Silvassa,2019-09-21,71.66,Dadra and Nagar Haveli
Silvassa,2019-09-22,71.92,Dadra and Nagar Haveli
Silvassa,2019-09-23,72.2,Dadra and Nagar Haveli
Silvassa,2019-09-24,72.41,Dadra and Nagar Haveli
Silvassa,2019-09-26,72.47,Dadra and Nagar Haveli
Silvassa,2019-09-27,72.61,Dadra and Nagar Haveli
Silvassa,2019-09-30,72.69,Dadra and Nagar Haveli
Silvassa,2019-10-01,72.9,Dadra and Nagar Haveli
Silvassa,2019-10-03,72.8,Dadra and Nagar Haveli
Silvassa,2019-10-04,72.63,Dadra and Nagar Haveli
Silvassa,2019-10-05,72.35,Dadra and Nagar Haveli
Silvassa,2019-10-07,72.08,Dadra and Nagar Haveli
Silvassa,2019-10-08,71.92,Dadra and Nagar Haveli
Silvassa,2019-10-10,71.87,Dadra and Nagar Haveli
Silvassa,2019-10-11,71.75,Dadra and Nagar Haveli
Silvassa,2019-10-12,71.66,Dadra and Nagar Haveli
Silvassa,2019-10-15,71.61,Dadra and Nagar Haveli
Silvassa,2019-10-22,71.56,Dadra and Nagar Haveli
Silvassa,2019-10-24,71.51,Dadra and Nagar Haveli
Silvassa,2019-10-25,71.41,Dadra and Nagar Haveli
Silvassa,2019-10-26,71.33,Dadra and Nagar Haveli
Silvassa,2019-10-29,71.27,Dadra and Nagar Haveli
Silvassa,2019-11-01,71.16,Dadra and Nagar Haveli
Silvassa,2019-11-02,71.08,Dadra and Nagar Haveli
Silvassa,2019-11-03,71.03,Dadra and Nagar Haveli
Silvassa,2019-11-04,70.96,Dadra and Nagar Haveli
Silvassa,2019-11-05,70.91,Dadra and Nagar Haveli
Silvassa,2019-11-08,71.0,Dadra and Nagar Haveli
Silvassa,2019-11-09,71.15,Dadra and Nagar Haveli
Silvassa,2019-11-10,71.34,Dadra and Nagar Haveli
Silvassa,2019-11-11,71.48,Dadra and Nagar Haveli
Silvassa,2019-11-13,71.58,Dadra and Nagar Haveli
Silvassa,2019-11-14,71.72,Dadra and Nagar Haveli
Silvassa,2019-11-15,71.9,Dadra and Nagar Haveli
Silvassa,2019-11-16,72.03,Dadra and Nagar Haveli
Silvassa,2019-11-17,72.15,Dadra and Nagar Haveli
Silvassa,2019-11-18,72.3,Dadra and Nagar Haveli
Silvassa,2019-11-19,72.45,Dadra and Nagar Haveli
Silvassa,2019-11-22,72.59,Dadra and Nagar Haveli
Silvassa,2019-11-23,72.68,Dadra and Nagar Haveli
Silvassa,2019-11-24,72.77,Dadra and Nagar Haveli
Silvassa,2019-11-25,72.89,Dadra and Nagar Haveli
Silvassa,2019-11-26,72.98,Dadra and Nagar Haveli
Silvassa,2019-11-29,73.03,Dadra and Nagar Haveli
Silvassa,2019-11-30,73.083,Dadra and Nagar Haveli
Silvassa,2019-12-01,73.2,Dadra and Nagar Haveli
Silvassa,2019-12-07,73.11,Dadra and Nagar Haveli
Silvassa,2019-12-08,73.2,Dadra and Nagar Haveli
Silvassa,2019-12-09,73.25,Dadra and Nagar Haveli
Silvassa,2019-12-12,73.2,Dadra and Nagar Haveli
Silvassa,2019-12-13,73.14,Dadra and Nagar Haveli
Silvassa,2019-12-14,73.1,Dadra and Nagar Haveli
Silvassa,2019-12-15,73.0,Dadra and Nagar Haveli
Silvassa,2019-12-16,72.95,Dadra and Nagar Haveli
Silvassa,2019-12-17,72.9,Dadra and Nagar Haveli
Silvassa,2019-12-26,72.94,Dadra and Nagar Haveli
Silvassa,2019-12-27,73.0,Dadra and Nagar Haveli
Silvassa,2019-12-29,73.14,Dadra and Nagar Haveli
Silvassa,2019-12-30,73.29,Dadra and Nagar Haveli
Silvassa,2019-12-31,73.39,Dadra and Nagar Haveli
Silvassa,2020-01-02,73.51,Dadra and Nagar Haveli
Silvassa,2020-01-03,73.61,Dadra and Nagar Haveli
Silvassa,2020-01-04,73.71,Dadra and Nagar Haveli
Silvassa,2020-01-05,73.79,Dadra and Nagar Haveli
Silvassa,2020-01-06,73.93,Dadra and Nagar Haveli
Silvassa,2020-01-07,74.08,Dadra and Nagar Haveli
Silvassa,2020-01-08,73.98,Dadra and Nagar Haveli
Silvassa,2020-01-09,74.05,Dadra and Nagar Haveli
Silvassa,2020-01-10,74.19,Dadra and Nagar Haveli
Silvassa,2020-01-11,74.24,Dadra and Nagar Haveli
Silvassa,2020-01-12,74.14,Dadra and Nagar Haveli
Silvassa,2020-01-13,74.04,Dadra and Nagar Haveli
Silvassa,2020-01-14,73.94,Dadra and Nagar Haveli
Silvassa,2020-01-16,73.8,Dadra and Nagar Haveli
Silvassa,2020-01-17,73.66,Dadra and Nagar Haveli
Silvassa,2020-01-18,73.52,Dadra and Nagar Haveli
Silvassa,2020-01-19,73.36,Dadra and Nagar Haveli
Silvassa,2020-01-20,73.25,Dadra and Nagar Haveli
Silvassa,2020-01-21,73.09,Dadra and Nagar Haveli
Silvassa,2020-01-22,73.09,Dadra and Nagar Haveli
Silvassa,2020-01-23,72.91,Dadra and Nagar Haveli
Silvassa,2020-01-24,72.69,Dadra and Nagar Haveli
Silvassa,2020-01-25,72.44,Dadra and Nagar Haveli
Silvassa,2020-01-26,72.14,Dadra and Nagar Haveli
Silvassa,2020-01-27,72.03,Dadra and Nagar Haveli
Silvassa,2020-01-28,71.92,Dadra and Nagar Haveli
Silvassa,2020-01-29,71.92,Dadra and Nagar Haveli
Silvassa,2020-01-30,71.68,Dadra and Nagar Haveli
Silvassa,2020-01-31,71.61,Dadra and Nagar Haveli
Silvassa,2020-02-01,71.47,Dadra and Nagar Haveli
Silvassa,2020-02-02,71.37,Dadra and Nagar Haveli
Silvassa,2020-02-03,71.33,Dadra and Nagar Haveli
Silvassa,2020-02-04,71.28,Dadra and Nagar Haveli
Silvassa,2020-02-05,71.28,Dadra and Nagar Haveli
Silvassa,2020-02-06,71.19,Dadra and Nagar Haveli
Silvassa,2020-02-07,70.98,Dadra and Nagar Haveli
Silvassa,2020-02-08,70.76,Dadra and Nagar Haveli
Silvassa,2020-02-09,70.55,Dadra and Nagar Haveli
Silvassa,2020-02-10,70.41,Dadra and Nagar Haveli
Silvassa,2020-02-11,70.25,Dadra and Nagar Haveli
Silvassa,2020-02-12,70.25,Dadra and Nagar Haveli
Silvassa,2020-02-13,70.25,Dadra and Nagar Haveli
Silvassa,2020-02-14,70.25,Dadra and Nagar Haveli
Silvassa,2020-02-15,70.25,Dadra and Nagar Haveli
Silvassa,2020-02-17,70.25,Dadra and Nagar Haveli
Silvassa,2020-02-18,70.2,Dadra and Nagar Haveli
Silvassa,2020-02-19,70.2,Dadra and Nagar Haveli
Silvassa,2020-02-20,70.2,Dadra and Nagar Haveli
Silvassa,2020-02-21,70.2,Dadra and Nagar Haveli
Silvassa,2020-02-24,70.32,Dadra and Nagar Haveli
Silvassa,2020-02-25,70.32,Dadra and Nagar Haveli
Silvassa,2020-02-26,70.32,Dadra and Nagar Haveli
Silvassa,2020-02-27,70.27,Dadra and Nagar Haveli
Silvassa,2020-02-28,70.27,Dadra and Nagar Haveli
Silvassa,2020-02-29,70.2,Dadra and Nagar Haveli
Silvassa,2020-03-01,70.07,Dadra and Nagar Haveli
Silvassa,2020-03-02,69.86,Dadra and Nagar Haveli
Silvassa,2020-03-03,69.81,Dadra and Nagar Haveli
Silvassa,2020-03-04,69.81,Dadra and Nagar Haveli
Silvassa,2020-03-05,69.66,Dadra and Nagar Haveli
Silvassa,2020-03-06,69.52,Dadra and Nagar Haveli
Silvassa,2020-03-07,69.4,Dadra and Nagar Haveli
Silvassa,2020-03-08,69.22,Dadra and Nagar Haveli
Silvassa,2020-03-09,68.99,Dadra and Nagar Haveli
Silvassa,2020-03-10,68.69,Dadra and Nagar Haveli
Silvassa,2020-03-11,68.69,Dadra and Nagar Haveli
Silvassa,2020-03-12,68.56,Dadra and Nagar Haveli
Silvassa,2020-03-13,68.42,Dadra and Nagar Haveli
Silvassa,2020-03-14,68.29,Dadra and Nagar Haveli
Silvassa,2020-03-15,68.18,Dadra and Nagar Haveli
Silvassa,2020-03-16,68.03,Dadra and Nagar Haveli
Silvassa,2020-03-17,68.03,Dadra and Nagar Haveli
Silvassa,2020-03-18,68.03,Dadra and Nagar Haveli
Silvassa,2020-03-19,68.03,Dadra and Nagar Haveli
Silvassa,2020-03-20,68.03,Dadra and Nagar Haveli
Silvassa,2020-03-21,68.03,Dadra and Nagar Haveli
Silvassa,2020-03-22,68.03,Dadra and Nagar Haveli
Silvassa,2020-03-23,68.03,Dadra and Nagar Haveli
Silvassa,2020-03-24,68.03,Dadra and Nagar Haveli
Silvassa,2020-03-25,68.03,Dadra and Nagar Haveli
Silvassa,2020-03-26,68.03,Dadra and Nagar Haveli
Silvassa,2020-03-27,68.03,Dadra and Nagar Haveli
Silvassa,2020-03-28,68.03,Dadra and Nagar Haveli
Silvassa,2020-03-29,68.03,Dadra and Nagar Haveli
Silvassa,2020-03-30,68.03,Dadra and Nagar Haveli
Silvassa,2020-03-31,68.03,Dadra and Nagar Haveli
Silvassa,2020-04-01,68.03,Dadra and Nagar Haveli
Silvassa,2020-04-02,68.03,Dadra and Nagar Haveli
Silvassa,2020-04-03,68.03,Dadra and Nagar Haveli
Silvassa,2020-04-04,68.03,Dadra and Nagar Haveli
Silvassa,2020-04-05,68.03,Dadra and Nagar Haveli
Silvassa,2020-04-06,68.03,Dadra and Nagar Haveli
Silvassa,2020-04-07,68.03,Dadra and Nagar Haveli
Silvassa,2020-04-08,68.03,Dadra and Nagar Haveli
Silvassa,2020-04-09,68.03,Dadra and Nagar Haveli
Silvassa,2020-04-10,68.03,Dadra and Nagar Haveli
Silvassa,2020-04-11,68.03,Dadra and Nagar Haveli
Silvassa,2020-04-12,68.03,Dadra and Nagar Haveli
Silvassa,2020-04-13,68.03,Dadra and Nagar Haveli
Silvassa,2020-04-14,68.03,Dadra and Nagar Haveli
Silvassa,2020-04-15,68.03,Dadra and Nagar Haveli
Silvassa,2020-04-16,68.03,Dadra and Nagar Haveli
Silvassa,2020-04-17,68.03,Dadra and Nagar Haveli
Silvassa,2020-04-18,68.03,Dadra and Nagar Haveli
Silvassa,2020-04-20,68.03,Dadra and Nagar Haveli
Silvassa,2020-04-21,68.03,Dadra and Nagar Haveli
Silvassa,2020-04-22,68.03,Dadra and Nagar Haveli
Silvassa,2020-04-23,68.03,Dadra and Nagar Haveli
Silvassa,2020-04-24,68.03,Dadra and Nagar Haveli
Silvassa,2020-04-25,68.03,Dadra and Nagar Haveli
Silvassa,2020-04-26,68.03,Dadra and Nagar Haveli
Silvassa,2020-04-27,68.03,Dadra and Nagar Haveli
Silvassa,2020-04-28,68.03,Dadra and Nagar Haveli
Silvassa,2020-04-29,68.03,Dadra and Nagar Haveli
Silvassa,2020-04-30,68.03,Dadra and Nagar Haveli
Silvassa,2020-05-01,68.03,Dadra and Nagar Haveli
Silvassa,2020-05-02,68.03,Dadra and Nagar Haveli
Silvassa,2020-05-03,68.03,Dadra and Nagar Haveli
Silvassa,2020-05-04,68.03,Dadra and Nagar Haveli
Silvassa,2020-05-05,68.03,Dadra and Nagar Haveli
Silvassa,2020-05-06,68.03,Dadra and Nagar Haveli
Silvassa,2020-05-07,68.03,Dadra and Nagar Haveli
Silvassa,2020-05-08,68.03,Dadra and Nagar Haveli
Silvassa,2020-05-09,68.03,Dadra and Nagar Haveli
Silvassa,2020-05-10,68.03,Dadra and Nagar Haveli
Silvassa,2020-05-11,68.03,Dadra and Nagar Haveli
Silvassa,2020-05-12,68.03,Dadra and Nagar Haveli
Silvassa,2020-05-13,68.03,Dadra and Nagar Haveli
Silvassa,2020-05-14,68.03,Dadra and Nagar Haveli
Silvassa,2020-05-15,68.03,Dadra and Nagar Haveli
Silvassa,2020-05-16,68.03,Dadra and Nagar Haveli
Silvassa,2020-05-17,68.03,Dadra and Nagar Haveli
Silvassa,2020-05-18,68.03,Dadra and Nagar Haveli
Silvassa,2020-05-19,68.03,Dadra and Nagar Haveli
Silvassa,2020-05-20,68.03,Dadra and Nagar Haveli
Silvassa,2020-05-21,68.03,Dadra and Nagar Haveli
Silvassa,2020-05-22,68.03,Dadra and Nagar Haveli
Silvassa,2020-05-23,68.03,Dadra and Nagar Haveli
Silvassa,2020-05-24,68.03,Dadra and Nagar Haveli
Silvassa,2020-05-25,68.03,Dadra and Nagar Haveli
Silvassa,2020-05-26,68.03,Dadra and Nagar Haveli
Silvassa,2020-05-27,68.03,Dadra and Nagar Haveli
Silvassa,2020-05-28,68.03,Dadra and Nagar Haveli
Silvassa,2020-05-29,68.03,Dadra and Nagar Haveli
Silvassa,2020-05-30,68.03,Dadra and Nagar Haveli
Silvassa,2020-05-31,68.03,Dadra and Nagar Haveli
Silvassa,2020-06-01,68.03,Dadra and Nagar Haveli
Silvassa,2020-06-02,68.03,Dadra and Nagar Haveli
Silvassa,2020-06-03,68.03,Dadra and Nagar Haveli
Silvassa,2020-06-04,68.03,Dadra and Nagar Haveli
Silvassa,2020-06-05,68.03,Dadra and Nagar Haveli
Silvassa,2020-06-06,68.03,Dadra and Nagar Haveli
Silvassa,2020-06-07,68.63,Dadra and Nagar Haveli
Silvassa,2020-06-08,69.23,Dadra and Nagar Haveli
Silvassa,2020-06-09,69.77,Dadra and Nagar Haveli
Silvassa,2020-06-10,70.17,Dadra and Nagar Haveli
Silvassa,2020-06-11,70.77,Dadra and Nagar Haveli
Silvassa,2020-06-12,71.37,Dadra and Nagar Haveli
Silvassa,2020-06-13,71.97,Dadra and Nagar Haveli
Silvassa,2020-06-14,72.57,Dadra and Nagar Haveli
Silvassa,2020-06-15,72.72,Dadra and Nagar Haveli
Silvassa,2020-06-16,73.16,Dadra and Nagar Haveli
Silvassa,2020-06-17,73.68,Dadra and Nagar Haveli
Silvassa,2020-06-18,74.17,Dadra and Nagar Haveli
Silvassa,2020-06-19,74.7,Dadra and Nagar Haveli
Silvassa,2020-06-20,75.18,Dadra and Nagar Haveli
Silvassa,2020-06-21,75.51,Dadra and Nagar Haveli
Silvassa,2020-06-22,75.82,Dadra and Nagar Haveli
Silvassa,2020-06-23,76.0,Dadra and Nagar Haveli
Silvassa,2020-06-24,76.0,Dadra and Nagar Haveli
Silvassa,2020-06-25,76.15,Dadra and Nagar Haveli
Silvassa,2020-06-26,76.35,Dadra and Nagar Haveli
Silvassa,2020-06-27,76.58,Dadra and Nagar Haveli
Silvassa,2020-06-28,76.58,Dadra and Nagar Haveli
Silvassa,2020-06-29,76.63,Dadra and Nagar Haveli
Silvassa,2020-06-30,76.63,Dadra and Nagar Haveli
Silvassa,2020-07-01,76.63,Dadra and Nagar Haveli
Silvassa,2020-07-02,76.63,Dadra and Nagar Haveli
Silvassa,2020-07-03,76.63,Dadra and Nagar Haveli
Silvassa,2020-07-04,76.63,Dadra and Nagar Haveli
Silvassa,2020-07-05,76.63,Dadra and Nagar Haveli
Silvassa,2020-07-06,76.63,Dadra and Nagar Haveli
Silvassa,2020-07-07,76.63,Dadra and Nagar Haveli
Silvassa,2020-07-08,76.63,Dadra and Nagar Haveli
Silvassa,2020-07-09,76.63,Dadra and Nagar Haveli
Silvassa,2020-07-10,76.63,Dadra and Nagar Haveli
Silvassa,2020-07-11,76.63,Dadra and Nagar Haveli
Silvassa,2020-07-12,76.63,Dadra and Nagar Haveli
Silvassa,2020-07-13,76.63,Dadra and Nagar Haveli
Silvassa,2020-07-15,76.63,Dadra and Nagar Haveli
Silvassa,2020-07-16,76.63,Dadra and Nagar Haveli
Silvassa,2020-07-17,76.63,Dadra and Nagar Haveli
Silvassa,2020-07-18,76.63,Dadra and Nagar Haveli
Silvassa,2020-07-19,76.63,Dadra and Nagar Haveli
Silvassa,2020-07-20,76.63,Dadra and Nagar Haveli
Silvassa,2020-07-21,76.63,Dadra and Nagar Haveli
Silvassa,2020-07-22,76.63,Dadra and Nagar Haveli
Silvassa,2020-07-23,76.63,Dadra and Nagar Haveli
Silvassa,2020-07-24,76.63,Dadra and Nagar Haveli
Silvassa,2020-07-25,76.63,Dadra and Nagar Haveli
Silvassa,2020-07-26,76.63,Dadra and Nagar Haveli
Silvassa,2020-07-27,76.63,Dadra and Nagar Haveli
Silvassa,2020-07-28,76.63,Dadra and Nagar Haveli
Silvassa,2020-07-29,76.63,Dadra and Nagar Haveli
Silvassa,2020-07-30,76.63,Dadra and Nagar Haveli
Silvassa,2020-07-31,76.63,Dadra and Nagar Haveli
Silvassa,2020-08-01,76.63,Dadra and Nagar Haveli
Silvassa,2020-08-02,76.63,Dadra and Nagar Haveli
Silvassa,2020-08-03,76.63,Dadra and Nagar Haveli
Silvassa,2020-08-04,76.63,Dadra and Nagar Haveli
Silvassa,2020-08-05,76.63,Dadra and Nagar Haveli
Silvassa,2020-08-06,76.63,Dadra and Nagar Haveli
Silvassa,2020-08-07,76.63,Dadra and Nagar Haveli
Silvassa,2020-08-08,76.63,Dadra and Nagar Haveli
Silvassa,2020-08-09,76.63,Dadra and Nagar Haveli
Silvassa,2020-08-10,76.63,Dadra and Nagar Haveli
Silvassa,2020-08-11,76.63,Dadra and Nagar Haveli
Silvassa,2020-08-12,76.63,Dadra and Nagar Haveli
Silvassa,2020-08-13,76.63,Dadra and Nagar Haveli
Silvassa,2020-08-14,76.63,Dadra and Nagar Haveli
Silvassa,2020-08-15,76.63,Dadra and Nagar Haveli
Silvassa,2020-08-16,77.02,Dadra and Nagar Haveli
Silvassa,2020-08-17,77.17,Dadra and Nagar Haveli
Silvassa,2020-08-18,77.32,Dadra and Nagar Haveli
Silvassa,2020-08-19,77.32,Dadra and Nagar Haveli
Silvassa,2020-08-20,77.41,Dadra and Nagar Haveli
Silvassa,2020-08-21,77.6,Dadra and Nagar Haveli
Silvassa,2020-08-22,77.75,Dadra and Nagar Haveli
Silvassa,2020-08-23,77.88,Dadra and Nagar Haveli
Silvassa,2020-08-24,78.0,Dadra and Nagar Haveli
Silvassa,2020-08-25,78.1,Dadra and Nagar Haveli
Silvassa,2020-08-26,78.1,Dadra and Nagar Haveli
Silvassa,2020-08-27,78.2,Dadra and Nagar Haveli
Silvassa,2020-08-28,78.29,Dadra and Nagar Haveli
Silvassa,2020-08-29,78.29,Dadra and Nagar Haveli
Silvassa,2020-08-30,78.38,Dadra and Nagar Haveli
Silvassa,2020-08-31,78.38,Dadra and Nagar Haveli
Silvassa,2020-09-01,78.43,Dadra and Nagar Haveli
Silvassa,2020-09-02,78.43,Dadra and Nagar Haveli
Silvassa,2020-09-03,78.43,Dadra and Nagar Haveli
Silvassa,2020-09-04,78.43,Dadra and Nagar Haveli
Silvassa,2020-09-05,78.43,Dadra and Nagar Haveli
Silvassa,2020-09-06,78.43,Dadra and Nagar Haveli
Silvassa,2020-09-07,78.43,Dadra and Nagar Haveli
Silvassa,2020-09-08,78.43,Dadra and Nagar Haveli
Silvassa,2020-09-09,78.43,Dadra and Nagar Haveli
Silvassa,2020-09-10,78.35,Dadra and Nagar Haveli
Silvassa,2020-09-11,78.35,Dadra and Nagar Haveli
Silvassa,2020-09-12,78.22,Dadra and Nagar Haveli
Silvassa,2020-09-13,78.22,Dadra and Nagar Haveli
Silvassa,2020-09-14,78.09,Dadra and Nagar Haveli
Silvassa,2020-09-15,77.93,Dadra and Nagar Haveli
Silvassa,2020-09-16,77.93,Dadra and Nagar Haveli
Silvassa,2020-09-17,77.79,Dadra and Nagar Haveli
Silvassa,2020-09-18,77.55,Dadra and Nagar Haveli
Silvassa,2020-09-19,77.55,Dadra and Nagar Haveli
Silvassa,2020-09-20,77.55,Dadra and Nagar Haveli
Silvassa,2020-09-21,77.55,Dadra and Nagar Haveli
Silvassa,2020-09-22,77.47,Dadra and Nagar Haveli
Silvassa,2020-09-23,77.47,Dadra and Nagar Haveli
Silvassa,2020-09-24,77.47,Dadra and Nagar Haveli
Silvassa,2020-09-25,77.47,Dadra and Nagar Haveli
Silvassa,2020-09-26,77.47,Dadra and Nagar Haveli
Silvassa,2020-09-27,77.47,Dadra and Nagar Haveli
Silvassa,2020-09-28,77.47,Dadra and Nagar Haveli
Silvassa,2020-09-29,77.47,Dadra and Nagar Haveli
Silvassa,2020-09-30,77.47,Dadra and Nagar Haveli
Silvassa,2020-10-01,77.47,Dadra and Nagar Haveli
Silvassa,2020-10-02,77.47,Dadra and Nagar Haveli
Silvassa,2020-10-03,77.47,Dadra and Nagar Haveli
Silvassa,2020-10-04,77.47,Dadra and Nagar Haveli
Silvassa,2020-10-05,77.47,Dadra and Nagar Haveli
Silvassa,2020-10-06,77.47,Dadra and Nagar Haveli
Silvassa,2020-10-07,77.47,Dadra and Nagar Haveli
Silvassa,2020-10-08,77.47,Dadra and Nagar Haveli
Silvassa,2020-10-09,77.47,Dadra and Nagar Haveli
Silvassa,2020-10-10,77.47,Dadra and Nagar Haveli
Silvassa,2020-10-11,77.47,Dadra and Nagar Haveli
Silvassa,2020-10-12,77.47,Dadra and Nagar Haveli
Silvassa,2020-10-13,77.47,Dadra and Nagar Haveli
Silvassa,2020-10-14,77.47,Dadra and Nagar Haveli
Silvassa,2020-10-15,77.47,Dadra and Nagar Haveli
Silvassa,2020-10-16,77.47,Dadra and Nagar Haveli
Silvassa,2020-10-17,77.47,Dadra and Nagar Haveli
Silvassa,2020-10-18,77.47,Dadra and Nagar Haveli
Silvassa,2020-10-19,77.47,Dadra and Nagar Haveli
Silvassa,2020-10-20,77.47,Dadra and Nagar Haveli
Silvassa,2020-10-21,77.47,Dadra and Nagar Haveli
Silvassa,2020-10-22,77.47,Dadra and Nagar Haveli
Silvassa,2020-10-23,77.47,Dadra and Nagar Haveli
Silvassa,2020-10-24,77.47,Dadra and Nagar Haveli
Silvassa,2020-10-25,77.47,Dadra and Nagar Haveli
Silvassa,2020-10-26,77.47,Dadra and Nagar Haveli
Silvassa,2020-10-27,77.47,Dadra and Nagar Haveli
Silvassa,2020-10-28,77.47,Dadra and Nagar Haveli
Silvassa,2020-10-29,77.47,Dadra and Nagar Haveli
Silvassa,2020-10-30,77.47,Dadra and Nagar Haveli
Silvassa,2020-10-31,77.47,Dadra and Nagar Haveli
Silvassa,2020-11-01,77.47,Dadra and Nagar Haveli
Silvassa,2020-11-02,77.47,Dadra and Nagar Haveli
Silvassa,2020-11-03,77.47,Dadra and Nagar Haveli
Silvassa,2020-11-04,77.47,Dadra and Nagar Haveli
Silvassa,2020-11-05,77.47,Dadra and Nagar Haveli
Silvassa,2020-11-06,77.47,Dadra and Nagar Haveli
Silvassa,2020-11-07,77.47,Dadra and Nagar Haveli
Silvassa,2020-11-08,77.47,Dadra and Nagar Haveli
Silvassa,2020-11-09,77.47,Dadra and Nagar Haveli
Silvassa,2020-11-10,77.47,Dadra and Nagar Haveli
Silvassa,2020-11-11,77.47,Dadra and Nagar Haveli
Silvassa,2020-11-12,77.47,Dadra and Nagar Haveli
Silvassa,2020-11-13,77.47,Dadra and Nagar Haveli
Silvassa,2020-11-14,77.47,Dadra and Nagar Haveli
Silvassa,2020-11-15,77.47,Dadra and Nagar Haveli
Silvassa,2020-11-16,77.47,Dadra and Nagar Haveli
Silvassa,2020-11-17,77.47,Dadra and Nagar Haveli
Silvassa,2020-11-18,77.47,Dadra and Nagar Haveli
Silvassa,2020-11-19,77.47,Dadra and Nagar Haveli
Silvassa,2020-11-20,77.71,Dadra and Nagar Haveli
Silvassa,2020-11-21,77.84,Dadra and Nagar Haveli
Silvassa,2020-11-22,77.88,Dadra and Nagar Haveli
Silvassa,2020-11-23,77.95,Dadra and Nagar Haveli
Silvassa,2020-11-24,78.01,Dadra and Nagar Haveli
Silvassa,2020-11-25,78.01,Dadra and Nagar Haveli
Silvassa,2020-11-26,78.11,Dadra and Nagar Haveli
Silvassa,2020-11-27,78.29,Dadra and Nagar Haveli
Silvassa,2020-11-28,78.51,Dadra and Nagar Haveli
Silvassa,2020-11-29,78.71,Dadra and Nagar Haveli
Silvassa,2020-11-30,78.71,Dadra and Nagar Haveli
Silvassa,2020-12-01,78.71,Dadra and Nagar Haveli
Silvassa,2020-12-02,78.85,Dadra and Nagar Haveli
Silvassa,2020-12-03,79.01,Dadra and Nagar Haveli
Silvassa,2020-12-04,79.2,Dadra and Nagar Haveli
Silvassa,2020-12-05,79.45,Dadra and Nagar Haveli
Silvassa,2020-12-06,79.71,Dadra and Nagar Haveli
Silvassa,2020-12-07,80.0,Dadra and Nagar Haveli
Silvassa,2020-12-08,80.0,Dadra and Nagar Haveli
Silvassa,2020-12-09,80.0,Dadra and Nagar Haveli
Silvassa,2020-12-10,80.0,Dadra and Nagar Haveli
Silvassa,2020-12-11,80.0,Dadra and Nagar Haveli
Silvassa,2020-12-12,80.0,Dadra and Nagar Haveli
Silvassa,2020-12-13,80.0,Dadra and Nagar Haveli
Silvassa,2020-12-14,80.0,Dadra and Nagar Haveli
Silvassa,2020-12-15,80.0,Dadra and Nagar Haveli
Silvassa,2020-12-16,80.0,Dadra and Nagar Haveli
Silvassa,2020-12-17,80.0,Dadra and Nagar Haveli
Silvassa,2020-12-18,80.0,Dadra and Nagar Haveli
Silvassa,2020-12-19,80.0,Dadra and Nagar Haveli
Silvassa,2020-12-20,80.0,Dadra and Nagar Haveli
Silvassa,2020-12-21,80.0,Dadra and Nagar Haveli
Silvassa,2020-12-22,80.0,Dadra and Nagar Haveli
Silvassa,2020-12-23,80.0,Dadra and Nagar Haveli
Silvassa,2020-12-24,80.0,Dadra and Nagar Haveli
Silvassa,2020-12-25,80.0,Dadra and Nagar Haveli
Silvassa,2020-12-26,80.0,Dadra and Nagar Haveli
Silvassa,2020-12-27,80.0,Dadra and Nagar Haveli
Silvassa,2020-12-28,80.0,Dadra and Nagar Haveli
Silvassa,2020-12-29,80.0,Dadra and Nagar Haveli
Silvassa,2020-12-30,80.0,Dadra and Nagar Haveli
Silvassa,2020-12-31,80.0,Dadra and Nagar Haveli
Silvassa,2021-01-01,80.0,Dadra and Nagar Haveli
Silvassa,2021-01-02,80.0,Dadra and Nagar Haveli
Silvassa,2021-01-03,80.0,Dadra and Nagar Haveli
Silvassa,2021-01-04,80.0,Dadra and Nagar Haveli
Silvassa,2021-01-05,80.0,Dadra and Nagar Haveli
Silvassa,2021-01-06,80.26,Dadra and Nagar Haveli
Silvassa,2021-01-07,80.49,Dadra and Nagar Haveli
Silvassa,2021-01-08,80.49,Dadra and Nagar Haveli
Silvassa,2021-01-09,80.49,Dadra and Nagar Haveli
Silvassa,2021-01-10,80.49,Dadra and Nagar Haveli
Silvassa,2021-01-11,80.49,Dadra and Nagar Haveli
Silvassa,2021-01-12,80.49,Dadra and Nagar Haveli
Silvassa,2021-01-13,80.73,Dadra and Nagar Haveli
Silvassa,2021-01-14,80.96,Dadra and Nagar Haveli
Silvassa,2021-01-15,80.96,Dadra and Nagar Haveli
Silvassa,2021-01-16,80.96,Dadra and Nagar Haveli
Silvassa,2021-01-17,80.96,Dadra and Nagar Haveli
Silvassa,2021-01-18,81.2,Dadra and Nagar Haveli
Silvassa,2021-01-19,81.43,Dadra and Nagar Haveli
Silvassa,2021-01-20,81.43,Dadra and Nagar Haveli
Silvassa,2021-01-21,81.43,Dadra and Nagar Haveli
Silvassa,2021-01-22,81.67,Dadra and Nagar Haveli
Silvassa,2021-01-23,81.9,Dadra and Nagar Haveli
Silvassa,2021-01-24,81.9,Dadra and Nagar Haveli
Silvassa,2021-01-25,81.9,Dadra and Nagar Haveli
Silvassa,2021-01-26,82.23,Dadra and Nagar Haveli
Silvassa,2021-01-27,82.47,Dadra and Nagar Haveli
Silvassa,2021-01-28,82.47,Dadra and Nagar Haveli
Silvassa,2021-01-29,82.47,Dadra and Nagar Haveli
Silvassa,2021-01-30,82.47,Dadra and Nagar Haveli
Silvassa,2021-01-31,82.47,Dadra and Nagar Haveli
Silvassa,2021-02-01,82.47,Dadra and Nagar Haveli
Silvassa,2021-02-02,82.47,Dadra and Nagar Haveli
Silvassa,2021-02-03,82.47,Dadra and Nagar Haveli
Silvassa,2021-02-04,82.7,Dadra and Nagar Haveli
Silvassa,2021-02-05,82.98,Dadra and Nagar Haveli
Silvassa,2021-02-06,82.98,Dadra and Nagar Haveli
Silvassa,2021-02-07,82.98,Dadra and Nagar Haveli
Silvassa,2021-02-08,82.98,Dadra and Nagar Haveli
Silvassa,2021-02-09,83.31,Dadra and Nagar Haveli
Silvassa,2021-02-10,83.59,Dadra and Nagar Haveli
Silvassa,2021-02-11,83.82,Dadra and Nagar Haveli
Silvassa,2021-02-12,84.1,Dadra and Nagar Haveli
Silvassa,2021-02-13,84.38,Dadra and Nagar Haveli
Silvassa,2021-02-14,84.65,Dadra and Nagar Haveli
Silvassa,2021-02-15,84.9,Dadra and Nagar Haveli
Silvassa,2021-02-16,85.18,Dadra and Nagar Haveli
Silvassa,2021-02-17,85.41,Dadra and Nagar Haveli
Silvassa,2021-02-18,85.73,Dadra and Nagar Haveli
Silvassa,2021-02-19,86.02,Dadra and Nagar Haveli
Silvassa,2021-02-20,86.39,Dadra and Nagar Haveli
Silvassa,2021-02-21,86.39,Dadra and Nagar Haveli
Silvassa,2021-02-22,86.39,Dadra and Nagar Haveli
Silvassa,2021-02-23,86.72,Dadra and Nagar Haveli
Silvassa,2021-02-24,86.72,Dadra and Nagar Haveli
Silvassa,2021-02-25,86.72,Dadra and Nagar Haveli
Silvassa,2021-02-26,86.72,Dadra and Nagar Haveli
Silvassa,2021-02-27,86.94,Dadra and Nagar Haveli
Silvassa,2021-02-28,86.94,Dadra and Nagar Haveli
Silvassa,2021-03-01,86.94,Dadra and Nagar Haveli
